33,"[18,0]","[39.6463537, -82.8141896]",/data/chumley/tmp/Photos_01JUN2018//North_Path/Images/33.6Feet/Sorte_10/DJI_0003.JPG,"[17,0]","[19,0]","[18,1]",[],"['Links/Photos_01JUN2018_67', [9, 0]]",[],"['Links/Photos_02Aug2018_33', '[18, 0]']",[],"[Latitude=39.6463524167, Longitude=-82.8141931389, BrightnessTotal=0.832973213135, exposureTime=0.002047, xResolution=4000, yResolution=3000, SaturationTotalRed=0.863290701961, SaturationTotalGreen=0.830227889216, SaturationTotalBlue=0.746981807516, time=0.52650462963, GreenIndex=13.0886506667, LAI=0.00109866666667, Utility=106.15838051939674]"
33,"[18,1]","[39.6463537, -82.8142937]",/data/chumley/tmp/Photos_01JUN2018//North_Path/Images/33.6Feet/Sorte_10/DJI_0004.JPG,"[17,1]","[19,1]","[18,2]","[18,0]","['Links/Photos_01JUN2018_67', [9, 0]]",[],"['Links/Photos_02Aug2018_33', '[18, 1]']",[],"[Latitude=39.6463552778, Longitude=-82.8142963333, BrightnessTotal=0.867286381124, exposureTime=0.002584, xResolution=4000, yResolution=3000, SaturationTotalRed=0.889531895752, SaturationTotalGreen=0.867163191176, SaturationTotalBlue=0.784759885948, time=0.526585648148, GreenIndex=15.6450346667, LAI=0.000277333333333, Utility=126.85948395022905]"
33,"[18,2]","[39.6463537, -82.8143979]",/data/chumley/tmp/Photos_01JUN2018//North_Path/Images/33.6Feet/Sorte_10/DJI_0005.JPG,"[17,2]","[19,2]","[18,3]","[18,1]","['Links/Photos_01JUN2018_67', [9, 1]]",[],"['Links/Photos_02Aug2018_33', '[18, 2]']",[],"[Latitude=39.6463545833, Longitude=-82.8144011944, BrightnessTotal=0.87507937629, exposureTime=0.002713, xResolution=4000, yResolution=3000, SaturationTotalRed=0.895663483987, SaturationTotalGreen=0.875402878105, SaturationTotalBlue=0.794247663399, time=0.526678240741, GreenIndex=15.8520053333, LAI=0.000181333333333, Utility=128.53572729262785]"
33,"[18,3]","[39.6463537, -82.8145021]",/data/chumley/tmp/Photos_01JUN2018//North_Path/Images/33.6Feet/Sorte_10/DJI_0006.JPG,"[17,3]","[19,3]","[18,4]","[18,2]","['Links/Photos_01JUN2018_67', [9, 1]]",[],"['Links/Photos_02Aug2018_33', '[18, 3]']",[],"[Latitude=39.6463539444, Longitude=-82.8145051111, BrightnessTotal=0.853830223397, exposureTime=0.002245, xResolution=4000, yResolution=3000, SaturationTotalRed=0.882245116667, SaturationTotalGreen=0.851908345425, SaturationTotalBlue=0.766489295098, time=0.526759259259, GreenIndex=14.385552, LAI=0.000277333333333, Utility=116.66055828536194]"
33,"[18,4]","[39.6463537, -82.8146062]",/data/chumley/tmp/Photos_01JUN2018//North_Path/Images/33.6Feet/Sorte_10/DJI_0007.JPG,"[17,4]","[19,4]","[18,5]","[18,3]","['Links/Photos_01JUN2018_67', [9, 2]]",[],"['Links/Photos_02Aug2018_33', '[18, 4]']",[],"[Latitude=39.6463546667, Longitude=-82.8146056111, BrightnessTotal=0.866472026126, exposureTime=0.002529, xResolution=4000, yResolution=3000, SaturationTotalRed=0.889747013399, SaturationTotalGreen=0.866175493791, SaturationTotalBlue=0.781745148693, time=0.526851851852, GreenIndex=15.8552746667, LAI=0.000122666666667, Utility=128.56173857001798]"
33,"[18,5]","[39.6463537, -82.8147104]",/data/chumley/tmp/Photos_01JUN2018//North_Path/Images/33.6Feet/Sorte_10/DJI_0008.JPG,"[17,5]","[19,5]","[18,6]","[18,4]","['Links/Photos_01JUN2018_67', [9, 2]]",[],"['Links/Photos_02Aug2018_33', '[18, 5]']",[],"[Latitude=39.6463540833, Longitude=-82.8147106667, BrightnessTotal=0.866048548798, exposureTime=0.002655, xResolution=4000, yResolution=3000, SaturationTotalRed=0.887241054902, SaturationTotalGreen=0.866587619281, SaturationTotalBlue=0.780295780065, time=0.52693287037, GreenIndex=17.0975733333, LAI=0.000261333333333, Utility=138.62078498779954]"
33,"[18,6]","[39.6463537, -82.8148146]",/data/chumley/tmp/Photos_01JUN2018//North_Path/Images/33.6Feet/Sorte_10/DJI_0009.JPG,"[17,6]","[19,6]","[18,7]","[18,5]","['Links/Photos_01JUN2018_67', [9, 3]]",[],"['Links/Photos_02Aug2018_33', '[18, 6]']",[],"[Latitude=39.6463510833, Longitude=-82.8148137222, BrightnessTotal=0.848238990954, exposureTime=0.002138, xResolution=4000, yResolution=3000, SaturationTotalRed=0.878299414052, SaturationTotalGreen=0.846011593791, SaturationTotalBlue=0.757572536928, time=0.527025462963, GreenIndex=14.660464, LAI=0.000357333333333, Utility=118.88623555674793]"
33,"[18,7]","[39.6463537, -82.8149187]",/data/chumley/tmp/Photos_01JUN2018//North_Path/Images/33.6Feet/Sorte_10/DJI_0010.JPG,"[17,7]","[19,7]","[18,8]","[18,6]","['Links/Photos_01JUN2018_67', [9, 3]]",[],"['Links/Photos_02Aug2018_33', '[18, 7]']",[],"[Latitude=39.6463538056, Longitude=-82.8149208611, BrightnessTotal=0.883317258194, exposureTime=0.0025, xResolution=4000, yResolution=3000, SaturationTotalRed=0.909775777451, SaturationTotalGreen=0.881548449673, SaturationTotalBlue=0.802389772876, time=0.527106481481, GreenIndex=13.31616, LAI=2.66666666667e-05, Utility=108.00292741817782]"
33,"[18,8]","[39.6463537, -82.8150229]",/data/chumley/tmp/Photos_01JUN2018//North_Path/Images/33.6Feet/Sorte_10/DJI_0011.JPG,"[17,8]","[19,8]","[18,9]","[18,7]","['Links/Photos_01JUN2018_67', [9, 4]]",[],"['Links/Photos_02Aug2018_33', '[18, 8]']",[],"[Latitude=39.6463526944, Longitude=-82.8150250278, BrightnessTotal=0.875228973044, exposureTime=0.002422, xResolution=4000, yResolution=3000, SaturationTotalRed=0.903234544771, SaturationTotalGreen=0.873203288562, SaturationTotalBlue=0.790882381046, time=0.527199074074, GreenIndex=13.6523733333, LAI=3.2e-05, Utility=110.72487740042128]"
33,"[18,9]","[39.6463537, -82.8151271]",/data/chumley/tmp/Photos_01JUN2018//North_Path/Images/33.6Feet/Sorte_10/DJI_0012.JPG,"[17,9]","[19,9]","[18,10]","[18,8]","['Links/Photos_01JUN2018_67', [9, 4]]",[],"['Links/Photos_02Aug2018_33', '[18, 9]']",[],"[Latitude=39.6463538056, Longitude=-82.8151308056, BrightnessTotal=0.867502049567, exposureTime=0.002383, xResolution=4000, yResolution=3000, SaturationTotalRed=0.895522680065, SaturationTotalGreen=0.865517128758, SaturationTotalBlue=0.78258043366, time=0.527280092593, GreenIndex=13.8221866667, LAI=3.2e-05, Utility=112.09949142703904]"
33,"[18,10]","[39.6463537, -82.8152313]",/data/chumley/tmp/Photos_01JUN2018//North_Path/Images/33.6Feet/Sorte_10/DJI_0013.JPG,"[17,10]","[19,10]","[18,11]","[18,9]","['Links/Photos_01JUN2018_67', [9, 5]]",[],"['Links/Photos_02Aug2018_33', '[18, 10]']",[],"[Latitude=39.6463551667, Longitude=-82.8152343056, BrightnessTotal=0.870704541495, exposureTime=0.002475, xResolution=4000, yResolution=3000, SaturationTotalRed=0.897001977778, SaturationTotalGreen=0.869016233007, SaturationTotalBlue=0.789443476144, time=0.527372685185, GreenIndex=13.4740373333, LAI=6.93333333333e-05, Utility=109.28062716524464]"
33,"[18,11]","[39.6463537, -82.8153354]",/data/chumley/tmp/Photos_01JUN2018//North_Path/Images/33.6Feet/Sorte_10/DJI_0014.JPG,"[17,11]","[19,11]","[18,12]","[18,10]","['Links/Photos_01JUN2018_67', [9, 5]]",[],"['Links/Photos_02Aug2018_33', '[18, 11]']",[],"[Latitude=39.64635425, Longitude=-82.815336, BrightnessTotal=0.867107444085, exposureTime=0.002461, xResolution=4000, yResolution=3000, SaturationTotalRed=0.893021820261, SaturationTotalGreen=0.865943768954, SaturationTotalBlue=0.78148066732, time=0.527453703704, GreenIndex=14.943376, LAI=9.6e-05, Utility=121.17788416611101]"
33,"[18,12]","[39.6463537, -82.8154396]",/data/chumley/tmp/Photos_01JUN2018//North_Path/Images/33.6Feet/Sorte_10/DJI_0015.JPG,"[17,12]","[19,12]","[18,13]","[18,11]","['Links/Photos_01JUN2018_67', [9, 6]]",[],"['Links/Photos_02Aug2018_33', '[18, 12]']",[],"[Latitude=39.6463526944, Longitude=-82.8154413056, BrightnessTotal=0.862645548217, exposureTime=0.00237, xResolution=4000, yResolution=3000, SaturationTotalRed=0.889260089216, SaturationTotalGreen=0.861655009477, SaturationTotalBlue=0.7721819, time=0.527546296296, GreenIndex=16.0879733333, LAI=0.000192, Utility=130.44561490702367]"
33,"[18,13]","[39.6463537, -82.8155438]",/data/chumley/tmp/Photos_01JUN2018//North_Path/Images/33.6Feet/Sorte_10/DJI_0016.JPG,"[17,13]","[19,13]","[18,14]","[18,12]","['Links/Photos_01JUN2018_67', [9, 6]]",[],"['Links/Photos_02Aug2018_33', '[18, 13]']",[],"[Latitude=39.6463563611, Longitude=-82.8155426111, BrightnessTotal=0.862414962572, exposureTime=0.002307, xResolution=4000, yResolution=3000, SaturationTotalRed=0.890165782026, SaturationTotalGreen=0.860989027451, SaturationTotalBlue=0.772244523203, time=0.527627314815, GreenIndex=15.54512, LAI=0.00024, Utility=126.05002508440563]"
33,"[18,14]","[39.6463537, -82.8156479]",/data/chumley/tmp/Photos_01JUN2018//North_Path/Images/33.6Feet/Sorte_10/DJI_0017.JPG,"[17,14]","[19,14]","[18,15]","[18,13]","['Links/Photos_01JUN2018_67', [9, 7]]",[],"['Links/Photos_02Aug2018_33', '[18, 14]']",[],"[Latitude=39.6463549167, Longitude=-82.8156503611, BrightnessTotal=0.877590384001, exposureTime=0.002488, xResolution=4000, yResolution=3000, SaturationTotalRed=0.902351579085, SaturationTotalGreen=0.876843845425, SaturationTotalBlue=0.792005459477, time=0.527708333333, GreenIndex=15.4386293333, LAI=9.06666666667e-05, Utility=125.18849504995407]"
33,"[18,15]","[39.6463537, -82.8157521]",/data/chumley/tmp/Photos_01JUN2018//North_Path/Images/33.6Feet/Sorte_10/DJI_0018.JPG,"[17,15]","[19,15]","[18,16]","[18,14]","['Links/Photos_01JUN2018_67', [9, 7]]",[],"['Links/Photos_02Aug2018_33', '[18, 15]']",[],"[Latitude=39.6463535278, Longitude=-82.8157559444, BrightnessTotal=0.871048508015, exposureTime=0.002357, xResolution=4000, yResolution=3000, SaturationTotalRed=0.896929267647, SaturationTotalGreen=0.870101598039, SaturationTotalBlue=0.783142726144, time=0.527800925926, GreenIndex=15.6375946667, LAI=8.53333333333e-05, Utility=126.79920621293404]"
33,"[18,16]","[39.6463537, -82.8158563]",/data/chumley/tmp/Photos_01JUN2018//North_Path/Images/33.6Feet/Sorte_10/DJI_0019.JPG,"[17,16]","[19,16]","[18,17]","[18,15]","['Links/Photos_01JUN2018_67', [9, 8]]",[],"['Links/Photos_02Aug2018_33', '[18, 16]']",[],"[Latitude=39.6463546944, Longitude=-82.8158585, BrightnessTotal=0.873328618498, exposureTime=0.002396, xResolution=4000, yResolution=3000, SaturationTotalRed=0.898472318627, SaturationTotalGreen=0.87263047451, SaturationTotalBlue=0.785620919608, time=0.527881944444, GreenIndex=15.9391093333, LAI=8.53333333333e-05, Utility=129.24071582169518]"
33,"[18,17]","[39.6463537, -82.8159604]",/data/chumley/tmp/Photos_01JUN2018//North_Path/Images/33.6Feet/Sorte_10/DJI_0020.JPG,"[17,17]","[19,17]","[18,18]","[18,16]","['Links/Photos_01JUN2018_67', [9, 8]]",[],"['Links/Photos_02Aug2018_33', '[18, 17]']",[],"[Latitude=39.6463547222, Longitude=-82.8159631389, BrightnessTotal=0.869417171099, exposureTime=0.002357, xResolution=4000, yResolution=3000, SaturationTotalRed=0.894947993137, SaturationTotalGreen=0.868625679412, SaturationTotalBlue=0.78116450098, time=0.527974537037, GreenIndex=15.907936, LAI=0.000181333333333, Utility=128.98809310887518]"
33,"[18,18]","[39.6463537, -82.8160646]",/data/chumley/tmp/Photos_01JUN2018//North_Path/Images/33.6Feet/Sorte_10/DJI_0021.JPG,"[17,18]","[19,18]","[18,19]","[18,17]","['Links/Photos_01JUN2018_67', [9, 9]]",[],"['Links/Photos_02Aug2018_33', '[18, 18]']",[],"[Latitude=39.6463558889, Longitude=-82.81606425, BrightnessTotal=0.872741493219, exposureTime=0.002488, xResolution=4000, yResolution=3000, SaturationTotalRed=0.896089964706, SaturationTotalGreen=0.872746704902, SaturationTotalBlue=0.78435639085, time=0.52806712963, GreenIndex=16.9131146667, LAI=0.000208, Utility=137.1273258432997]"
33,"[18,19]","[39.6463537, -82.8161688]",/data/chumley/tmp/Photos_01JUN2018//North_Path/Images/33.6Feet/Sorte_10/DJI_0022.JPG,"[17,19]","[19,19]","[18,20]","[18,18]","['Links/Photos_01JUN2018_67', [9, 9]]",[],"['Links/Photos_02Aug2018_33', '[18, 19]']",[],"[Latitude=39.6463555278, Longitude=-82.8161723889, BrightnessTotal=0.860063534067, exposureTime=0.002269, xResolution=4000, yResolution=3000, SaturationTotalRed=0.887377685948, SaturationTotalGreen=0.859072996732, SaturationTotalBlue=0.766715816993, time=0.528148148148, GreenIndex=16.6620373333, LAI=0.0004, Utility=135.09366580922196]"
33,"[18,20]","[39.6463537, -82.8162729]",/data/chumley/tmp/Photos_01JUN2018//North_Path/Images/33.6Feet/Sorte_10/DJI_0023.JPG,"[17,20]","[19,20]","[18,21]","[18,19]","['Links/Photos_01JUN2018_67', [9, 10]]",[],"['Links/Photos_02Aug2018_33', '[18, 20]']",[],"[Latitude=39.6463533056, Longitude=-82.8162753056, BrightnessTotal=0.872408930783, exposureTime=0.002409, xResolution=4000, yResolution=3000, SaturationTotalRed=0.897836940523, SaturationTotalGreen=0.871934414379, SaturationTotalBlue=0.781008403922, time=0.528240740741, GreenIndex=16.9043146667, LAI=0.00016, Utility=137.05601504806762]"
33,"[18,21]","[39.6463537, -82.8163771]",/data/chumley/tmp/Photos_01JUN2018//North_Path/Images/33.6Feet/Sorte_10/DJI_0024.JPG,"[17,21]","[19,21]","[18,22]","[18,20]","['Links/Photos_01JUN2018_67', [9, 10]]",[],"['Links/Photos_02Aug2018_33', '[18, 21]']",[],"[Latitude=39.6463535, Longitude=-82.8163809444, BrightnessTotal=0.857371967127, exposureTime=0.002221, xResolution=4000, yResolution=3000, SaturationTotalRed=0.885676573856, SaturationTotalGreen=0.856226497712, SaturationTotalBlue=0.761695015359, time=0.528321759259, GreenIndex=16.9114666667, LAI=0.000309333333333, Utility=137.1131655506326]"
33,"[18,22]","[39.6463537, -82.8164813]",/data/chumley/tmp/Photos_01JUN2018//North_Path/Images/33.6Feet/Sorte_10/DJI_0025.JPG,"[17,22]","[19,22]","[18,23]","[18,21]","['Links/Photos_01JUN2018_67', [9, 11]]",[],"['Links/Photos_02Aug2018_33', '[18, 22]']",[],"[Latitude=39.6463544444, Longitude=-82.8164854722, BrightnessTotal=0.884099224908, exposureTime=0.0025, xResolution=4000, yResolution=3000, SaturationTotalRed=0.907605973203, SaturationTotalGreen=0.88384646732, SaturationTotalBlue=0.798062755556, time=0.528414351852, GreenIndex=16.118144, LAI=1.6e-05, Utility=130.69083016869442]"
33,"[18,23]","[39.6463537, -82.8165855]",/data/chumley/tmp/Photos_01JUN2018//North_Path/Images/33.6Feet/Sorte_10/DJI_0026.JPG,"[17,23]","[19,23]","[18,24]","[18,22]","['Links/Photos_01JUN2018_67', [9, 11]]",[],"['Links/Photos_02Aug2018_33', '[18, 23]']",[],"[Latitude=39.6463534722, Longitude=-82.8165866944, BrightnessTotal=0.874362747681, exposureTime=0.002332, xResolution=4000, yResolution=3000, SaturationTotalRed=0.90050693268, SaturationTotalGreen=0.873333715359, SaturationTotalBlue=0.786339306536, time=0.528506944444, GreenIndex=15.5756853333, LAI=5.86666666667e-05, Utility=126.29796325998976]"
33,"[18,24]","[39.6463537, -82.8166896]",/data/chumley/tmp/Photos_01JUN2018//North_Path/Images/33.6Feet/Sorte_10/DJI_0027.JPG,"[17,24]","[19,24]","[18,25]","[18,23]","['Links/Photos_01JUN2018_67', [9, 12]]",[],"['Links/Photos_02Aug2018_33', '[18, 24]']",[],"[Latitude=39.6463535, Longitude=-82.8166931111, BrightnessTotal=0.858914771526, exposureTime=0.002059, xResolution=4000, yResolution=3000, SaturationTotalRed=0.889502570588, SaturationTotalGreen=0.856462517647, SaturationTotalBlue=0.768726351961, time=0.528587962963, GreenIndex=14.2786346667, LAI=6.93333333333e-05, Utility=115.79477200968027]"
33,"[18,25]","[39.6463537, -82.8167938]",/data/chumley/tmp/Photos_01JUN2018//North_Path/Images/33.6Feet/Sorte_10/DJI_0028.JPG,"[17,25]","[19,25]","[18,26]","[18,24]","['Links/Photos_01JUN2018_67', [9, 12]]",[],"['Links/Photos_02Aug2018_33', '[18, 25]']",[],"[Latitude=39.6463530833, Longitude=-82.8167981111, BrightnessTotal=0.890765802963, exposureTime=0.002435, xResolution=4000, yResolution=3000, SaturationTotalRed=0.916222422549, SaturationTotalGreen=0.888807610458, SaturationTotalBlue=0.81599396634, time=0.528680555556, GreenIndex=11.8994026667, LAI=5.33333333333e-06, Utility=96.53135527932888]"
33,"[18,26]","[39.6463537, -82.816898]",/data/chumley/tmp/Photos_01JUN2018//North_Path/Images/33.6Feet/Sorte_10/DJI_0029.JPG,"[17,26]","[19,26]","[18,27]","[18,25]","['Links/Photos_01JUN2018_67', [9, 13]]",[],"['Links/Photos_02Aug2018_33', '[18, 26]']",[],"[Latitude=39.646355, Longitude=-82.8168989722, BrightnessTotal=0.868499524813, exposureTime=0.002059, xResolution=4000, yResolution=3000, SaturationTotalRed=0.898736551634, SaturationTotalGreen=0.864983080392, SaturationTotalBlue=0.791739287908, time=0.528761574074, GreenIndex=10.3229973333, LAI=8e-05, Utility=83.76585473127848]"
33,"[18,27]","[39.6463537, -82.8170021]",/data/chumley/tmp/Photos_01JUN2018//North_Path/Images/33.6Feet/Sorte_10/DJI_0030.JPG,"[17,27]","[19,27]","[18,28]","[18,26]","['Links/Photos_01JUN2018_67', [9, 13]]",[],"['Links/Photos_02Aug2018_33', '[18, 27]']",[],"[Latitude=39.6463547778, Longitude=-82.8170033333, BrightnessTotal=0.879728280723, exposureTime=0.002282, xResolution=4000, yResolution=3000, SaturationTotalRed=0.905151229739, SaturationTotalGreen=0.877701561438, SaturationTotalBlue=0.805788507516, time=0.528854166667, GreenIndex=11.6121173333, LAI=3.73333333333e-05, Utility=94.20459980653862]"
33,"[18,28]","[39.6463537, -82.8171063]",/data/chumley/tmp/Photos_01JUN2018//North_Path/Images/33.6Feet/Sorte_10/DJI_0031.JPG,"[17,28]","[19,28]","[18,29]","[18,27]","['Links/Photos_01JUN2018_67', [9, 14]]",[],"['Links/Photos_02Aug2018_33', '[18, 28]']",[],"[Latitude=39.6463564444, Longitude=-82.8171034722, BrightnessTotal=0.900398830786, exposureTime=0.002557, xResolution=4000, yResolution=3000, SaturationTotalRed=0.921833512092, SaturationTotalGreen=0.899222052941, SaturationTotalBlue=0.83295173268, time=0.528935185185, GreenIndex=11.386112, LAI=1.6e-05, Utility=92.37561538531475]"
33,"[18,29]","[39.6463537, -82.8172105]",/data/chumley/tmp/Photos_01JUN2018//North_Path/Images/33.6Feet/Sorte_10/DJI_0032.JPG,"[17,29]","[19,29]","[18,30]","[18,28]","['Links/Photos_01JUN2018_67', [9, 14]]",[],"['Links/Photos_02Aug2018_33', '[18, 29]']",[],"[Latitude=39.6463546111, Longitude=-82.8172113611, BrightnessTotal=0.905265772943, exposureTime=0.0025, xResolution=4000, yResolution=3000, SaturationTotalRed=0.927899853922, SaturationTotalGreen=0.903462849346, SaturationTotalBlue=0.839994661765, time=0.529027777778, GreenIndex=10.1674933333, LAI=2.13333333333e-05, Utility=82.50850147715224]"
33,"[18,30]","[39.6463537, -82.8173146]",/data/chumley/tmp/Photos_01JUN2018//North_Path/Images/33.6Feet/Sorte_10/DJI_0033.JPG,"[17,30]","[19,30]","[18,31]","[18,29]","['Links/Photos_01JUN2018_67', [9, 15]]",[],"['Links/Photos_02Aug2018_33', '[18, 30]']",[],"[Latitude=39.6463527778, Longitude=-82.8173134722, BrightnessTotal=0.906212231439, exposureTime=0.002529, xResolution=4000, yResolution=3000, SaturationTotalRed=0.928407048366, SaturationTotalGreen=0.904275534314, SaturationTotalBlue=0.844119905229, time=0.529108796296, GreenIndex=9.400848, LAI=0.0, Utility=76.3009009170551]"
33,"[18,31]","[39.6463537, -82.8174188]",/data/chumley/tmp/Photos_01JUN2018//North_Path/Images/33.6Feet/Sorte_10/DJI_0034.JPG,"[17,31]","[19,31]","[18,32]","[18,30]","['Links/Photos_01JUN2018_67', [9, 15]]",[],"['Links/Photos_02Aug2018_33', '[18, 31]']",[],"[Latitude=39.6463525, Longitude=-82.8174185278, BrightnessTotal=0.860960300603, exposureTime=0.002036, xResolution=4000, yResolution=3000, SaturationTotalRed=0.890229706536, SaturationTotalGreen=0.857896348039, SaturationTotalBlue=0.783014175163, time=0.529201388889, GreenIndex=11.116544, LAI=0.000117333333333, Utility=90.19088253727746]"
33,"[18,32]","[39.6463537, -82.817523]",/data/chumley/tmp/Photos_01JUN2018//North_Path/Images/33.6Feet/Sorte_10/DJI_0035.JPG,"[17,32]","[19,32]","[18,33]","[18,31]","['Links/Photos_01JUN2018_67', [9, 16]]",[],"['Links/Photos_02Aug2018_33', '[18, 32]']",[],"[Latitude=39.6463526667, Longitude=-82.8175234167, BrightnessTotal=0.891228221958, exposureTime=0.002728, xResolution=4000, yResolution=3000, SaturationTotalRed=0.914654037908, SaturationTotalGreen=0.890196745098, SaturationTotalBlue=0.814265729739, time=0.529282407407, GreenIndex=13.3600373333, LAI=3.73333333333e-05, Utility=108.35825495004435]"
33,"[18,33]","[39.6463537, -82.8176271]",/data/chumley/tmp/Photos_01JUN2018//North_Path/Images/33.6Feet/Sorte_10/DJI_0036.JPG,"[17,33]","[19,33]","[18,34]","[18,32]","['Links/Photos_01JUN2018_67', [9, 16]]",[],"['Links/Photos_02Aug2018_33', '[18, 33]']",[],"[Latitude=39.6463533056, Longitude=-82.817629, BrightnessTotal=0.874002794042, exposureTime=0.002655, xResolution=4000, yResolution=3000, SaturationTotalRed=0.900738863399, SaturationTotalGreen=0.872666821895, SaturationTotalBlue=0.787036441503, time=0.529375, GreenIndex=14.9664906667, LAI=0.000170666666667, Utility=121.36506572638804]"
33,"[18,34]","[39.6463537, -82.8177313]",/data/chumley/tmp/Photos_01JUN2018//North_Path/Images/33.6Feet/Sorte_10/DJI_0037.JPG,"[17,34]","[19,34]","[18,35]","[18,33]","['Links/Photos_01JUN2018_67', [9, 17]]",[],"['Links/Photos_02Aug2018_33', '[18, 34]']",[],"[Latitude=39.6463538056, Longitude=-82.8177302222, BrightnessTotal=0.883325402465, exposureTime=0.002357, xResolution=4000, yResolution=3000, SaturationTotalRed=0.907439121895, SaturationTotalGreen=0.881926718627, SaturationTotalBlue=0.807657972222, time=0.529456018519, GreenIndex=12.6882826667, LAI=2.66666666667e-05, Utility=102.91854693400613]"
33,"[18,35]","[39.6463537, -82.8178355]",/data/chumley/tmp/Photos_01JUN2018//North_Path/Images/33.6Feet/Sorte_10/DJI_0038.JPG,"[17,35]","[19,35]","[18,36]","[18,34]","['Links/Photos_01JUN2018_67', [9, 17]]",[],"['Links/Photos_02Aug2018_33', '[18, 35]']",[],"[Latitude=39.6463526667, Longitude=-82.8178359444, BrightnessTotal=0.876618168976, exposureTime=0.002319, xResolution=4000, yResolution=3000, SaturationTotalRed=0.899614546732, SaturationTotalGreen=0.875613367647, SaturationTotalBlue=0.800989628758, time=0.529548611111, GreenIndex=13.1666133333, LAI=3.73333333333e-05, Utility=106.79132334516474]"
33,"[18,36]","[39.6463537, -82.8179397]",/data/chumley/tmp/Photos_01JUN2018//North_Path/Images/33.6Feet/Sorte_10/DJI_0039.JPG,"[17,36]","[19,36]","[18,37]","[18,35]","['Links/Photos_01JUN2018_67', [9, 18]]",[],"['Links/Photos_02Aug2018_33', '[18, 36]']",[],"[Latitude=39.6463538333, Longitude=-82.8179400278, BrightnessTotal=0.879284591977, exposureTime=0.002383, xResolution=4000, yResolution=3000, SaturationTotalRed=0.903215942157, SaturationTotalGreen=0.877870098693, SaturationTotalBlue=0.804496477124, time=0.529641203704, GreenIndex=12.52376, LAI=3.2e-05, Utility=101.58615880339939]"
33,"[18,37]","[39.6463537, -82.8180438]",/data/chumley/tmp/Photos_01JUN2018//North_Path/Images/33.6Feet/Sorte_10/DJI_0040.JPG,"[17,37]","[19,37]","[18,38]","[18,36]","['Links/Photos_01JUN2018_67', [9, 18]]",[],"['Links/Photos_02Aug2018_33', '[18, 37]']",[],"[Latitude=39.6463529167, Longitude=-82.8180439167, BrightnessTotal=0.861855416402, exposureTime=0.002004, xResolution=4000, yResolution=3000, SaturationTotalRed=0.893217652941, SaturationTotalGreen=0.858337631373, SaturationTotalBlue=0.780517397059, time=0.529722222222, GreenIndex=11.24264, LAI=5.33333333333e-05, Utility=91.2118477286327]"
33,"[18,38]","[39.6463537, -82.818148]",/data/chumley/tmp/Photos_01JUN2018//North_Path/Images/33.6Feet/Sorte_10/DJI_0041.JPG,"[17,38]","[19,38]","[18,39]","[18,37]","['Links/Photos_01JUN2018_67', [9, 19]]",[],"['Links/Photos_02Aug2018_33', '[18, 38]']",[],"[Latitude=39.6463526944, Longitude=-82.8181458333, BrightnessTotal=0.882043889919, exposureTime=0.002185, xResolution=4000, yResolution=3000, SaturationTotalRed=0.909163841503, SaturationTotalGreen=0.879669554902, SaturationTotalBlue=0.805197361111, time=0.529814814815, GreenIndex=11.7227946667, LAI=4.8e-05, Utility=95.10071686502812]"
33,"[18,39]","[39.6463537, -82.8182522]",/data/chumley/tmp/Photos_01JUN2018//North_Path/Images/33.6Feet/Sorte_10/DJI_0042.JPG,"[17,39]","[19,39]","[18,40]","[18,38]","['Links/Photos_01JUN2018_67', [9, 19]]",[],"['Links/Photos_02Aug2018_33', '[18, 39]']",[],"[Latitude=39.6463532222, Longitude=-82.8182521111, BrightnessTotal=0.876133390446, exposureTime=0.002185, xResolution=4000, yResolution=3000, SaturationTotalRed=0.90336160098, SaturationTotalGreen=0.873920715359, SaturationTotalBlue=0.797018128431, time=0.529895833333, GreenIndex=12.3587733333, LAI=5.33333333333e-05, Utility=100.2500252408862]"
33,"[18,40]","[39.6463537, -82.8183563]",/data/chumley/tmp/Photos_01JUN2018//North_Path/Images/33.6Feet/Sorte_10/DJI_0043.JPG,"[17,40]","[19,40]","[18,41]","[18,39]","['Links/Photos_01JUN2018_67', [9, 20]]",[],"['Links/Photos_02Aug2018_33', '[18, 40]']",[],"[Latitude=39.6463534722, Longitude=-82.8183570833, BrightnessTotal=0.881090655154, exposureTime=0.0025, xResolution=4000, yResolution=3000, SaturationTotalRed=0.904065131046, SaturationTotalGreen=0.880486500654, SaturationTotalBlue=0.801112094444, time=0.529988425926, GreenIndex=14.5425386667, LAI=0.000117333333333, Utility=117.93253306779825]"
33,"[18,41]","[39.6463537, -82.8184605]",/data/chumley/tmp/Photos_01JUN2018//North_Path/Images/33.6Feet/Sorte_10/DJI_0044.JPG,"[17,41]","[19,41]","[18,42]","[18,40]","['Links/Photos_01JUN2018_67', [9, 20]]",[],"['Links/Photos_02Aug2018_33', '[18, 41]']",[],"[Latitude=39.6463534444, Longitude=-82.8184643333, BrightnessTotal=0.907105611835, exposureTime=0.003262, xResolution=4000, yResolution=3000, SaturationTotalRed=0.927535714706, SaturationTotalGreen=0.906253336928, SaturationTotalBlue=0.840062554902, time=0.530069444444, GreenIndex=11.7036213333, LAI=8.53333333333e-05, Utility=94.94668107573408]"
33,"[18,42]","[39.6463537, -82.8185647]",/data/chumley/tmp/Photos_01JUN2018//North_Path/Images/33.6Feet/Sorte_10/DJI_0045.JPG,"[17,42]","[19,42]","[18,43]","[18,41]","['Links/Photos_01JUN2018_67', [9, 21]]",[],"['Links/Photos_02Aug2018_33', '[18, 42]']",[],"[Latitude=39.6463543611, Longitude=-82.8185675, BrightnessTotal=0.915819227593, exposureTime=0.002991, xResolution=4000, yResolution=3000, SaturationTotalRed=0.941315307843, SaturationTotalGreen=0.912462703268, SaturationTotalBlue=0.856312763072, time=0.530162037037, GreenIndex=7.13151466667, LAI=0.0, Utility=57.92606456992892]"
33,"[18,43]","[39.6463537, -82.8186688]",/data/chumley/tmp/Photos_01JUN2018//North_Path/Images/33.6Feet/Sorte_10/DJI_0046.JPG,"[17,43]","[19,43]",[],"[18,42]","['Links/Photos_01JUN2018_67', [9, 21]]",[],"['Links/Photos_02Aug2018_33', '[18, 43]']",[],"[Latitude=39.6463538056, Longitude=-82.8186707778, BrightnessTotal=0.902822986289, exposureTime=0.002396, xResolution=4000, yResolution=3000, SaturationTotalRed=0.931616703922, SaturationTotalGreen=0.899155668627, SaturationTotalBlue=0.83369127549, time=0.530243055556, GreenIndex=8.58828266667, LAI=0.0, Utility=69.72105860862985]"
33,"[19,0]","[39.6462467, -82.8141896]",/data/chumley/tmp/Photos_01JUN2018//North_Path/Images/33.6Feet/Sorte_10/DJI_0090.JPG,"[18,0]","[20,0]","[19,1]",[],"['Links/Photos_01JUN2018_67', [9, 0]]",[],"['Links/Photos_02Aug2018_33', '[19, 0]']",[],"[Latitude=39.6462463333, Longitude=-82.8141915, BrightnessTotal=0.85301642653, exposureTime=0.002598, xResolution=4000, yResolution=3000, SaturationTotalRed=0.875168489869, SaturationTotalGreen=0.852449086928, SaturationTotalBlue=0.775751480392, time=0.534131944444, GreenIndex=14.0940266667, LAI=0.000314666666667, Utility=114.29883762063076]"
33,"[19,1]","[39.6462467, -82.8142937]",/data/chumley/tmp/Photos_01JUN2018//North_Path/Images/33.6Feet/Sorte_10/DJI_0089.JPG,"[18,1]","[20,1]","[19,2]","[19,0]","['Links/Photos_01JUN2018_67', [9, 0]]",[],"['Links/Photos_02Aug2018_33', '[19, 1]']",[],"[Latitude=39.6462455, Longitude=-82.8142962778, BrightnessTotal=0.85303052118, exposureTime=0.002613, xResolution=4000, yResolution=3000, SaturationTotalRed=0.875717960784, SaturationTotalGreen=0.852492793791, SaturationTotalBlue=0.773289783987, time=0.534039351852, GreenIndex=14.5779626667, LAI=0.000277333333333, Utility=118.21734794951468]"
33,"[19,2]","[39.6462467, -82.8143979]",/data/chumley/tmp/Photos_01JUN2018//North_Path/Images/33.6Feet/Sorte_10/DJI_0088.JPG,"[18,2]","[20,2]","[19,3]","[19,1]","['Links/Photos_01JUN2018_67', [9, 1]]",[],"['Links/Photos_02Aug2018_33', '[19, 2]']",[],"[Latitude=39.6462458889, Longitude=-82.8144016667, BrightnessTotal=0.853675113917, exposureTime=0.002758, xResolution=4000, yResolution=3000, SaturationTotalRed=0.872979938235, SaturationTotalGreen=0.854431168301, SaturationTotalBlue=0.772983062092, time=0.533946759259, GreenIndex=16.3680106667, LAI=0.000858666666667, Utility=132.7116854334024]"
33,"[19,3]","[39.6462467, -82.8145021]",/data/chumley/tmp/Photos_01JUN2018//North_Path/Images/33.6Feet/Sorte_10/DJI_0087.JPG,"[18,3]","[20,3]","[19,4]","[19,2]","['Links/Photos_01JUN2018_67', [9, 1]]",[],"['Links/Photos_02Aug2018_33', '[19, 3]']",[],"[Latitude=39.6462463056, Longitude=-82.8145063056, BrightnessTotal=0.841944572215, exposureTime=0.002461, xResolution=4000, yResolution=3000, SaturationTotalRed=0.864459188889, SaturationTotalGreen=0.842165362745, SaturationTotalBlue=0.754274888562, time=0.533865740741, GreenIndex=17.0636266667, LAI=0.00349333333333, Utility=138.34361202463174]"
33,"[19,4]","[39.6462467, -82.8146062]",/data/chumley/tmp/Photos_01JUN2018//North_Path/Images/33.6Feet/Sorte_10/DJI_0086.JPG,"[18,4]","[20,4]","[19,5]","[19,3]","['Links/Photos_01JUN2018_67', [9, 2]]",[],"['Links/Photos_02Aug2018_33', '[19, 4]']",[],"[Latitude=39.6462458611, Longitude=-82.8146081389, BrightnessTotal=0.852423544061, exposureTime=0.002543, xResolution=4000, yResolution=3000, SaturationTotalRed=0.876631562418, SaturationTotalGreen=0.851653835621, SaturationTotalBlue=0.769160827778, time=0.533773148148, GreenIndex=14.9958293333, LAI=0.000389333333333, Utility=121.60087924854282]"
33,"[19,5]","[39.6462467, -82.8147104]",/data/chumley/tmp/Photos_01JUN2018//North_Path/Images/33.6Feet/Sorte_10/DJI_0085.JPG,"[18,5]","[20,5]","[19,6]","[19,4]","['Links/Photos_01JUN2018_67', [9, 2]]",[],"['Links/Photos_02Aug2018_33', '[19, 5]']",[],"[Latitude=39.6462455, Longitude=-82.8147123611, BrightnessTotal=0.854687563881, exposureTime=0.002684, xResolution=4000, yResolution=3000, SaturationTotalRed=0.876262850327, SaturationTotalGreen=0.854692652614, SaturationTotalBlue=0.77333350098, time=0.53369212963, GreenIndex=15.5805866667, LAI=0.000410666666667, Utility=126.3358799660159]"
33,"[19,6]","[39.6462467, -82.8148146]",/data/chumley/tmp/Photos_01JUN2018//North_Path/Images/33.6Feet/Sorte_10/DJI_0084.JPG,"[18,6]","[20,6]","[19,7]","[19,5]","['Links/Photos_01JUN2018_67', [9, 3]]",[],"['Links/Photos_02Aug2018_33', '[19, 6]']",[],"[Latitude=39.6462443333, Longitude=-82.8148152778, BrightnessTotal=0.877064363402, exposureTime=0.002728, xResolution=4000, yResolution=3000, SaturationTotalRed=0.900343857516, SaturationTotalGreen=0.875724687255, SaturationTotalBlue=0.804026061438, time=0.533599537037, GreenIndex=12.3460213333, LAI=9.6e-05, Utility=100.14623992109858]"
33,"[19,7]","[39.6462467, -82.8149187]",/data/chumley/tmp/Photos_01JUN2018//North_Path/Images/33.6Feet/Sorte_10/DJI_0083.JPG,"[18,7]","[20,7]","[19,8]","[19,6]","['Links/Photos_01JUN2018_67', [9, 3]]",[],"['Links/Photos_02Aug2018_33', '[19, 7]']",[],"[Latitude=39.646245, Longitude=-82.8149221389, BrightnessTotal=0.881387765199, exposureTime=0.002613, xResolution=4000, yResolution=3000, SaturationTotalRed=0.906323500654, SaturationTotalGreen=0.879583884641, SaturationTotalBlue=0.806929223529, time=0.533518518519, GreenIndex=12.0303466667, LAI=3.73333333333e-05, Utility=97.5903910626238]"
33,"[19,8]","[39.6462467, -82.8150229]",/data/chumley/tmp/Photos_01JUN2018//North_Path/Images/33.6Feet/Sorte_10/DJI_0082.JPG,"[18,8]","[20,8]","[19,9]","[19,7]","['Links/Photos_01JUN2018_67', [9, 4]]",[],"['Links/Photos_02Aug2018_33', '[19, 8]']",[],"[Latitude=39.6462457222, Longitude=-82.8150253056, BrightnessTotal=0.876170929875, exposureTime=0.002627, xResolution=4000, yResolution=3000, SaturationTotalRed=0.898183984314, SaturationTotalGreen=0.875944168301, SaturationTotalBlue=0.795790992484, time=0.533425925926, GreenIndex=15.1034986667, LAI=0.000106666666667, Utility=122.47391562847129]"
33,"[19,9]","[39.6462467, -82.8151271]",/data/chumley/tmp/Photos_01JUN2018//North_Path/Images/33.6Feet/Sorte_10/DJI_0081.JPG,"[18,9]","[20,9]","[19,10]","[19,8]","['Links/Photos_01JUN2018_67', [9, 4]]",[],"['Links/Photos_02Aug2018_33', '[19, 9]']",[],"[Latitude=39.6462460556, Longitude=-82.8151283056, BrightnessTotal=0.873313387233, exposureTime=0.00267, xResolution=4000, yResolution=3000, SaturationTotalRed=0.893976230719, SaturationTotalGreen=0.873528868954, SaturationTotalBlue=0.79336618366, time=0.533333333333, GreenIndex=15.5283573333, LAI=9.6e-05, Utility=125.91393909375199]"
33,"[19,10]","[39.6462467, -82.8152313]",/data/chumley/tmp/Photos_01JUN2018//North_Path/Images/33.6Feet/Sorte_10/DJI_0080.JPG,"[18,10]","[20,10]","[19,11]","[19,9]","['Links/Photos_01JUN2018_67', [9, 5]]",[],"['Links/Photos_02Aug2018_33', '[19, 10]']",[],"[Latitude=39.6462461667, Longitude=-82.8152320278, BrightnessTotal=0.86524101269, exposureTime=0.002743, xResolution=4000, yResolution=3000, SaturationTotalRed=0.883373562418, SaturationTotalGreen=0.866515080065, SaturationTotalBlue=0.783484896732, time=0.533252314815, GreenIndex=17.2044693333, LAI=0.000421333333333, Utility=139.48529055531162]"
33,"[19,11]","[39.6462467, -82.8153354]",/data/chumley/tmp/Photos_01JUN2018//North_Path/Images/33.6Feet/Sorte_10/DJI_0079.JPG,"[18,11]","[20,11]","[19,12]","[19,10]","['Links/Photos_01JUN2018_67', [9, 5]]",[],"['Links/Photos_02Aug2018_33', '[19, 11]']",[],"[Latitude=39.6462458889, Longitude=-82.8153343056, BrightnessTotal=0.858825476788, exposureTime=0.00267, xResolution=4000, yResolution=3000, SaturationTotalRed=0.878813382353, SaturationTotalGreen=0.859657139869, SaturationTotalBlue=0.7745738, time=0.533159722222, GreenIndex=17.1387146667, LAI=0.000389333333333, Utility=138.95255864783923]"
33,"[19,12]","[39.6462467, -82.8154396]",/data/chumley/tmp/Photos_01JUN2018//North_Path/Images/33.6Feet/Sorte_10/DJI_0078.JPG,"[18,12]","[20,12]","[19,13]","[19,11]","['Links/Photos_01JUN2018_67', [9, 6]]",[],"['Links/Photos_02Aug2018_33', '[19, 12]']",[],"[Latitude=39.6462468611, Longitude=-82.8154410833, BrightnessTotal=0.852424660013, exposureTime=0.002713, xResolution=4000, yResolution=3000, SaturationTotalRed=0.868047984641, SaturationTotalGreen=0.855620054902, SaturationTotalBlue=0.758882083007, time=0.533078703704, GreenIndex=21.8201066667, LAI=0.00135466666667, Utility=176.85817746338873]"
33,"[19,13]","[39.6462467, -82.8155438]",/data/chumley/tmp/Photos_01JUN2018//North_Path/Images/33.6Feet/Sorte_10/DJI_0077.JPG,"[18,13]","[20,13]","[19,14]","[19,12]","['Links/Photos_01JUN2018_67', [9, 6]]",[],"['Links/Photos_02Aug2018_33', '[19, 13]']",[],"[Latitude=39.6462463056, Longitude=-82.8155480556, BrightnessTotal=0.858764294036, exposureTime=0.002728, xResolution=4000, yResolution=3000, SaturationTotalRed=0.873463864052, SaturationTotalGreen=0.862082937582, SaturationTotalBlue=0.767593387582, time=0.532986111111, GreenIndex=21.5390773333, LAI=0.00155733333333, Utility=174.58297201740163]"
33,"[19,14]","[39.6462467, -82.8156479]",/data/chumley/tmp/Photos_01JUN2018//North_Path/Images/33.6Feet/Sorte_10/DJI_0076.JPG,"[18,14]","[20,14]","[19,15]","[19,13]","['Links/Photos_01JUN2018_67', [9, 7]]",[],"['Links/Photos_02Aug2018_33', '[19, 14]']",[],"[Latitude=39.6462468889, Longitude=-82.8156518611, BrightnessTotal=0.841881845204, exposureTime=0.00237, xResolution=4000, yResolution=3000, SaturationTotalRed=0.862344832353, SaturationTotalGreen=0.843663682026, SaturationTotalBlue=0.744747945098, time=0.532893518519, GreenIndex=20.7883093333, LAI=0.002016, Utility=168.50305963501785]"
33,"[19,15]","[39.6462467, -82.8157521]",/data/chumley/tmp/Photos_01JUN2018//North_Path/Images/33.6Feet/Sorte_10/DJI_0075.JPG,"[18,15]","[20,15]","[19,16]","[19,14]","['Links/Photos_01JUN2018_67', [9, 7]]",[],"['Links/Photos_02Aug2018_33', '[19, 15]']",[],"[Latitude=39.6462474444, Longitude=-82.8157552222, BrightnessTotal=0.877607384319, exposureTime=0.002773, xResolution=4000, yResolution=3000, SaturationTotalRed=0.894706859477, SaturationTotalGreen=0.879767206209, SaturationTotalBlue=0.790074551961, time=0.532800925926, GreenIndex=19.3873706667, LAI=0.000330666666667, Utility=157.16123092268893]"
33,"[19,16]","[39.6462467, -82.8158563]",/data/chumley/tmp/Photos_01JUN2018//North_Path/Images/33.6Feet/Sorte_10/DJI_0074.JPG,"[18,16]","[20,16]","[19,17]","[19,15]","['Links/Photos_01JUN2018_67', [9, 8]]",[],"['Links/Photos_02Aug2018_33', '[19, 16]']",[],"[Latitude=39.6462472222, Longitude=-82.8158593333, BrightnessTotal=0.864113450684, exposureTime=0.002584, xResolution=4000, yResolution=3000, SaturationTotalRed=0.882398047059, SaturationTotalGreen=0.866268834967, SaturationTotalBlue=0.771760051634, time=0.532719907407, GreenIndex=20.291696, LAI=0.000597333333333, Utility=164.48303132904917]"
33,"[19,17]","[39.6462467, -82.8159604]",/data/chumley/tmp/Photos_01JUN2018//North_Path/Images/33.6Feet/Sorte_10/DJI_0073.JPG,"[18,17]","[20,17]","[19,18]","[19,16]","['Links/Photos_01JUN2018_67', [9, 8]]",[],"['Links/Photos_02Aug2018_33', '[19, 17]']",[],"[Latitude=39.6462479722, Longitude=-82.8159633333, BrightnessTotal=0.863888960033, exposureTime=0.002743, xResolution=4000, yResolution=3000, SaturationTotalRed=0.879078330719, SaturationTotalGreen=0.867105909804, SaturationTotalBlue=0.771938531373, time=0.532627314815, GreenIndex=21.5526293333, LAI=0.001024, Utility=174.69300871785987]"
33,"[19,18]","[39.6462467, -82.8160646]",/data/chumley/tmp/Photos_01JUN2018//North_Path/Images/33.6Feet/Sorte_10/DJI_0072.JPG,"[18,18]","[20,18]","[19,19]","[19,17]","['Links/Photos_01JUN2018_67', [9, 9]]",[],"['Links/Photos_02Aug2018_33', '[19, 18]']",[],"[Latitude=39.6462492778, Longitude=-82.8160640556, BrightnessTotal=0.8450840282, exposureTime=0.002488, xResolution=4000, yResolution=3000, SaturationTotalRed=0.861759287908, SaturationTotalGreen=0.848178641503, SaturationTotalBlue=0.748362588235, time=0.532546296296, GreenIndex=22.3144853333, LAI=0.00201066666667, Utility=180.8609551415087]"
33,"[19,19]","[39.6462467, -82.8161688]",/data/chumley/tmp/Photos_01JUN2018//North_Path/Images/33.6Feet/Sorte_10/DJI_0071.JPG,"[18,19]","[20,19]","[19,20]","[19,18]","['Links/Photos_01JUN2018_67', [9, 9]]",[],"['Links/Photos_02Aug2018_33', '[19, 19]']",[],"[Latitude=39.6462478333, Longitude=-82.8161708333, BrightnessTotal=0.868520136576, exposureTime=0.002788, xResolution=4000, yResolution=3000, SaturationTotalRed=0.882880433333, SaturationTotalGreen=0.872059104902, SaturationTotalBlue=0.776270206863, time=0.532453703704, GreenIndex=21.987408, LAI=0.000917333333333, Utility=178.2137303326376]"
33,"[19,20]","[39.6462467, -82.8162729]",/data/chumley/tmp/Photos_01JUN2018//North_Path/Images/33.6Feet/Sorte_10/DJI_0070.JPG,"[18,20]","[20,20]","[19,21]","[19,19]","['Links/Photos_01JUN2018_67', [9, 10]]",[],"['Links/Photos_02Aug2018_33', '[19, 20]']",[],"[Latitude=39.64624625, Longitude=-82.8162773889, BrightnessTotal=0.867455035108, exposureTime=0.002627, xResolution=4000, yResolution=3000, SaturationTotalRed=0.884557347386, SaturationTotalGreen=0.870166854248, SaturationTotalBlue=0.773563690523, time=0.532361111111, GreenIndex=21.2967893333, LAI=0.000517333333333, Utility=172.62164181437458]"
33,"[19,21]","[39.6462467, -82.8163771]",/data/chumley/tmp/Photos_01JUN2018//North_Path/Images/33.6Feet/Sorte_10/DJI_0069.JPG,"[18,21]","[20,21]","[19,22]","[19,20]","['Links/Photos_01JUN2018_67', [9, 10]]",[],"['Links/Photos_02Aug2018_33', '[19, 21]']",[],"[Latitude=39.6462471944, Longitude=-82.8163784444, BrightnessTotal=0.860268900507, exposureTime=0.002475, xResolution=4000, yResolution=3000, SaturationTotalRed=0.879963357843, SaturationTotalGreen=0.862220368954, SaturationTotalBlue=0.76448525, time=0.532280092593, GreenIndex=20.7239253333, LAI=0.000762666666667, Utility=167.98273042207657]"
33,"[19,22]","[39.6462467, -82.8164813]",/data/chumley/tmp/Photos_01JUN2018//North_Path/Images/33.6Feet/Sorte_10/DJI_0068.JPG,"[18,22]","[20,22]","[19,23]","[19,21]","['Links/Photos_01JUN2018_67', [9, 11]]",[],"['Links/Photos_02Aug2018_33', '[19, 22]']",[],"[Latitude=39.6462477222, Longitude=-82.8164819444, BrightnessTotal=0.873990710139, exposureTime=0.002613, xResolution=4000, yResolution=3000, SaturationTotalRed=0.892096839216, SaturationTotalGreen=0.876057973203, SaturationTotalBlue=0.783432278431, time=0.5321875, GreenIndex=19.8290506667, LAI=0.000378666666667, Utility=160.73749373215597]"
33,"[19,23]","[39.6462467, -82.8165855]",/data/chumley/tmp/Photos_01JUN2018//North_Path/Images/33.6Feet/Sorte_10/DJI_0067.JPG,"[18,23]","[20,23]","[19,24]","[19,22]","['Links/Photos_01JUN2018_67', [9, 11]]",[],"['Links/Photos_02Aug2018_33', '[19, 23]']",[],"[Latitude=39.6462467222, Longitude=-82.8165863889, BrightnessTotal=0.88203653096, exposureTime=0.00267, xResolution=4000, yResolution=3000, SaturationTotalRed=0.900323484314, SaturationTotalGreen=0.883689212092, SaturationTotalBlue=0.795498478105, time=0.532106481481, GreenIndex=18.5268373333, LAI=0.000234666666667, Utility=150.19369088613578]"
33,"[19,24]","[39.6462467, -82.8166896]",/data/chumley/tmp/Photos_01JUN2018//North_Path/Images/33.6Feet/Sorte_10/DJI_0066.JPG,"[18,24]","[20,24]","[19,25]","[19,23]","['Links/Photos_01JUN2018_67', [9, 12]]",[],"['Links/Photos_02Aug2018_33', '[19, 24]']",[],"[Latitude=39.6462482222, Longitude=-82.8166906944, BrightnessTotal=0.879602947975, exposureTime=0.002543, xResolution=4000, yResolution=3000, SaturationTotalRed=0.900078617974, SaturationTotalGreen=0.880462601961, SaturationTotalBlue=0.793207322549, time=0.532013888889, GreenIndex=17.5105973333, LAI=0.000181333333333, Utility=141.96493613691197]"
33,"[19,25]","[39.6462467, -82.8167938]",/data/chumley/tmp/Photos_01JUN2018//North_Path/Images/33.6Feet/Sorte_10/DJI_0065.JPG,"[18,25]","[20,25]","[19,26]","[19,24]","['Links/Photos_01JUN2018_67', [9, 12]]",[],"['Links/Photos_02Aug2018_33', '[19, 25]']",[],"[Latitude=39.6462474444, Longitude=-82.8167971667, BrightnessTotal=0.886385390597, exposureTime=0.002758, xResolution=4000, yResolution=3000, SaturationTotalRed=0.904151534641, SaturationTotalGreen=0.887896494771, SaturationTotalBlue=0.803549873203, time=0.53193287037, GreenIndex=17.627312, LAI=0.000128, Utility=142.91034896086643]"
33,"[19,26]","[39.6462467, -82.816898]",/data/chumley/tmp/Photos_01JUN2018//North_Path/Images/33.6Feet/Sorte_10/DJI_0064.JPG,"[18,26]","[20,26]","[19,27]","[19,25]","['Links/Photos_01JUN2018_67', [9, 13]]",[],"['Links/Photos_02Aug2018_33', '[19, 26]']",[],"[Latitude=39.64624725, Longitude=-82.8169, BrightnessTotal=0.876866077333, exposureTime=0.002598, xResolution=4000, yResolution=3000, SaturationTotalRed=0.895636070915, SaturationTotalGreen=0.878244013399, SaturationTotalBlue=0.791458356209, time=0.531840277778, GreenIndex=17.9579306667, LAI=0.000304, Utility=145.5869619256434]"
33,"[19,27]","[39.6462467, -82.8170021]",/data/chumley/tmp/Photos_01JUN2018//North_Path/Images/33.6Feet/Sorte_10/DJI_0063.JPG,"[18,27]","[20,27]","[19,28]","[19,26]","['Links/Photos_01JUN2018_67', [9, 13]]",[],"['Links/Photos_02Aug2018_33', '[19, 27]']",[],"[Latitude=39.6462468333, Longitude=-82.8170050556, BrightnessTotal=0.874581278975, exposureTime=0.002435, xResolution=4000, yResolution=3000, SaturationTotalRed=0.894294764052, SaturationTotalGreen=0.875398993137, SaturationTotalBlue=0.791685032353, time=0.531747685185, GreenIndex=16.818944, LAI=0.000277333333333, Utility=136.36432525443533]"
33,"[19,28]","[39.6462467, -82.8171063]",/data/chumley/tmp/Photos_01JUN2018//North_Path/Images/33.6Feet/Sorte_10/DJI_0062.JPG,"[18,28]","[20,28]","[19,29]","[19,27]","['Links/Photos_01JUN2018_67', [9, 14]]",[],"['Links/Photos_02Aug2018_33', '[19, 28]']",[],"[Latitude=39.6462464167, Longitude=-82.8171083889, BrightnessTotal=0.882219011679, exposureTime=0.002357, xResolution=4000, yResolution=3000, SaturationTotalRed=0.906082663399, SaturationTotalGreen=0.88091614183, SaturationTotalBlue=0.806477940523, time=0.531666666667, GreenIndex=12.770736, LAI=3.73333333333e-05, Utility=103.58577166354209]"
33,"[19,29]","[39.6462467, -82.8172105]",/data/chumley/tmp/Photos_01JUN2018//North_Path/Images/33.6Feet/Sorte_10/DJI_0061.JPG,"[18,29]","[20,29]","[19,30]","[19,28]","['Links/Photos_01JUN2018_67', [9, 14]]",[],"['Links/Photos_02Aug2018_33', '[19, 29]']",[],"[Latitude=39.6462473611, Longitude=-82.8172114167, BrightnessTotal=0.877358360175, exposureTime=0.00237, xResolution=4000, yResolution=3000, SaturationTotalRed=0.904386896078, SaturationTotalGreen=0.874528889869, SaturationTotalBlue=0.805885338889, time=0.531574074074, GreenIndex=10.0976533333, LAI=3.73333333333e-05, Utility=81.94120427549701]"
33,"[19,30]","[39.6462467, -82.8173146]",/data/chumley/tmp/Photos_01JUN2018//North_Path/Images/33.6Feet/Sorte_10/DJI_0060.JPG,"[18,30]","[20,30]","[19,31]","[19,29]","['Links/Photos_01JUN2018_67', [9, 15]]",[],"['Links/Photos_02Aug2018_33', '[19, 30]']",[],"[Latitude=39.6462463056, Longitude=-82.8173155556, BrightnessTotal=0.904860219739, exposureTime=0.002834, xResolution=4000, yResolution=3000, SaturationTotalRed=0.925595971569, SaturationTotalGreen=0.903718068954, SaturationTotalBlue=0.839787316993, time=0.531481481481, GreenIndex=10.9404106667, LAI=0.0, Utility=88.7665159440252]"
33,"[19,31]","[39.6462467, -82.8174188]",/data/chumley/tmp/Photos_01JUN2018//North_Path/Images/33.6Feet/Sorte_10/DJI_0059.JPG,"[18,31]","[20,31]","[19,32]","[19,30]","['Links/Photos_01JUN2018_67', [9, 15]]",[],"['Links/Photos_02Aug2018_33', '[19, 31]']",[],"[Latitude=39.6462460833, Longitude=-82.8174214722, BrightnessTotal=0.867689095965, exposureTime=0.002344, xResolution=4000, yResolution=3000, SaturationTotalRed=0.893918111765, SaturationTotalGreen=0.865477923856, SaturationTotalBlue=0.792509218627, time=0.531400462963, GreenIndex=11.6314986667, LAI=5.86666666667e-05, Utility=94.36053141686544]"
33,"[19,32]","[39.6462467, -82.817523]",/data/chumley/tmp/Photos_01JUN2018//North_Path/Images/33.6Feet/Sorte_10/DJI_0058.JPG,"[18,32]","[20,32]","[19,33]","[19,31]","['Links/Photos_01JUN2018_67', [9, 16]]",[],"['Links/Photos_02Aug2018_33', '[19, 32]']",[],"[Latitude=39.6462459444, Longitude=-82.8175261667, BrightnessTotal=0.871678173648, exposureTime=0.002684, xResolution=4000, yResolution=3000, SaturationTotalRed=0.893439968301, SaturationTotalGreen=0.871234794118, SaturationTotalBlue=0.794693920261, time=0.53130787037, GreenIndex=14.1467253333, LAI=0.000149333333333, Utility=114.72691157162934]"
33,"[19,33]","[39.6462467, -82.8176271]",/data/chumley/tmp/Photos_01JUN2018//North_Path/Images/33.6Feet/Sorte_10/DJI_0057.JPG,"[18,33]","[20,33]","[19,34]","[19,32]","['Links/Photos_01JUN2018_67', [9, 16]]",[],"['Links/Photos_02Aug2018_33', '[19, 33]']",[],"[Latitude=39.6462474444, Longitude=-82.8176301944, BrightnessTotal=0.884343198412, exposureTime=0.00309, xResolution=4000, yResolution=3000, SaturationTotalRed=0.905831431373, SaturationTotalGreen=0.884325593137, SaturationTotalBlue=0.803769426797, time=0.531215277778, GreenIndex=15.3252213333, LAI=0.000122666666667, Utility=124.26999177158687]"
33,"[19,34]","[39.6462467, -82.8177313]",/data/chumley/tmp/Photos_01JUN2018//North_Path/Images/33.6Feet/Sorte_10/DJI_0056.JPG,"[18,34]","[20,34]","[19,35]","[19,33]","['Links/Photos_01JUN2018_67', [9, 17]]",[],"['Links/Photos_02Aug2018_33', '[19, 34]']",[],"[Latitude=39.6462472222, Longitude=-82.817729, BrightnessTotal=0.881074428104, exposureTime=0.002598, xResolution=4000, yResolution=3000, SaturationTotalRed=0.905711085948, SaturationTotalGreen=0.879656381046, SaturationTotalBlue=0.803523785621, time=0.531134259259, GreenIndex=13.0078826667, LAI=4.26666666667e-05, Utility=105.50600887491294]"
33,"[19,35]","[39.6462467, -82.8178355]",/data/chumley/tmp/Photos_01JUN2018//North_Path/Images/33.6Feet/Sorte_10/DJI_0055.JPG,"[18,35]","[20,35]","[19,36]","[19,34]","['Links/Photos_01JUN2018_67', [9, 17]]",[],"['Links/Photos_02Aug2018_33', '[19, 35]']",[],"[Latitude=39.6462468611, Longitude=-82.8178379444, BrightnessTotal=0.893528195517, exposureTime=0.002896, xResolution=4000, yResolution=3000, SaturationTotalRed=0.909652926797, SaturationTotalGreen=0.894468907843, SaturationTotalBlue=0.823560893464, time=0.531041666667, GreenIndex=14.44312, LAI=8.53333333333e-05, Utility=117.12799541685274]"
33,"[19,36]","[39.6462467, -82.8179397]",/data/chumley/tmp/Photos_01JUN2018//North_Path/Images/33.6Feet/Sorte_10/DJI_0054.JPG,"[18,36]","[20,36]","[19,37]","[19,35]","['Links/Photos_01JUN2018_67', [9, 18]]",[],"['Links/Photos_02Aug2018_33', '[19, 36]']",[],"[Latitude=39.6462476389, Longitude=-82.8179415, BrightnessTotal=0.875220703945, exposureTime=0.002598, xResolution=4000, yResolution=3000, SaturationTotalRed=0.893270231699, SaturationTotalGreen=0.876035376797, SaturationTotalBlue=0.798989197059, time=0.530960648148, GreenIndex=15.5284426667, LAI=0.000186666666667, Utility=125.91512073404395]"
33,"[19,37]","[39.6462467, -82.8180438]",/data/chumley/tmp/Photos_01JUN2018//North_Path/Images/33.6Feet/Sorte_10/DJI_0053.JPG,"[18,37]","[20,37]","[19,38]","[19,36]","['Links/Photos_01JUN2018_67', [9, 18]]",[],"['Links/Photos_02Aug2018_33', '[19, 37]']",[],"[Latitude=39.6462470556, Longitude=-82.8180447778, BrightnessTotal=0.883317743604, exposureTime=0.002529, xResolution=4000, yResolution=3000, SaturationTotalRed=0.903372937255, SaturationTotalGreen=0.883348353922, SaturationTotalBlue=0.80790244902, time=0.530868055556, GreenIndex=14.4561973333, LAI=0.000117333333333, Utility=117.23339715918937]"
33,"[19,38]","[39.6462467, -82.818148]",/data/chumley/tmp/Photos_01JUN2018//North_Path/Images/33.6Feet/Sorte_10/DJI_0052.JPG,"[18,38]","[20,38]","[19,39]","[19,37]","['Links/Photos_01JUN2018_67', [9, 19]]",[],"['Links/Photos_02Aug2018_33', '[19, 38]']",[],"[Latitude=39.6462460278, Longitude=-82.8181508889, BrightnessTotal=0.889415170396, exposureTime=0.002409, xResolution=4000, yResolution=3000, SaturationTotalRed=0.91190930817, SaturationTotalGreen=0.888336760458, SaturationTotalBlue=0.816661477124, time=0.530775462963, GreenIndex=12.5602186667, LAI=8.53333333333e-05, Utility=101.88168672467758]"
33,"[19,39]","[39.6462467, -82.8182522]",/data/chumley/tmp/Photos_01JUN2018//North_Path/Images/33.6Feet/Sorte_10/DJI_0051.JPG,"[18,39]","[20,39]","[19,40]","[19,38]","['Links/Photos_01JUN2018_67', [9, 19]]",[],"['Links/Photos_02Aug2018_33', '[19, 39]']",[],"[Latitude=39.6462451389, Longitude=-82.8182555556, BrightnessTotal=0.881756139608, exposureTime=0.002221, xResolution=4000, yResolution=3000, SaturationTotalRed=0.906938983987, SaturationTotalGreen=0.87965074281, SaturationTotalBlue=0.809651548039, time=0.530694444444, GreenIndex=11.1237066667, LAI=3.2e-05, Utility=90.24967034416825]"
33,"[19,40]","[39.6462467, -82.8183563]",/data/chumley/tmp/Photos_01JUN2018//North_Path/Images/33.6Feet/Sorte_10/DJI_0050.JPG,"[18,40]","[20,40]","[19,41]","[19,39]","['Links/Photos_01JUN2018_67', [9, 20]]",[],"['Links/Photos_02Aug2018_33', '[19, 40]']",[],"[Latitude=39.6462460833, Longitude=-82.8183586111, BrightnessTotal=0.881602336282, exposureTime=0.00237, xResolution=4000, yResolution=3000, SaturationTotalRed=0.905947146405, SaturationTotalGreen=0.879780395098, SaturationTotalBlue=0.809692432353, time=0.530601851852, GreenIndex=11.4986133333, LAI=5.33333333333e-06, Utility=93.28535646352762]"
33,"[19,41]","[39.6462467, -82.8184605]",/data/chumley/tmp/Photos_01JUN2018//North_Path/Images/33.6Feet/Sorte_10/DJI_0049.JPG,"[18,41]","[20,41]","[19,42]","[19,40]","['Links/Photos_01JUN2018_67', [9, 20]]",[],"['Links/Photos_02Aug2018_33', '[19, 41]']",[],"[Latitude=39.6462470833, Longitude=-82.8184628889, BrightnessTotal=0.903595029186, exposureTime=0.002896, xResolution=4000, yResolution=3000, SaturationTotalRed=0.92691775719, SaturationTotalGreen=0.901732013725, SaturationTotalBlue=0.836273964706, time=0.530509259259, GreenIndex=10.4556693333, LAI=5.33333333333e-06, Utility=84.84157778897165]"
33,"[19,42]","[39.6462467, -82.8185647]",/data/chumley/tmp/Photos_01JUN2018//North_Path/Images/33.6Feet/Sorte_10/DJI_0048.JPG,"[18,42]","[20,42]","[19,43]","[19,41]","['Links/Photos_01JUN2018_67', [9, 21]]",[],"['Links/Photos_02Aug2018_33', '[19, 42]']",[],"[Latitude=39.6462481389, Longitude=-82.8185627222, BrightnessTotal=0.902462495853, exposureTime=0.002728, xResolution=4000, yResolution=3000, SaturationTotalRed=0.930432948693, SaturationTotalGreen=0.898431462745, SaturationTotalBlue=0.840542403922, time=0.530428240741, GreenIndex=6.767312, LAI=0.0, Utility=54.976358133506885]"
33,"[19,43]","[39.6462467, -82.8186688]",/data/chumley/tmp/Photos_01JUN2018//North_Path/Images/33.6Feet/Sorte_10/DJI_0047.JPG,"[18,43]","[20,43]",[],"[19,42]","['Links/Photos_01JUN2018_67', [9, 21]]",[],"['Links/Photos_02Aug2018_33', '[19, 43]']",[],"[Latitude=39.6462467778, Longitude=-82.8186685, BrightnessTotal=0.88845419645, exposureTime=0.002307, xResolution=4000, yResolution=3000, SaturationTotalRed=0.917621062745, SaturationTotalGreen=0.884864444444, SaturationTotalBlue=0.816910584967, time=0.530335648148, GreenIndex=9.18545066667, LAI=1.6e-05, Utility=74.55569807602062]"
