33,1,"[39.6439495, -82.81590616666666]",/home/boubin/Images/Photos_20AUG2018/South_Path/Images/67.3Feet/Sorte_1/DJI_0010.JPG,67,46,35,36,[],[],[],[],"[Latitude=39.6439495, Longitude=-82.81590616666666, BrightnessTotal=0.7215529092434068, exposureTime=0.005792, xResolution=4000, yResolution=3000, SaturationTotalRed=0.7452380611111111, SaturationTotalGreen=0.7360623241830065, SaturationTotalBlue=0.42731626535947714, time=0.6112037037037037, GreenIndex=76.42765333333334, LAI=0.0010666666666666667, Utility=619.0040691063776]"
33,2,"[39.643307194444446, -82.81445916666667]",/home/boubin/Images/Photos_20AUG2018/South_Path/Images/67.3Feet/Sorte_1/DJI_0088.JPG,47,85,3,[],[],[],[],[],"[Latitude=39.643307194444446, Longitude=-82.81445916666667, BrightnessTotal=0.7131690567041586, exposureTime=0.009901, xResolution=4000, yResolution=3000, SaturationTotalRed=0.7570242333333334, SaturationTotalGreen=0.7193890689542484, SaturationTotalBlue=0.4353783869281046, time=0.6194212962962963, GreenIndex=62.851306666666666, LAI=0.002282666666666667, Utility=509.07262785101267]"
33,3,"[39.64352205555556, -82.81445205555555]",/home/boubin/Images/Photos_20AUG2018/South_Path/Images/67.3Feet/Sorte_1/DJI_0047.JPG,62,68,53,2,[],[],[],[],"[Latitude=39.64352205555556, Longitude=-82.81445205555555, BrightnessTotal=0.7246747374688326, exposureTime=0.01, xResolution=4000, yResolution=3000, SaturationTotalRed=0.7527835218954249, SaturationTotalGreen=0.7360298696078431, SaturationTotalBlue=0.45762407745098044, time=0.6151388888888889, GreenIndex=66.76937066666666, LAI=0.002816, Utility=540.7990959560343]"
33,4,"[39.64330916666667, -82.8155011111111]",/home/boubin/Images/Photos_20AUG2018/South_Path/Images/67.3Feet/Sorte_1/DJI_0083.JPG,81,38,10,[],[],[],[],[],"[Latitude=39.64330916666667, Longitude=-82.8155011111111, BrightnessTotal=0.6936816213731799, exposureTime=0.01, xResolution=4000, yResolution=3000, SaturationTotalRed=0.7030905215686275, SaturationTotalGreen=0.7130939820261438, SaturationTotalBlue=0.39637245163398693, time=0.618900462962963, GreenIndex=83.35568, LAI=0.008933333333333333, Utility=675.0987497373286]"
33,5,"[39.643521972222224, -82.8148625]",/home/boubin/Images/Photos_20AUG2018/South_Path/Images/67.3Feet/Sorte_1/DJI_0049.JPG,39,62,41,78,[],[],[],[],"[Latitude=39.643521972222224, Longitude=-82.8148625, BrightnessTotal=0.6914898748273199, exposureTime=0.01, xResolution=4000, yResolution=3000, SaturationTotalRed=0.7114942166666667, SaturationTotalGreen=0.7057291212418301, SaturationTotalBlue=0.42014048104575163, time=0.6153472222222223, GreenIndex=71.40249066666667, LAI=0.013765333333333333, Utility=578.3125146207746]"
33,6,"[39.64394930555555, -82.8173641111111]",/home/boubin/Images/Photos_20AUG2018/South_Path/Images/67.3Feet/Sorte_1/DJI_0017.JPG,79,20,[],24,[],[],[],[],"[Latitude=39.64394930555555, Longitude=-82.8173641111111, BrightnessTotal=0.7005573751564321, exposureTime=0.005427, xResolution=4000, yResolution=3000, SaturationTotalRed=0.7289496761437909, SaturationTotalGreen=0.7127912395424837, SaturationTotalBlue=0.41380112647058825, time=0.6119212962962963, GreenIndex=72.193136, LAI=0.0025386666666666665, Utility=584.7154233865724]"
33,7,"[39.643307, -82.81737491666667]",/home/boubin/Images/Photos_20AUG2018/South_Path/Images/67.3Feet/Sorte_1/DJI_0074.JPG,84,69,59,[],[],[],[],[],"[Latitude=39.643307, Longitude=-82.81737491666667, BrightnessTotal=0.7106578661722074, exposureTime=0.01, xResolution=4000, yResolution=3000, SaturationTotalRed=0.7274346803921569, SaturationTotalGreen=0.727570387254902, SaturationTotalBlue=0.4151525277777778, time=0.6179513888888889, GreenIndex=79.77109333333334, LAI=0.003168, Utility=646.0747889615344]"
33,8,"[39.64352266666667, -82.81798813888888]",/home/boubin/Images/Photos_20AUG2018/South_Path/Images/67.3Feet/Sorte_1/DJI_0064.JPG,54,73,25,32,[],[],[],[],"[Latitude=39.64352266666667, Longitude=-82.81798813888888, BrightnessTotal=0.7037202185505184, exposureTime=0.01, xResolution=4000, yResolution=3000, SaturationTotalRed=0.7152524810457517, SaturationTotalGreen=0.7220495032679739, SaturationTotalBlue=0.4143253346405229, time=0.6168865740740741, GreenIndex=80.27826666666667, LAI=0.004181333333333333, Utility=650.1813094992696]"
33,9,"[39.643948277777774, -82.81632266666666]",/home/boubin/Images/Photos_20AUG2018/South_Path/Images/67.3Feet/Sorte_1/DJI_0012.JPG,13,67,[],56,[],[],[],[],"[Latitude=39.643948277777774, Longitude=-82.81632266666666, BrightnessTotal=0.6960981763760791, exposureTime=0.005637, xResolution=4000, yResolution=3000, SaturationTotalRed=0.715989535620915, SaturationTotalGreen=0.7106314918300654, SaturationTotalBlue=0.4210138068627451, time=0.6114120370370371, GreenIndex=72.537712, LAI=0.009504, Utility=587.5054225799408]"
33,10,"[39.643523, -82.81548883333333]",/home/boubin/Images/Photos_20AUG2018/South_Path/Images/67.3Feet/Sorte_1/DJI_0052.JPG,51,64,63,4,[],[],[],[],"[Latitude=39.643523, Longitude=-82.81548883333333, BrightnessTotal=0.698529282899065, exposureTime=0.01, xResolution=4000, yResolution=3000, SaturationTotalRed=0.7149283379084967, SaturationTotalGreen=0.7141606496732026, SaturationTotalBlue=0.4259082882352941, time=0.6156597222222222, GreenIndex=73.32471466666667, LAI=0.011877333333333333, Utility=593.8773445939006]"
33,11,"[39.643308499999996, -82.81861516666666]",/home/boubin/Images/Photos_20AUG2018/South_Path/Images/67.3Feet/Sorte_1/DJI_0068.JPG,[],80,88,[],[],[],[],[],"[Latitude=39.643308499999996, Longitude=-82.81861516666666, BrightnessTotal=0.7164715117773865, exposureTime=0.01, xResolution=4000, yResolution=3000, SaturationTotalRed=0.7195017189542484, SaturationTotalGreen=0.7355166826797386, SaturationTotalBlue=0.46572840751633987, time=0.6173148148148148, GreenIndex=72.930816, LAI=0.009722666666666666, Utility=590.6885819032241]"
33,12,"[39.64352208333333, -82.817571]",/home/boubin/Images/Photos_20AUG2018/South_Path/Images/67.3Feet/Sorte_1/DJI_0062.JPG,73,59,28,84,[],[],[],[],"[Latitude=39.64352208333333, Longitude=-82.817571, BrightnessTotal=0.6897453519534308, exposureTime=0.01, xResolution=4000, yResolution=3000, SaturationTotalRed=0.6971703869281045, SaturationTotalGreen=0.7085271493464051, SaturationTotalBlue=0.4151899620915033, time=0.6166898148148148, GreenIndex=77.74076266666667, LAI=0.009306666666666666, Utility=629.6341618941262]"
33,13,"[39.643949138888885, -82.816527]",/home/boubin/Images/Photos_20AUG2018/South_Path/Images/67.3Feet/Sorte_1/DJI_0013.JPG,43,9,[],17,[],[],[],[],"[Latitude=39.643949138888885, Longitude=-82.816527, BrightnessTotal=0.7278074494639281, exposureTime=0.006282, xResolution=4000, yResolution=3000, SaturationTotalRed=0.7485552617647059, SaturationTotalGreen=0.7420639846405228, SaturationTotalBlue=0.45628960490196074, time=0.6115162037037037, GreenIndex=71.23487466666667, LAI=0.0005173333333333333, Utility=576.9576896663343]"
33,14,"[39.64330708333333, -82.81820561111111]",/home/boubin/Images/Photos_20AUG2018/South_Path/Images/67.3Feet/Sorte_1/DJI_0070.JPG,80,32,54,[],[],[],[],[],"[Latitude=39.64330708333333, Longitude=-82.81820561111111, BrightnessTotal=0.6917612848718757, exposureTime=0.01, xResolution=4000, yResolution=3000, SaturationTotalRed=0.7040320379084967, SaturationTotalGreen=0.7098787111111111, SaturationTotalBlue=0.39972874183006535, time=0.6175231481481481, GreenIndex=80.626096, LAI=0.011594666666666666, Utility=652.9970401650405]"
33,15,"[39.64330694444445, -82.81695680555555]",/home/boubin/Images/Photos_20AUG2018/South_Path/Images/67.3Feet/Sorte_1/DJI_0076.JPG,69,18,60,[],[],[],[],[],"[Latitude=39.64330694444445, Longitude=-82.81695680555555, BrightnessTotal=0.7186556198714706, exposureTime=0.01, xResolution=4000, yResolution=3000, SaturationTotalRed=0.7197113254901961, SaturationTotalGreen=0.7383254843137255, SaturationTotalBlue=0.4688944699346405, time=0.6181597222222223, GreenIndex=73.47512, LAI=0.006592, Utility=595.0958680461126]"
33,16,"[39.643949666666664, -82.81527730555555]",/home/boubin/Images/Photos_20AUG2018/South_Path/Images/67.3Feet/Sorte_1/DJI_0007.JPG,40,50,37,75,[],[],[],[],"[Latitude=39.643949666666664, Longitude=-82.81527730555555, BrightnessTotal=0.6864779387695756, exposureTime=0.004639, xResolution=4000, yResolution=3000, SaturationTotalRed=0.7187613869281045, SaturationTotalGreen=0.6982194215686275, SaturationTotalBlue=0.3811241065359477, time=0.6108912037037038, GreenIndex=75.66835733333333, LAI=0.007226666666666667, Utility=612.8542271092356]"
33,17,"[39.643733833333336, -82.81654297222222]",/home/boubin/Images/Photos_20AUG2018/South_Path/Images/67.3Feet/Sorte_1/DJI_0034.JPG,74,56,13,57,[],[],[],[],"[Latitude=39.643733833333336, Longitude=-82.81654297222222, BrightnessTotal=0.71079362112733, exposureTime=0.007844, xResolution=4000, yResolution=3000, SaturationTotalRed=0.7338847300653595, SaturationTotalGreen=0.7246015653594772, SaturationTotalBlue=0.430806027124183, time=0.6137152777777778, GreenIndex=72.58714133333334, LAI=0.007936, Utility=587.9059813843214]"
33,18,"[39.64330511111111, -82.8167493611111]",/home/boubin/Images/Photos_20AUG2018/South_Path/Images/67.3Feet/Sorte_1/DJI_0077.JPG,15,22,52,[],[],[],[],[],"[Latitude=39.64330511111111, Longitude=-82.8167493611111, BrightnessTotal=0.7048057675687104, exposureTime=0.01, xResolution=4000, yResolution=3000, SaturationTotalRed=0.7274167980392158, SaturationTotalGreen=0.7202854892156862, SaturationTotalBlue=0.3972526562091503, time=0.6182638888888888, GreenIndex=80.57588266666667, LAI=0.003808, Utility=652.5909049484619]"
33,19,"[39.64394938888889, -82.81820038888888]",/home/boubin/Images/Photos_20AUG2018/South_Path/Images/67.3Feet/Sorte_1/DJI_0021.JPG,83,77,[],89,[],[],[],[],"[Latitude=39.64394938888889, Longitude=-82.81820038888888, BrightnessTotal=0.7254619315139449, exposureTime=0.006777, xResolution=4000, yResolution=3000, SaturationTotalRed=0.7465669970588236, SaturationTotalGreen=0.7395426918300653, SaturationTotalBlue=0.4544977794117647, time=0.612337962962963, GreenIndex=70.932208, LAI=0.0021973333333333333, Utility=574.5067063482072]"
33,20,"[39.64394841666667, -82.81715299999999]",/home/boubin/Images/Photos_20AUG2018/South_Path/Images/67.3Feet/Sorte_1/DJI_0016.JPG,6,86,[],29,[],[],[],[],"[Latitude=39.64394841666667, Longitude=-82.81715299999999, BrightnessTotal=0.6991471182044359, exposureTime=0.006668, xResolution=4000, yResolution=3000, SaturationTotalRed=0.7124149006535947, SaturationTotalGreen=0.7142634447712418, SaturationTotalBlue=0.4531218928104575, time=0.6118171296296296, GreenIndex=67.10066666666667, LAI=0.0029386666666666667, Utility=543.4810329203799]"
33,21,"[39.64373422222222, -82.81424930555555]",/home/boubin/Images/Photos_20AUG2018/South_Path/Images/67.3Feet/Sorte_1/DJI_0045.JPG,53,[],58,68,[],[],[],[],"[Latitude=39.64373422222222, Longitude=-82.81424930555555, BrightnessTotal=0.7108520549740173, exposureTime=0.008554, xResolution=4000, yResolution=3000, SaturationTotalRed=0.7305842516339869, SaturationTotalGreen=0.7237382617647059, SaturationTotalBlue=0.4654585117647059, time=0.6148842592592593, GreenIndex=64.08757866666667, LAI=0.000816, Utility=519.0836705965309]"
33,22,"[39.643306527777774, -82.81654347222222]",/home/boubin/Images/Photos_20AUG2018/South_Path/Images/67.3Feet/Sorte_1/DJI_0078.JPG,18,66,57,[],[],[],[],[],"[Latitude=39.643306527777774, Longitude=-82.81654347222222, BrightnessTotal=0.6947416469445875, exposureTime=0.008191, xResolution=4000, yResolution=3000, SaturationTotalRed=0.7461463555555556, SaturationTotalGreen=0.700923056862745, SaturationTotalBlue=0.36399368758169937, time=0.6183680555555555, GreenIndex=74.44405333333333, LAI=0.0010026666666666667, Utility=602.9399292328991]"
33,23,"[39.64394822222222, -82.81777925]",/home/boubin/Images/Photos_20AUG2018/South_Path/Images/67.3Feet/Sorte_1/DJI_0019.JPG,77,79,[],76,[],[],[],[],"[Latitude=39.64394822222222, Longitude=-82.81777925, BrightnessTotal=0.7229390837192112, exposureTime=0.006214, xResolution=4000, yResolution=3000, SaturationTotalRed=0.7421962199346406, SaturationTotalGreen=0.7382647173202613, SaturationTotalBlue=0.44168405588235293, time=0.6121296296296296, GreenIndex=74.64781866666667, LAI=0.001248, Utility=604.5924456382054]"
33,24,"[39.64373527777778, -82.81737491666667]",/home/boubin/Images/Photos_20AUG2018/South_Path/Images/67.3Feet/Sorte_1/DJI_0030.JPG,28,29,6,59,[],[],[],[],"[Latitude=39.64373527777778, Longitude=-82.81737491666667, BrightnessTotal=0.7087325234532211, exposureTime=0.007802, xResolution=4000, yResolution=3000, SaturationTotalRed=0.7191879362745098, SaturationTotalGreen=0.7261763081699346, SaturationTotalBlue=0.44163160653594774, time=0.6132986111111111, GreenIndex=74.42205866666667, LAI=0.009285333333333333, Utility=602.7636104280631]"
33,25,"[39.64373505555555, -82.81799722222222]",/home/boubin/Images/Photos_20AUG2018/South_Path/Images/67.3Feet/Sorte_1/DJI_0027.JPG,89,76,77,8,[],[],[],[],"[Latitude=39.64373505555555, Longitude=-82.81799722222222, BrightnessTotal=0.7148027766704466, exposureTime=0.006316, xResolution=4000, yResolution=3000, SaturationTotalRed=0.7405547676470589, SaturationTotalGreen=0.7285322071895425, SaturationTotalBlue=0.42041417941176473, time=0.6129745370370371, GreenIndex=75.53793066666667, LAI=0.0006773333333333333, Utility=611.7992314608113]"
33,26,"[39.643523, -82.81590530555555]",/home/boubin/Images/Photos_20AUG2018/South_Path/Images/67.3Feet/Sorte_1/DJI_0054.JPG,42,51,36,70,[],[],[],[],"[Latitude=39.643523, Longitude=-82.81590530555555, BrightnessTotal=0.6813622014431766, exposureTime=0.01, xResolution=4000, yResolution=3000, SaturationTotalRed=0.6891902591503268, SaturationTotalGreen=0.6991536111111111, SaturationTotalBlue=0.4202904588235294, time=0.6158680555555556, GreenIndex=73.70073066666667, LAI=0.014144, Utility=596.9211824007205]"
33,27,"[39.64394933333333, -82.81465758333333]",/home/boubin/Images/Photos_20AUG2018/South_Path/Images/67.3Feet/Sorte_1/DJI_0004.JPG,41,34,37,71,[],[],[],[],"[Latitude=39.64394933333333, Longitude=-82.81465758333333, BrightnessTotal=0.7001852486375056, exposureTime=0.005169, xResolution=4000, yResolution=3000, SaturationTotalRed=0.7172904228758169, SaturationTotalGreen=0.7162411107843137, SaturationTotalBlue=0.4162088434640523, time=0.6105787037037037, GreenIndex=76.289376, LAI=0.012170666666666666, Utility=617.8835200165908]"
33,28,"[39.64373527777778, -82.81758294444444]",/home/boubin/Images/Photos_20AUG2018/South_Path/Images/67.3Feet/Sorte_1/DJI_0029.JPG,76,24,79,12,[],[],[],[],"[Latitude=39.64373527777778, Longitude=-82.81758294444444, BrightnessTotal=0.7013980347838894, exposureTime=0.006282, xResolution=4000, yResolution=3000, SaturationTotalRed=0.7253192885620916, SaturationTotalGreen=0.7156641748366013, SaturationTotalBlue=0.4069055993464052, time=0.6131944444444445, GreenIndex=76.35873066666667, LAI=0.0015466666666666667, Utility=618.4446871331569]"
33,29,"[39.64373508333333, -82.81716563888888]",/home/boubin/Images/Photos_20AUG2018/South_Path/Images/67.3Feet/Sorte_1/DJI_0031.JPG,24,48,20,65,[],[],[],[],"[Latitude=39.64373508333333, Longitude=-82.81716563888888, BrightnessTotal=0.6900524177681997, exposureTime=0.008016, xResolution=4000, yResolution=3000, SaturationTotalRed=0.6968044535947713, SaturationTotalGreen=0.7082008980392157, SaturationTotalBlue=0.4302535823529412, time=0.6134027777777777, GreenIndex=73.81848533333333, LAI=0.015237333333333334, Utility=597.8754874005268]"
33,30,"[39.643307666666665, -82.81778888888888]",/home/boubin/Images/Photos_20AUG2018/South_Path/Images/67.3Feet/Sorte_1/DJI_0072.JPG,32,84,73,[],[],[],[],[],"[Latitude=39.643307666666665, Longitude=-82.81778888888888, BrightnessTotal=0.7073841699879798, exposureTime=0.01, xResolution=4000, yResolution=3000, SaturationTotalRed=0.7298426810457516, SaturationTotalGreen=0.7228059267973856, SaturationTotalBlue=0.40232709901960784, time=0.6177314814814815, GreenIndex=79.996064, LAI=0.0035786666666666666, Utility=647.896246952123]"
33,31,"[39.64330783333333, -82.81508283333334]",/home/boubin/Images/Photos_20AUG2018/South_Path/Images/67.3Feet/Sorte_1/DJI_0085.JPG,38,78,39,[],[],[],[],[],"[Latitude=39.64330783333333, Longitude=-82.81508283333334, BrightnessTotal=0.7031993882292603, exposureTime=0.01, xResolution=4000, yResolution=3000, SaturationTotalRed=0.7172250078431373, SaturationTotalGreen=0.7209296379084967, SaturationTotalBlue=0.40901842614379086, time=0.6191087962962963, GreenIndex=80.51762133333334, LAI=0.008970666666666667, Utility=652.1189953736356]"
33,32,"[39.643306861111114, -82.81799719444444]",/home/boubin/Images/Photos_20AUG2018/South_Path/Images/67.3Feet/Sorte_1/DJI_0071.JPG,14,30,8,[],[],[],[],[],"[Latitude=39.643306861111114, Longitude=-82.81799719444444, BrightnessTotal=0.7038308411317904, exposureTime=0.01, xResolution=4000, yResolution=3000, SaturationTotalRed=0.726094543137255, SaturationTotalGreen=0.7191336839869281, SaturationTotalBlue=0.4015878702614379, time=0.6176273148148148, GreenIndex=79.237632, LAI=0.008176, Utility=641.7549616382549]"
33,33,"[39.64373666666667, -82.81861555555555]",/home/boubin/Images/Photos_20AUG2018/South_Path/Images/67.3Feet/Sorte_1/DJI_0024.JPG,[],61,44,88,[],[],[],[],"[Latitude=39.64373666666667, Longitude=-82.81861555555555, BrightnessTotal=0.676977199667826, exposureTime=0.006114, xResolution=4000, yResolution=3000, SaturationTotalRed=0.6950297764705883, SaturationTotalGreen=0.6915094624183007, SaturationTotalBlue=0.41039903888888885, time=0.612662037037037, GreenIndex=70.856784, LAI=0.008293333333333333, Utility=573.8935921387533]"
33,34,"[39.64395063888889, -82.81445152777778]",/home/boubin/Images/Photos_20AUG2018/South_Path/Images/67.3Feet/Sorte_1/DJI_0003.JPG,27,58,37,53,[],[],[],[],"[Latitude=39.64395063888889, Longitude=-82.81445152777778, BrightnessTotal=0.7103841549935903, exposureTime=0.005457, xResolution=4000, yResolution=3000, SaturationTotalRed=0.7329428405228757, SaturationTotalGreen=0.7230853431372549, SaturationTotalBlue=0.4519268382352941, time=0.610474537037037, GreenIndex=66.669808, LAI=0.002714666666666667, Utility=539.9930171396447]"
33,35,"[39.64529322222222, -82.81497980555555]",/home/boubin/Images/Photos_20AUG2018/South_Path/Images/67.3Feet/Sorte_1/DJI_0001.JPG,[],[],[],50,[],[],[],[],"[Latitude=39.64529322222222, Longitude=-82.81497980555555, BrightnessTotal=0.7823105743743972, exposureTime=0.007154, xResolution=4000, yResolution=3000, SaturationTotalRed=0.7897730369281045, SaturationTotalGreen=0.7999402261437909, SaturationTotalBlue=0.5356994996732026, time=0.6100694444444444, GreenIndex=69.99138666666667, LAI=0.002208, Utility=566.8919645527421]"
33,36,"[39.643736555555556, -82.81591863888889]",/home/boubin/Images/Photos_20AUG2018/South_Path/Images/67.3Feet/Sorte_1/DJI_0037.JPG,45,87,1,26,[],[],[],[],"[Latitude=39.643736555555556, Longitude=-82.81591863888889, BrightnessTotal=0.704579871058853, exposureTime=0.009278, xResolution=4000, yResolution=3000, SaturationTotalRed=0.7198341058823529, SaturationTotalGreen=0.7206027375816993, SaturationTotalBlue=0.4328693751633987, time=0.6140393518518519, GreenIndex=73.63738133333334, LAI=0.007045333333333333, Utility=596.4096161305919]"
33,37,"[39.6452825, -82.81492075]",/home/boubin/Images/Photos_20AUG2018/South_Path/Images/67.3Feet/Sorte_1/DJI_0090.JPG,[],[],[],41,[],[],[],[],"[Latitude=39.6452825, Longitude=-82.81492075, BrightnessTotal=0.6936768413891014, exposureTime=0.01, xResolution=4000, yResolution=3000, SaturationTotalRed=0.7071213565359477, SaturationTotalGreen=0.7108113493464052, SaturationTotalBlue=0.41218438006535946, time=0.6199421296296296, GreenIndex=77.14503466666666, LAI=0.008944, Utility=624.810096936714]"
33,38,"[39.64330825, -82.81529144444444]",/home/boubin/Images/Photos_20AUG2018/South_Path/Images/67.3Feet/Sorte_1/DJI_0084.JPG,4,31,64,[],[],[],[],[],"[Latitude=39.64330825, Longitude=-82.81529144444444, BrightnessTotal=0.7018032011552706, exposureTime=0.01, xResolution=4000, yResolution=3000, SaturationTotalRed=0.7099406071895424, SaturationTotalGreen=0.7214497196078431, SaturationTotalBlue=0.4094755692810457, time=0.6190046296296297, GreenIndex=82.50800533333333, LAI=0.009370666666666666, Utility=668.2353968926338]"
33,39,"[39.64352236111111, -82.81506938888889]",/home/boubin/Images/Photos_20AUG2018/South_Path/Images/67.3Feet/Sorte_1/DJI_0050.JPG,64,5,55,31,[],[],[],[],"[Latitude=39.64352236111111, Longitude=-82.81506938888889, BrightnessTotal=0.6733722834876993, exposureTime=0.01, xResolution=4000, yResolution=3000, SaturationTotalRed=0.7002414241830066, SaturationTotalGreen=0.6857463339869282, SaturationTotalBlue=0.38952025, time=0.6154513888888888, GreenIndex=71.89812266666667, LAI=0.009541333333333334, Utility=582.3247713663767]"
33,40,"[39.64394958333333, -82.81548611111111]",/home/boubin/Images/Photos_20AUG2018/South_Path/Images/67.3Feet/Sorte_1/DJI_0008.JPG,46,16,35,63,[],[],[],[],"[Latitude=39.64394958333333, Longitude=-82.81548611111111, BrightnessTotal=0.7256005826483395, exposureTime=0.005311, xResolution=4000, yResolution=3000, SaturationTotalRed=0.75831212875817, SaturationTotalGreen=0.7373925379084968, SaturationTotalBlue=0.42326672973856205, time=0.6109953703703703, GreenIndex=74.844752, LAI=0.001392, Utility=606.1872701679104]"
33,41,"[39.64394855555555, -82.81486138888889]",/home/boubin/Images/Photos_20AUG2018/South_Path/Images/67.3Feet/Sorte_1/DJI_0005.JPG,50,27,37,5,[],[],[],[],"[Latitude=39.64394855555555, Longitude=-82.81486138888889, BrightnessTotal=0.6993078460641275, exposureTime=0.005169, xResolution=4000, yResolution=3000, SaturationTotalRed=0.7146374107843138, SaturationTotalGreen=0.7164767055555555, SaturationTotalBlue=0.4064553934640523, time=0.6106828703703704, GreenIndex=79.598768, LAI=0.009066666666666667, Utility=644.6800796408145]"
33,42,"[39.64352352777778, -82.81611488888889]",/home/boubin/Images/Photos_20AUG2018/South_Path/Images/67.3Feet/Sorte_1/DJI_0055.JPG,72,26,45,82,[],[],[],[],"[Latitude=39.64352352777778, Longitude=-82.81611488888889, BrightnessTotal=0.7071736251016846, exposureTime=0.01, xResolution=4000, yResolution=3000, SaturationTotalRed=0.7099416816993465, SaturationTotalGreen=0.7258176199346406, SaturationTotalBlue=0.4633611486928105, time=0.6159606481481481, GreenIndex=71.004144, LAI=0.008853333333333333, Utility=575.0878172337058]"
33,43,"[39.643948055555555, -82.81673991666666]",/home/boubin/Images/Photos_20AUG2018/South_Path/Images/67.3Feet/Sorte_1/DJI_0014.JPG,86,13,[],74,[],[],[],[],"[Latitude=39.643948055555555, Longitude=-82.81673991666666, BrightnessTotal=0.6887687995687786, exposureTime=0.00573, xResolution=4000, yResolution=3000, SaturationTotalRed=0.7067834581699346, SaturationTotalGreen=0.7031440388888889, SaturationTotalBlue=0.4265845382352941, time=0.6116203703703704, GreenIndex=69.63949333333333, LAI=0.0024693333333333334, Utility=564.0377631122261]"
33,44,"[39.64394847222222, -82.81861647222222]",/home/boubin/Images/Photos_20AUG2018/South_Path/Images/67.3Feet/Sorte_1/DJI_0023.JPG,[],83,[],33,[],[],[],[],"[Latitude=39.64394847222222, Longitude=-82.81861647222222, BrightnessTotal=0.6885325178955054, exposureTime=0.006385, xResolution=4000, yResolution=3000, SaturationTotalRed=0.7035766679738562, SaturationTotalGreen=0.7037358163398693, SaturationTotalBlue=0.42983418267973855, time=0.6125462962962963, GreenIndex=69.92235733333334, LAI=0.005168, Utility=566.3280093249239]"
33,45,"[39.643734583333334, -82.81612538888889]",/home/boubin/Images/Photos_20AUG2018/South_Path/Images/67.3Feet/Sorte_1/DJI_0036.JPG,56,36,67,42,[],[],[],[],"[Latitude=39.643734583333334, Longitude=-82.81612538888889, BrightnessTotal=0.7064505105817608, exposureTime=0.009379, xResolution=4000, yResolution=3000, SaturationTotalRed=0.7233530640522875, SaturationTotalGreen=0.7216387732026144, SaturationTotalBlue=0.4393288055555556, time=0.6139236111111112, GreenIndex=71.588144, LAI=0.006266666666666667, Utility=579.8167546554845]"
33,46,"[39.64395038888889, -82.81569461111111]",/home/boubin/Images/Photos_20AUG2018/South_Path/Images/67.3Feet/Sorte_1/DJI_0009.JPG,1,40,35,87,[],[],[],[],"[Latitude=39.64395038888889, Longitude=-82.81569461111111, BrightnessTotal=0.7112118137335082, exposureTime=0.005226, xResolution=4000, yResolution=3000, SaturationTotalRed=0.7403468859477124, SaturationTotalGreen=0.7242353764705883, SaturationTotalBlue=0.4073898852941177, time=0.611099537037037, GreenIndex=76.74626666666667, LAI=0.0010666666666666667, Utility=621.5834031053832]"
33,47,"[39.64330705555555, -82.81466511111111]",/home/boubin/Images/Photos_20AUG2018/South_Path/Images/67.3Feet/Sorte_1/DJI_0087.JPG,78,2,62,[],[],[],[],[],"[Latitude=39.64330705555555, Longitude=-82.81466511111111, BrightnessTotal=0.7031750600635228, exposureTime=0.01, xResolution=4000, yResolution=3000, SaturationTotalRed=0.7133133614379085, SaturationTotalGreen=0.7205670692810459, SaturationTotalBlue=0.438104908496732, time=0.6193171296296296, GreenIndex=73.92309333333333, LAI=0.011168, Utility=598.7221740992724]"
33,48,"[39.64373341666666, -82.81695591666666]",/home/boubin/Images/Photos_20AUG2018/South_Path/Images/67.3Feet/Sorte_1/DJI_0032.JPG,29,74,86,60,[],[],[],[],"[Latitude=39.64373341666666, Longitude=-82.81695591666666, BrightnessTotal=0.6919997993813423, exposureTime=0.007154, xResolution=4000, yResolution=3000, SaturationTotalRed=0.7037418532679739, SaturationTotalGreen=0.7093967947712418, SaturationTotalBlue=0.415974622875817, time=0.6135069444444444, GreenIndex=76.325328, LAI=0.010133333333333333, Utility=618.1737892613779]"
33,49,"[39.643521194444446, -82.81840597222222]",/home/boubin/Images/Photos_20AUG2018/South_Path/Images/67.3Feet/Sorte_1/DJI_0066.JPG,88,54,61,80,[],[],[],[],"[Latitude=39.643521194444446, Longitude=-82.81840597222222, BrightnessTotal=0.7134934590246732, exposureTime=0.01, xResolution=4000, yResolution=3000, SaturationTotalRed=0.7198428055555555, SaturationTotalGreen=0.7331140287581699, SaturationTotalBlue=0.43404464183006536, time=0.6170949074074074, GreenIndex=79.66577066666666, LAI=0.010512, Utility=645.2223178167751]"
33,50,"[39.64394797222222, -82.81507069444444]",/home/boubin/Images/Photos_20AUG2018/South_Path/Images/67.3Feet/Sorte_1/DJI_0006.JPG,16,41,37,55,[],[],[],[],"[Latitude=39.64394797222222, Longitude=-82.81507069444444, BrightnessTotal=0.6992580778760209, exposureTime=0.00495, xResolution=4000, yResolution=3000, SaturationTotalRed=0.7233266575163398, SaturationTotalGreen=0.7137660741830065, SaturationTotalBlue=0.3991177993464052, time=0.6107870370370371, GreenIndex=77.844272, LAI=0.005082666666666667, Utility=630.4736052147687]"
33,51,"[39.643522, -82.81569780555556]",/home/boubin/Images/Photos_20AUG2018/South_Path/Images/67.3Feet/Sorte_1/DJI_0053.JPG,26,10,87,81,[],[],[],[],"[Latitude=39.643522, Longitude=-82.81569780555556, BrightnessTotal=0.6982826283326042, exposureTime=0.01, xResolution=4000, yResolution=3000, SaturationTotalRed=0.7036378921568628, SaturationTotalGreen=0.7165258588235294, SaturationTotalBlue=0.4457674160130719, time=0.6157638888888889, GreenIndex=72.35548266666666, LAI=0.009557333333333333, Utility=586.0293778780638]"
33,52,"[39.643519805555556, -82.8167391111111]",/home/boubin/Images/Photos_20AUG2018/South_Path/Images/67.3Feet/Sorte_1/DJI_0058.JPG,60,57,74,18,[],[],[],[],"[Latitude=39.643519805555556, Longitude=-82.8167391111111, BrightnessTotal=0.6960252808111679, exposureTime=0.01, xResolution=4000, yResolution=3000, SaturationTotalRed=0.6936685797385621, SaturationTotalGreen=0.7163316555555556, SaturationTotalBlue=0.4523501153594771, time=0.6162731481481482, GreenIndex=73.10911466666667, LAI=0.015461333333333334, Utility=592.1314949789213]"
33,53,"[39.643734277777774, -82.81445813888888]",/home/boubin/Images/Photos_20AUG2018/South_Path/Images/67.3Feet/Sorte_1/DJI_0044.JPG,71,21,34,3,[],[],[],[],"[Latitude=39.643734277777774, Longitude=-82.81445813888888, BrightnessTotal=0.7120229141777673, exposureTime=0.01, xResolution=4000, yResolution=3000, SaturationTotalRed=0.7362475042483659, SaturationTotalGreen=0.7242844470588236, SaturationTotalBlue=0.45130197908496733, time=0.6147800925925926, GreenIndex=66.580624, LAI=0.002128, Utility=539.2702534479439]"
33,54,"[39.643522499999996, -82.81819722222222]",/home/boubin/Images/Photos_20AUG2018/South_Path/Images/67.3Feet/Sorte_1/DJI_0065.JPG,49,8,89,14,[],[],[],[],"[Latitude=39.643522499999996, Longitude=-82.81819722222222, BrightnessTotal=0.7009452275621214, exposureTime=0.01, xResolution=4000, yResolution=3000, SaturationTotalRed=0.7120144614379086, SaturationTotalGreen=0.719774929738562, SaturationTotalBlue=0.4050283934640523, time=0.6169907407407408, GreenIndex=82.26710933333334, LAI=0.0062506666666666665, Utility=666.2850945100068]"
33,55,"[39.64373505555555, -82.81508611111111]",/home/boubin/Images/Photos_20AUG2018/South_Path/Images/67.3Feet/Sorte_1/DJI_0041.JPG,75,71,50,39,[],[],[],[],"[Latitude=39.64373505555555, Longitude=-82.81508611111111, BrightnessTotal=0.7041818683948217, exposureTime=0.009128, xResolution=4000, yResolution=3000, SaturationTotalRed=0.7356037669934641, SaturationTotalGreen=0.7162469993464052, SaturationTotalBlue=0.4017269232026144, time=0.6144560185185185, GreenIndex=75.357744, LAI=0.0036533333333333335, Utility=610.3394413192256]"
33,56,"[39.64373505555555, -82.81633452777777]",/home/boubin/Images/Photos_20AUG2018/South_Path/Images/67.3Feet/Sorte_1/DJI_0035.JPG,17,45,9,72,[],[],[],[],"[Latitude=39.64373505555555, Longitude=-82.81633452777777, BrightnessTotal=0.7046096741823521, exposureTime=0.009128, xResolution=4000, yResolution=3000, SaturationTotalRed=0.7153846607843137, SaturationTotalGreen=0.7213933813725489, SaturationTotalBlue=0.4461395663398693, time=0.6138194444444445, GreenIndex=71.79421866666667, LAI=0.01008, Utility=581.4853362300308]"
33,57,"[39.643522222222224, -82.81652980555555]",/home/boubin/Images/Photos_20AUG2018/South_Path/Images/67.3Feet/Sorte_1/DJI_0057.JPG,52,72,17,22,[],[],[],[],"[Latitude=39.643522222222224, Longitude=-82.81652980555555, BrightnessTotal=0.7049104323659823, exposureTime=0.01, xResolution=4000, yResolution=3000, SaturationTotalRed=0.7133916375816994, SaturationTotalGreen=0.7232276039215686, SaturationTotalBlue=0.43409753790849676, time=0.6161689814814815, GreenIndex=76.301536, LAI=0.009274666666666667, Utility=617.9813608781124]"
33,58,"[39.643950527777776, -82.81424255555555]",/home/boubin/Images/Photos_20AUG2018/South_Path/Images/67.3Feet/Sorte_1/DJI_0002.JPG,34,[],37,21,[],[],[],[],"[Latitude=39.643950527777776, Longitude=-82.81424255555555, BrightnessTotal=0.7079342630120263, exposureTime=0.004639, xResolution=4000, yResolution=3000, SaturationTotalRed=0.7361364964052288, SaturationTotalGreen=0.7188009464052287, SaturationTotalBlue=0.4464149794117647, time=0.6103819444444445, GreenIndex=65.03170666666666, LAI=0.00029866666666666664, Utility=526.7289407529476]"
33,59,"[39.643523277777774, -82.81736008333333]",/home/boubin/Images/Photos_20AUG2018/South_Path/Images/67.3Feet/Sorte_1/DJI_0061.JPG,12,65,24,7,[],[],[],[],"[Latitude=39.643523277777774, Longitude=-82.81736008333333, BrightnessTotal=0.6857297424881696, exposureTime=0.01, xResolution=4000, yResolution=3000, SaturationTotalRed=0.6946736604575163, SaturationTotalGreen=0.7037472045751634, SaturationTotalBlue=0.4148139401960784, time=0.6165856481481482, GreenIndex=76.04315733333334, LAI=0.007141333333333334, Utility=615.8882270801868]"
33,60,"[39.643522222222224, -82.81694566666667]",/home/boubin/Images/Photos_20AUG2018/South_Path/Images/67.3Feet/Sorte_1/DJI_0059.JPG,65,52,48,15,[],[],[],[],"[Latitude=39.643522222222224, Longitude=-82.81694566666667, BrightnessTotal=0.6981148049442223, exposureTime=0.01, xResolution=4000, yResolution=3000, SaturationTotalRed=0.6930051885620915, SaturationTotalGreen=0.7189223993464052, SaturationTotalBlue=0.46144899836601305, time=0.6163773148148148, GreenIndex=72.30488, LAI=0.008208, Utility=585.6195965563143]"
33,61,"[39.64373691666667, -82.81841041666667]",/home/boubin/Images/Photos_20AUG2018/South_Path/Images/67.3Feet/Sorte_1/DJI_0025.JPG,33,89,83,49,[],[],[],[],"[Latitude=39.64373691666667, Longitude=-82.81841041666667, BrightnessTotal=0.721703767650911, exposureTime=0.00739, xResolution=4000, yResolution=3000, SaturationTotalRed=0.7369222960784314, SaturationTotalGreen=0.7369960532679739, SaturationTotalBlue=0.4642267722222222, time=0.6127662037037037, GreenIndex=69.608336, LAI=0.001744, Utility=563.7869144319874]"
33,62,"[39.64352175, -82.81465916666666]",/home/boubin/Images/Photos_20AUG2018/South_Path/Images/67.3Feet/Sorte_1/DJI_0048.JPG,5,3,71,47,[],[],[],[],"[Latitude=39.64352175, Longitude=-82.81465916666666, BrightnessTotal=0.6933066873457671, exposureTime=0.01, xResolution=4000, yResolution=3000, SaturationTotalRed=0.7203422441176471, SaturationTotalGreen=0.705828583986928, SaturationTotalBlue=0.4088886483660131, time=0.6152430555555556, GreenIndex=72.04818666666667, LAI=0.006021333333333333, Utility=583.540864656632]"
33,63,"[39.643735388888885, -82.81549861111111]",/home/boubin/Images/Photos_20AUG2018/South_Path/Images/67.3Feet/Sorte_1/DJI_0039.JPG,87,75,40,10,[],[],[],[],"[Latitude=39.643735388888885, Longitude=-82.81549861111111, BrightnessTotal=0.697885739244419, exposureTime=0.008933, xResolution=4000, yResolution=3000, SaturationTotalRed=0.7179986862745098, SaturationTotalGreen=0.7133068666666667, SaturationTotalBlue=0.40617034313725486, time=0.6142476851851851, GreenIndex=77.193728, LAI=0.004138666666666666, Utility=625.2054589425918]"
33,64,"[39.64352344444444, -82.81527927777778]",/home/boubin/Images/Photos_20AUG2018/South_Path/Images/67.3Feet/Sorte_1/DJI_0051.JPG,10,39,75,38,[],[],[],[],"[Latitude=39.64352344444444, Longitude=-82.81527927777778, BrightnessTotal=0.6560319241491074, exposureTime=0.01, xResolution=4000, yResolution=3000, SaturationTotalRed=0.6867408486928105, SaturationTotalGreen=0.6674766117647059, SaturationTotalBlue=0.36099047352941177, time=0.6155555555555555, GreenIndex=73.32048, LAI=0.013984, Utility=593.8409084420673]"
33,65,"[39.64352111111111, -82.8171556111111]",/home/boubin/Images/Photos_20AUG2018/South_Path/Images/67.3Feet/Sorte_1/DJI_0060.JPG,59,60,29,69,[],[],[],[],"[Latitude=39.64352111111111, Longitude=-82.8171556111111, BrightnessTotal=0.7129616423469887, exposureTime=0.01, xResolution=4000, yResolution=3000, SaturationTotalRed=0.7161988431372549, SaturationTotalGreen=0.7320882839869282, SaturationTotalBlue=0.4594093905228758, time=0.6164814814814815, GreenIndex=73.597456, LAI=0.005258666666666667, Utility=596.0864206624699]"
33,66,"[39.64330691666667, -82.8163341111111]",/home/boubin/Images/Photos_20AUG2018/South_Path/Images/67.3Feet/Sorte_1/DJI_0079.JPG,22,82,72,[],[],[],[],[],"[Latitude=39.64330691666667, Longitude=-82.8163341111111, BrightnessTotal=0.7133853811543867, exposureTime=0.01, xResolution=4000, yResolution=3000, SaturationTotalRed=0.7315734588235294, SaturationTotalGreen=0.7298805967320261, SaturationTotalBlue=0.4169588689542484, time=0.6184722222222222, GreenIndex=79.450528, LAI=0.0047146666666666665, Utility=643.4791670010003]"
33,67,"[39.643949194444446, -82.81611458333333]",/home/boubin/Images/Photos_20AUG2018/South_Path/Images/67.3Feet/Sorte_1/DJI_0011.JPG,9,1,[],45,[],[],[],[],"[Latitude=39.643949194444446, Longitude=-82.81611458333333, BrightnessTotal=0.7217881329361782, exposureTime=0.006248, xResolution=4000, yResolution=3000, SaturationTotalRed=0.7399116764705883, SaturationTotalGreen=0.7371494996732025, SaturationTotalBlue=0.44648867418300653, time=0.6113078703703704, GreenIndex=73.45466133333333, LAI=0.0020906666666666665, Utility=594.931369151215]"
33,68,"[39.643522499999996, -82.81424569444444]",/home/boubin/Images/Photos_20AUG2018/South_Path/Images/67.3Feet/Sorte_1/DJI_0046.JPG,3,[],21,85,[],[],[],[],"[Latitude=39.643522499999996, Longitude=-82.81424569444444, BrightnessTotal=0.7173222986790065, exposureTime=0.007802, xResolution=4000, yResolution=3000, SaturationTotalRed=0.7363180803921568, SaturationTotalGreen=0.7287926209150327, SaturationTotalBlue=0.498126627124183, time=0.6150347222222222, GreenIndex=56.907210666666664, LAI=0.00021333333333333333, Utility=460.9435236959245]"
33,69,"[39.64330841666666, -82.81716794444444]",/home/boubin/Images/Photos_20AUG2018/South_Path/Images/67.3Feet/Sorte_1/DJI_0075.JPG,7,15,65,[],[],[],[],[],"[Latitude=39.64330841666666, Longitude=-82.81716794444444, BrightnessTotal=0.7060767038681227, exposureTime=0.01, xResolution=4000, yResolution=3000, SaturationTotalRed=0.7192936173202614, SaturationTotalGreen=0.7234769248366013, SaturationTotalBlue=0.4230926359477124, time=0.6180555555555556, GreenIndex=77.70331733333333, LAI=0.0073813333333333335, Utility=629.3315005304609]"
33,70,"[39.64330925, -82.81591833333333]",/home/boubin/Images/Photos_20AUG2018/South_Path/Images/67.3Feet/Sorte_1/DJI_0081.JPG,82,81,26,[],[],[],[],[],"[Latitude=39.64330925, Longitude=-82.81591833333333, BrightnessTotal=0.7057740699492032, exposureTime=0.01, xResolution=4000, yResolution=3000, SaturationTotalRed=0.7218087493464052, SaturationTotalGreen=0.7232828408496732, SaturationTotalBlue=0.4033998179738562, time=0.6186805555555556, GreenIndex=82.03677866666666, LAI=0.004085333333333333, Utility=664.4200070378427]"
33,71,"[39.64373411111111, -82.81466627777777]",/home/boubin/Images/Photos_20AUG2018/South_Path/Images/67.3Feet/Sorte_1/DJI_0043.JPG,55,53,27,62,[],[],[],[],"[Latitude=39.64373411111111, Longitude=-82.81466627777777, BrightnessTotal=0.6890631293428345, exposureTime=0.01, xResolution=4000, yResolution=3000, SaturationTotalRed=0.7107849104575164, SaturationTotalGreen=0.7029719624183006, SaturationTotalBlue=0.4126662934640523, time=0.6146759259259259, GreenIndex=72.09382933333333, LAI=0.007146666666666667, Utility=583.9103597357829]"
33,72,"[39.643520861111114, -82.81632169444444]",/home/boubin/Images/Photos_20AUG2018/South_Path/Images/67.3Feet/Sorte_1/DJI_0056.JPG,57,42,56,66,[],[],[],[],"[Latitude=39.643520861111114, Longitude=-82.81632169444444, BrightnessTotal=0.6796833383917867, exposureTime=0.01, xResolution=4000, yResolution=3000, SaturationTotalRed=0.6794652261437909, SaturationTotalGreen=0.6995199545751634, SaturationTotalBlue=0.43012456732026144, time=0.6160648148148148, GreenIndex=73.844464, LAI=0.020650666666666668, Utility=598.0849462628901]"
33,73,"[39.64352183333333, -82.81778008333333]",/home/boubin/Images/Photos_20AUG2018/South_Path/Images/67.3Feet/Sorte_1/DJI_0063.JPG,8,12,76,30,[],[],[],[],"[Latitude=39.64352183333333, Longitude=-82.81778008333333, BrightnessTotal=0.7078987994921236, exposureTime=0.01, xResolution=4000, yResolution=3000, SaturationTotalRed=0.7240000401960784, SaturationTotalGreen=0.7245223598039215, SaturationTotalBlue=0.42123451699346404, time=0.6167824074074074, GreenIndex=77.504416, LAI=0.0024746666666666667, Utility=627.7212453859702]"
33,74,"[39.64373486111111, -82.81675002777777]",/home/boubin/Images/Photos_20AUG2018/South_Path/Images/67.3Feet/Sorte_1/DJI_0033.JPG,48,17,43,52,[],[],[],[],"[Latitude=39.64373486111111, Longitude=-82.81675002777777, BrightnessTotal=0.7190017211319539, exposureTime=0.007929, xResolution=4000, yResolution=3000, SaturationTotalRed=0.7342336692810458, SaturationTotalGreen=0.7356144869281046, SaturationTotalBlue=0.43926213431372546, time=0.6136111111111111, GreenIndex=75.96090133333334, LAI=0.004613333333333333, Utility=615.2242528466805]"
33,75,"[39.643733805555556, -82.81529233333333]",/home/boubin/Images/Photos_20AUG2018/South_Path/Images/67.3Feet/Sorte_1/DJI_0040.JPG,63,55,16,64,[],[],[],[],"[Latitude=39.643733805555556, Longitude=-82.81529233333333, BrightnessTotal=0.6904717749222362, exposureTime=0.008103, xResolution=4000, yResolution=3000, SaturationTotalRed=0.7239778418300654, SaturationTotalGreen=0.7021866568627452, SaturationTotalBlue=0.3781517065359477, time=0.6143518518518518, GreenIndex=77.17281066666666, LAI=0.0014026666666666666, Utility=625.0356223575678]"
33,76,"[39.643737027777775, -82.81779180555556]",/home/boubin/Images/Photos_20AUG2018/South_Path/Images/67.3Feet/Sorte_1/DJI_0028.JPG,25,28,23,73,[],[],[],[],"[Latitude=39.643737027777775, Longitude=-82.81779180555556, BrightnessTotal=0.7220597377451492, exposureTime=0.006888, xResolution=4000, yResolution=3000, SaturationTotalRed=0.7441199679738563, SaturationTotalGreen=0.7364827588235294, SaturationTotalBlue=0.4392829683006536, time=0.6130787037037037, GreenIndex=73.88489066666666, LAI=0.00033066666666666666, Utility=598.4146976315864]"
33,77,"[39.64395041666667, -82.81798780555555]",/home/boubin/Images/Photos_20AUG2018/South_Path/Images/67.3Feet/Sorte_1/DJI_0020.JPG,19,23,[],25,[],[],[],[],"[Latitude=39.64395041666667, Longitude=-82.81798780555555, BrightnessTotal=0.7066857320351285, exposureTime=0.005792, xResolution=4000, yResolution=3000, SaturationTotalRed=0.7250782859477124, SaturationTotalGreen=0.7228800820261437, SaturationTotalBlue=0.41330468366013073, time=0.6122337962962963, GreenIndex=78.45528533333334, LAI=0.0016693333333333334, Utility=635.4212305883008]"
33,78,"[39.64330758333333, -82.81487555555556]",/home/boubin/Images/Photos_20AUG2018/South_Path/Images/67.3Feet/Sorte_1/DJI_0086.JPG,31,47,5,[],[],[],[],[],"[Latitude=39.64330758333333, Longitude=-82.81487555555556, BrightnessTotal=0.6967381619482707, exposureTime=0.01, xResolution=4000, yResolution=3000, SaturationTotalRed=0.7063422379084967, SaturationTotalGreen=0.7151493062091504, SaturationTotalBlue=0.4165770339869281, time=0.6192129629629629, GreenIndex=78.42245866666667, LAI=0.013050666666666667, Utility=635.1538679390393]"
33,79,"[39.64394769444444, -82.8175713611111]",/home/boubin/Images/Photos_20AUG2018/South_Path/Images/67.3Feet/Sorte_1/DJI_0018.JPG,23,6,[],28,[],[],[],[],"[Latitude=39.64394769444444, Longitude=-82.8175713611111, BrightnessTotal=0.7241361247684748, exposureTime=0.005919, xResolution=4000, yResolution=3000, SaturationTotalRed=0.7541469464052287, SaturationTotalGreen=0.7360293620915033, SaturationTotalBlue=0.43665774803921564, time=0.612025462962963, GreenIndex=71.753104, LAI=0.00032533333333333334, Utility=581.1535443981503]"
33,80,"[39.64330872222222, -82.81840869444444]",/home/boubin/Images/Photos_20AUG2018/South_Path/Images/67.3Feet/Sorte_1/DJI_0069.JPG,11,14,49,[],[],[],[],[],"[Latitude=39.64330872222222, Longitude=-82.81840869444444, BrightnessTotal=0.6964250026500932, exposureTime=0.01, xResolution=4000, yResolution=3000, SaturationTotalRed=0.7010511049019608, SaturationTotalGreen=0.7155646222222222, SaturationTotalBlue=0.43298315098039214, time=0.6174189814814814, GreenIndex=75.78395733333333, LAI=0.013136, Utility=613.7898609521437]"
33,81,"[39.64330986111111, -82.81571025]",/home/boubin/Images/Photos_20AUG2018/South_Path/Images/67.3Feet/Sorte_1/DJI_0082.JPG,70,4,51,[],[],[],[],[],"[Latitude=39.64330986111111, Longitude=-82.81571025, BrightnessTotal=0.7142836349058591, exposureTime=0.01, xResolution=4000, yResolution=3000, SaturationTotalRed=0.7256751977124183, SaturationTotalGreen=0.7327001477124183, SaturationTotalBlue=0.4257591735294118, time=0.6187962962962963, GreenIndex=80.120432, LAI=0.0050613333333333335, Utility=648.9035065546375]"
33,82,"[39.64330708333333, -82.81612472222221]",/home/boubin/Images/Photos_20AUG2018/South_Path/Images/67.3Feet/Sorte_1/DJI_0080.JPG,66,70,42,[],[],[],[],[],"[Latitude=39.64330708333333, Longitude=-82.81612472222221, BrightnessTotal=0.6888068621633062, exposureTime=0.01, xResolution=4000, yResolution=3000, SaturationTotalRed=0.7054054065359477, SaturationTotalGreen=0.7059442297385621, SaturationTotalBlue=0.3867132241830066, time=0.6185763888888889, GreenIndex=81.61048, LAI=0.006341333333333333, Utility=660.9673923535964]"
33,83,"[39.64394875, -82.81840902777778]",/home/boubin/Images/Photos_20AUG2018/South_Path/Images/67.3Feet/Sorte_1/DJI_0022.JPG,44,19,[],61,[],[],[],[],"[Latitude=39.64394875, Longitude=-82.81840902777778, BrightnessTotal=0.7026382884627065, exposureTime=0.007471, xResolution=4000, yResolution=3000, SaturationTotalRed=0.7111772758169934, SaturationTotalGreen=0.7186851545751634, SaturationTotalBlue=0.46813101862745093, time=0.6124421296296296, GreenIndex=65.85618133333334, LAI=0.004336, Utility=533.4043595065194]"
33,84,"[39.64330694444445, -82.81758275]",/home/boubin/Images/Photos_20AUG2018/South_Path/Images/67.3Feet/Sorte_1/DJI_0073.JPG,30,7,12,[],[],[],[],[],"[Latitude=39.64330694444445, Longitude=-82.81758275, BrightnessTotal=0.7243168975678136, exposureTime=0.01, xResolution=4000, yResolution=3000, SaturationTotalRed=0.7334062532679739, SaturationTotalGreen=0.7430993869281045, SaturationTotalBlue=0.44452269019607843, time=0.6178472222222222, GreenIndex=78.643888, LAI=0.004229333333333333, Utility=636.9483808467907]"
33,85,"[39.643307138888886, -82.81425027777777]",/home/boubin/Images/Photos_20AUG2018/South_Path/Images/67.3Feet/Sorte_1/DJI_0089.JPG,2,[],68,[],[],[],[],[],"[Latitude=39.643307138888886, Longitude=-82.81425027777777, BrightnessTotal=0.724946636866812, exposureTime=0.007471, xResolution=4000, yResolution=3000, SaturationTotalRed=0.7455236258169934, SaturationTotalGreen=0.7359562225490196, SaturationTotalBlue=0.5048456, time=0.619525462962963, GreenIndex=56.55409066666667, LAI=8e-05, Utility=458.08389735033495]"
33,86,"[39.64394977777778, -82.81694452777778]",/home/boubin/Images/Photos_20AUG2018/South_Path/Images/67.3Feet/Sorte_1/DJI_0015.JPG,20,43,[],48,[],[],[],[],"[Latitude=39.64394977777778, Longitude=-82.81694452777778, BrightnessTotal=0.7187414735755873, exposureTime=0.00674, xResolution=4000, yResolution=3000, SaturationTotalRed=0.7354079241830065, SaturationTotalGreen=0.7329913640522876, SaturationTotalBlue=0.46955195555555557, time=0.611712962962963, GreenIndex=66.62672, LAI=0.0023146666666666667, Utility=539.644371792755]"
33,87,"[39.643735472222225, -82.81570883333333]",/home/boubin/Images/Photos_20AUG2018/South_Path/Images/67.3Feet/Sorte_1/DJI_0038.JPG,36,63,46,51,[],[],[],[],"[Latitude=39.643735472222225, Longitude=-82.81570883333333, BrightnessTotal=0.7109999737890821, exposureTime=0.01, xResolution=4000, yResolution=3000, SaturationTotalRed=0.7203372258169934, SaturationTotalGreen=0.7284169660130719, SaturationTotalBlue=0.4509945300653595, time=0.6141435185185186, GreenIndex=72.83810133333333, LAI=0.009434666666666666, Utility=589.9380664907385]"
33,88,"[39.64352183333333, -82.81861555555555]",/home/boubin/Images/Photos_20AUG2018/South_Path/Images/67.3Feet/Sorte_1/DJI_0067.JPG,[],49,33,11,[],[],[],[],"[Latitude=39.64352183333333, Longitude=-82.81861555555555, BrightnessTotal=0.6774017179800166, exposureTime=0.01, xResolution=4000, yResolution=3000, SaturationTotalRed=0.6822401065359477, SaturationTotalGreen=0.6974950084967321, SaturationTotalBlue=0.3934809513071895, time=0.617199074074074, GreenIndex=81.48670933333334, LAI=0.02336, Utility=659.9649455309485]"
33,89,"[39.64373475, -82.81820447222222]",/home/boubin/Images/Photos_20AUG2018/South_Path/Images/67.3Feet/Sorte_1/DJI_0026.JPG,61,25,19,54,[],[],[],[],"[Latitude=39.64373475, Longitude=-82.81820447222222, BrightnessTotal=0.6979405007915889, exposureTime=0.005637, xResolution=4000, yResolution=3000, SaturationTotalRed=0.7316744794117647, SaturationTotalGreen=0.7090199254901961, SaturationTotalBlue=0.3972347349673203, time=0.6128703703703704, GreenIndex=73.785232, LAI=0.0015306666666666667, Utility=597.6065290950189]"
