33,"[30,0]","[39.6437869, -82.8141896]",/data/chumley/tmp/Photos_16SEP2018//South_Path/Images/33.6Feet/Sorte_2/DJI_0002.JPG,"[29,0]","[31,0]","[30,1]",[],"['Links/Photos_16SEP2018_67', [21, 0]]",[],[],"['Links/Photos_02Aug2018_33', '[42, 0]']","[Latitude=39.6437898889, Longitude=-82.8141940833, BrightnessTotal=0.648927983897, exposureTime=0.00132, xResolution=4000, yResolution=3000, SaturationTotalRed=0.706045436601, SaturationTotalGreen=0.639030697059, SaturationTotalBlue=0.525693798039, time=0.548252314815, GreenIndex=12.0681546667, LAI=0.000128, Utility=97.88264918451084]"
33,"[30,1]","[39.6437869, -82.8142937]",/data/chumley/tmp/Photos_16SEP2018//South_Path/Images/33.6Feet/Sorte_2/DJI_0003.JPG,"[29,1]","[31,1]","[30,2]","[30,0]","['Links/Photos_16SEP2018_67', [21, 0]]",[],[],"['Links/Photos_02Aug2018_33', '[42, 1]']","[Latitude=39.6437846667, Longitude=-82.8142960556, BrightnessTotal=0.570450620096, exposureTime=0.001898, xResolution=4000, yResolution=3000, SaturationTotalRed=0.664506503922, SaturationTotalGreen=0.543497417974, SaturationTotalBlue=0.467812513072, time=0.548344907407, GreenIndex=-11.0534186667, LAI=0.0, Utility=-89.34006798828246]"
33,"[30,2]","[39.6437869, -82.8143979]",/data/chumley/tmp/Photos_16SEP2018//South_Path/Images/33.6Feet/Sorte_2/DJI_0004.JPG,"[29,2]","[31,2]","[30,3]","[30,1]","['Links/Photos_16SEP2018_67', [21, 1]]",[],[],"['Links/Photos_02Aug2018_33', '[42, 2]']","[Latitude=39.6437871111, Longitude=-82.8144000278, BrightnessTotal=0.564409170331, exposureTime=0.002173, xResolution=4000, yResolution=3000, SaturationTotalRed=0.65272109902, SaturationTotalGreen=0.540436096732, SaturationTotalBlue=0.454709427124, time=0.548425925926, GreenIndex=-6.32111466667, LAI=0.0, Utility=-51.02220316643441]"
33,"[30,3]","[39.6437869, -82.8145021]",/data/chumley/tmp/Photos_16SEP2018//South_Path/Images/33.6Feet/Sorte_2/DJI_0005.JPG,"[29,3]","[31,3]","[30,4]","[30,2]","['Links/Photos_16SEP2018_67', [21, 1]]",[],[],"['Links/Photos_02Aug2018_33', '[42, 3]']","[Latitude=39.6437891111, Longitude=-82.8145041111, BrightnessTotal=0.573824669781, exposureTime=0.00237, xResolution=4000, yResolution=3000, SaturationTotalRed=0.665839378431, SaturationTotalGreen=0.54858538366, SaturationTotalBlue=0.46138662451, time=0.548518518519, GreenIndex=-7.20596266667, LAI=1.06666666667e-05, Utility=-58.18652430481324]"
33,"[30,4]","[39.6437869, -82.8146062]",/data/chumley/tmp/Photos_16SEP2018//South_Path/Images/33.6Feet/Sorte_2/DJI_0006.JPG,"[29,4]","[31,4]","[30,5]","[30,3]","['Links/Photos_16SEP2018_67', [21, 2]]",[],[],"['Links/Photos_02Aug2018_33', '[42, 4]']","[Latitude=39.6437867222, Longitude=-82.8146103056, BrightnessTotal=0.540102422198, exposureTime=0.001993, xResolution=4000, yResolution=3000, SaturationTotalRed=0.649267499673, SaturationTotalGreen=0.507014904575, SaturationTotalBlue=0.42850950817, time=0.548599537037, GreenIndex=-15.7290826667, LAI=0.0, Utility=-127.20121099807068]"
33,"[30,5]","[39.6437869, -82.8147104]",/data/chumley/tmp/Photos_16SEP2018//South_Path/Images/33.6Feet/Sorte_2/DJI_0007.JPG,"[29,5]","[31,5]","[30,6]","[30,4]","['Links/Photos_16SEP2018_67', [21, 2]]",[],[],"['Links/Photos_02Aug2018_33', '[42, 5]']","[Latitude=39.6437878611, Longitude=-82.8147110278, BrightnessTotal=0.557812632831, exposureTime=0.002059, xResolution=4000, yResolution=3000, SaturationTotalRed=0.668125362745, SaturationTotalGreen=0.524460355229, SaturationTotalBlue=0.445715630719, time=0.54869212963, GreenIndex=-16.0290133333, LAI=0.0, Utility=-129.62895090401145]"
33,"[30,6]","[39.6437869, -82.8148146]",/data/chumley/tmp/Photos_16SEP2018//South_Path/Images/33.6Feet/Sorte_2/DJI_0008.JPG,"[29,6]","[31,6]","[30,7]","[30,5]","['Links/Photos_16SEP2018_67', [21, 3]]",[],[],"['Links/Photos_02Aug2018_33', '[42, 6]']","[Latitude=39.6437870556, Longitude=-82.8148181111, BrightnessTotal=0.551573271659, exposureTime=0.002004, xResolution=4000, yResolution=3000, SaturationTotalRed=0.665013063399, SaturationTotalGreen=0.517178527778, SaturationTotalBlue=0.434341687582, time=0.548784722222, GreenIndex=-16.065232, LAI=0.0, Utility=-129.92256227814337]"
33,"[30,7]","[39.6437869, -82.8149187]",/data/chumley/tmp/Photos_16SEP2018//South_Path/Images/33.6Feet/Sorte_2/DJI_0009.JPG,"[29,7]","[31,7]","[30,8]","[30,6]","['Links/Photos_16SEP2018_67', [21, 3]]",[],[],"['Links/Photos_02Aug2018_33', '[42, 7]']","[Latitude=39.6437857222, Longitude=-82.8149196944, BrightnessTotal=0.551522795203, exposureTime=0.001993, xResolution=4000, yResolution=3000, SaturationTotalRed=0.660936771242, SaturationTotalGreen=0.51881293366, SaturationTotalBlue=0.435641449346, time=0.548865740741, GreenIndex=-14.518176, LAI=0.0, Utility=-117.39581664190251]"
33,"[30,8]","[39.6437869, -82.8150229]",/data/chumley/tmp/Photos_16SEP2018//South_Path/Images/33.6Feet/Sorte_2/DJI_0010.JPG,"[29,8]","[31,8]","[30,9]","[30,7]","['Links/Photos_16SEP2018_67', [21, 4]]",[],[],"['Links/Photos_02Aug2018_33', '[42, 8]']","[Latitude=39.6437848333, Longitude=-82.8150257778, BrightnessTotal=0.549523172537, exposureTime=0.001919, xResolution=4000, yResolution=3000, SaturationTotalRed=0.655626495425, SaturationTotalGreen=0.518522554575, SaturationTotalBlue=0.430400800327, time=0.548958333333, GreenIndex=-11.961264, LAI=0.0, Utility=-96.69222710363336]"
33,"[30,9]","[39.6437869, -82.8151271]",/data/chumley/tmp/Photos_16SEP2018//South_Path/Images/33.6Feet/Sorte_2/DJI_0011.JPG,"[29,9]","[31,9]","[30,10]","[30,8]","['Links/Photos_16SEP2018_67', [21, 4]]",[],[],"['Links/Photos_02Aug2018_33', '[42, 9]']","[Latitude=39.64378575, Longitude=-82.8151330833, BrightnessTotal=0.558962545295, exposureTime=0.002047, xResolution=4000, yResolution=3000, SaturationTotalRed=0.661106059477, SaturationTotalGreen=0.529457982353, SaturationTotalBlue=0.443950775817, time=0.549039351852, GreenIndex=-11.2601226667, LAI=0.0, Utility=-91.01451053670854]"
33,"[30,10]","[39.6437869, -82.8152313]",/data/chumley/tmp/Photos_16SEP2018//South_Path/Images/33.6Feet/Sorte_2/DJI_0012.JPG,"[29,10]","[31,10]","[30,11]","[30,9]","['Links/Photos_16SEP2018_67', [21, 5]]",[],[],"['Links/Photos_02Aug2018_33', '[42, 10]']","[Latitude=39.6437862222, Longitude=-82.8152356389, BrightnessTotal=0.543887284465, exposureTime=0.001817, xResolution=4000, yResolution=3000, SaturationTotalRed=0.646122448693, SaturationTotalGreen=0.514119170588, SaturationTotalBlue=0.429739885294, time=0.549131944444, GreenIndex=-11.6183413333, LAI=0.0, Utility=-93.91580833061465]"
33,"[30,11]","[39.6437869, -82.8153354]",/data/chumley/tmp/Photos_16SEP2018//South_Path/Images/33.6Feet/Sorte_2/DJI_0013.JPG,"[29,11]","[31,11]","[30,12]","[30,10]","['Links/Photos_16SEP2018_67', [21, 5]]",[],[],"['Links/Photos_02Aug2018_33', '[42, 11]']","[Latitude=39.6437865278, Longitude=-82.8153413611, BrightnessTotal=0.550720927218, exposureTime=0.001827, xResolution=4000, yResolution=3000, SaturationTotalRed=0.652703761438, SaturationTotalGreen=0.521199035621, SaturationTotalBlue=0.435773838889, time=0.549212962963, GreenIndex=-11.222496, LAI=0.0, Utility=-90.71027060600532]"
33,"[30,12]","[39.6437869, -82.8154396]",/data/chumley/tmp/Photos_16SEP2018//South_Path/Images/33.6Feet/Sorte_2/DJI_0014.JPG,"[29,12]","[31,12]","[30,13]","[30,11]","['Links/Photos_16SEP2018_67', [21, 6]]",[],[],"['Links/Photos_02Aug2018_33', '[42, 12]']","[Latitude=39.6437863889, Longitude=-82.8154415833, BrightnessTotal=0.554820010246, exposureTime=0.001827, xResolution=4000, yResolution=3000, SaturationTotalRed=0.660011348039, SaturationTotalGreen=0.524139865686, SaturationTotalBlue=0.437383899346, time=0.549305555556, GreenIndex=-12.024688, LAI=0.0, Utility=-97.20557178920897]"
33,"[30,13]","[39.6437869, -82.8155438]",/data/chumley/tmp/Photos_16SEP2018//South_Path/Images/33.6Feet/Sorte_2/DJI_0015.JPG,"[29,13]","[31,13]","[30,14]","[30,12]","['Links/Photos_16SEP2018_67', [21, 6]]",[],[],"['Links/Photos_02Aug2018_33', '[42, 13]']","[Latitude=39.6437876389, Longitude=-82.8155473056, BrightnessTotal=0.546098300201, exposureTime=0.001694, xResolution=4000, yResolution=3000, SaturationTotalRed=0.651625312092, SaturationTotalGreen=0.516067514706, SaturationTotalBlue=0.41762567451, time=0.549398148148, GreenIndex=-8.94418133333, LAI=0.0, Utility=-72.26271808008947]"
33,"[30,14]","[39.6437869, -82.8156479]",/data/chumley/tmp/Photos_16SEP2018//South_Path/Images/33.6Feet/Sorte_2/DJI_0016.JPG,"[29,14]","[31,14]","[30,15]","[30,13]","['Links/Photos_16SEP2018_67', [21, 7]]",[],[],"['Links/Photos_02Aug2018_33', '[42, 14]']","[Latitude=39.6437853889, Longitude=-82.8156504722, BrightnessTotal=0.568258487184, exposureTime=0.001808, xResolution=4000, yResolution=3000, SaturationTotalRed=0.667039900327, SaturationTotalGreen=0.542296714052, SaturationTotalBlue=0.428289938235, time=0.549479166667, GreenIndex=-2.215168, LAI=0.0, Utility=-17.775831427685617]"
33,"[30,15]","[39.6437869, -82.8157521]",/data/chumley/tmp/Photos_16SEP2018//South_Path/Images/33.6Feet/Sorte_2/DJI_0017.JPG,"[29,15]","[31,15]","[30,16]","[30,14]","['Links/Photos_16SEP2018_67', [21, 7]]",[],[],"['Links/Photos_02Aug2018_33', '[42, 15]']","[Latitude=39.6437855833, Longitude=-82.8157527778, BrightnessTotal=0.548438673046, exposureTime=0.001694, xResolution=4000, yResolution=3000, SaturationTotalRed=0.652869536601, SaturationTotalGreen=0.519355163725, SaturationTotalBlue=0.414412866667, time=0.549571759259, GreenIndex=-6.747696, LAI=0.0, Utility=-54.47737232064007]"
33,"[30,16]","[39.6437869, -82.8158563]",/data/chumley/tmp/Photos_16SEP2018//South_Path/Images/33.6Feet/Sorte_2/DJI_0018.JPG,"[29,16]","[31,16]","[30,17]","[30,15]","['Links/Photos_16SEP2018_67', [21, 8]]",[],[],"['Links/Photos_02Aug2018_33', '[42, 16]']","[Latitude=39.6437876944, Longitude=-82.8158568611, BrightnessTotal=0.56072497006, exposureTime=0.001808, xResolution=4000, yResolution=3000, SaturationTotalRed=0.662742025817, SaturationTotalGreen=0.532369391176, SaturationTotalBlue=0.432460866013, time=0.549652777778, GreenIndex=-7.241968, LAI=0.0, Utility=-58.47895796244836]"
33,"[30,17]","[39.6437869, -82.8159604]",/data/chumley/tmp/Photos_16SEP2018//South_Path/Images/33.6Feet/Sorte_2/DJI_0019.JPG,"[29,17]","[31,17]","[30,18]","[30,16]","['Links/Photos_16SEP2018_67', [21, 8]]",[],[],"['Links/Photos_02Aug2018_33', '[42, 17]']","[Latitude=39.643787, Longitude=-82.8159601111, BrightnessTotal=0.549156803189, exposureTime=0.001798, xResolution=4000, yResolution=3000, SaturationTotalRed=0.657767441503, SaturationTotalGreen=0.516904884314, SaturationTotalBlue=0.431717996078, time=0.54974537037, GreenIndex=-13.679952, LAI=0.0, Utility=-110.60885058037195]"
33,"[30,18]","[39.6437869, -82.8160646]",/data/chumley/tmp/Photos_16SEP2018//South_Path/Images/33.6Feet/Sorte_2/DJI_0020.JPG,"[29,18]","[31,18]","[30,19]","[30,17]","['Links/Photos_16SEP2018_67', [21, 9]]",[],[],"['Links/Photos_02Aug2018_33', '[42, 18]']","[Latitude=39.6437871944, Longitude=-82.8160661111, BrightnessTotal=0.551040428087, exposureTime=0.001857, xResolution=4000, yResolution=3000, SaturationTotalRed=0.664750063399, SaturationTotalGreen=0.516359990523, SaturationTotalBlue=0.435716556536, time=0.549837962963, GreenIndex=-16.7793653333, LAI=0.0, Utility=-135.7051995519396]"
33,"[30,19]","[39.6437869, -82.8161688]",/data/chumley/tmp/Photos_16SEP2018//South_Path/Images/33.6Feet/Sorte_2/DJI_0021.JPG,"[29,19]","[31,19]","[30,20]","[30,18]","['Links/Photos_16SEP2018_67', [21, 9]]",[],[],"['Links/Photos_02Aug2018_33', '[42, 19]']","[Latitude=39.6437869167, Longitude=-82.8161700556, BrightnessTotal=0.544140618324, exposureTime=0.001827, xResolution=4000, yResolution=3000, SaturationTotalRed=0.659111052614, SaturationTotalGreen=0.508944209804, SaturationTotalBlue=0.427136253922, time=0.549918981481, GreenIndex=-16.9340746667, LAI=0.0, Utility=-136.958262615047]"
33,"[30,20]","[39.6437869, -82.8162729]",/data/chumley/tmp/Photos_16SEP2018//South_Path/Images/33.6Feet/Sorte_2/DJI_0022.JPG,"[29,20]","[31,20]","[30,21]","[30,19]","['Links/Photos_16SEP2018_67', [21, 10]]",[],[],"['Links/Photos_02Aug2018_33', '[42, 20]']","[Latitude=39.6437874167, Longitude=-82.8162745, BrightnessTotal=0.550519023109, exposureTime=0.001888, xResolution=4000, yResolution=3000, SaturationTotalRed=0.664221478105, SaturationTotalGreen=0.516274705556, SaturationTotalBlue=0.429868642484, time=0.550011574074, GreenIndex=-15.1757333333, LAI=0.0, Utility=-122.72041816102029]"
33,"[30,21]","[39.6437869, -82.8163771]",/data/chumley/tmp/Photos_16SEP2018//South_Path/Images/33.6Feet/Sorte_2/DJI_0023.JPG,"[29,21]","[31,21]","[30,22]","[30,20]","['Links/Photos_16SEP2018_67', [21, 10]]",[],[],"['Links/Photos_02Aug2018_33', '[42, 21]']","[Latitude=39.6437864444, Longitude=-82.8163793333, BrightnessTotal=0.547088470923, exposureTime=0.001888, xResolution=4000, yResolution=3000, SaturationTotalRed=0.658972272222, SaturationTotalGreen=0.513200087908, SaturationTotalBlue=0.431502488562, time=0.550092592593, GreenIndex=-15.8094666667, LAI=0.0, Utility=-127.85201277967934]"
33,"[30,22]","[39.6437869, -82.8164813]",/data/chumley/tmp/Photos_16SEP2018//South_Path/Images/33.6Feet/Sorte_2/DJI_0024.JPG,"[29,22]","[31,22]","[30,23]","[30,21]","['Links/Photos_16SEP2018_67', [21, 11]]",[],[],"['Links/Photos_02Aug2018_33', '[42, 22]']","[Latitude=39.6437869167, Longitude=-82.8164831111, BrightnessTotal=0.553461388993, exposureTime=0.001939, xResolution=4000, yResolution=3000, SaturationTotalRed=0.661978297712, SaturationTotalGreen=0.520568507516, SaturationTotalBlue=0.44481414281, time=0.550185185185, GreenIndex=-16.2440746667, LAI=0.0, Utility=-131.3707742938355]"
33,"[30,23]","[39.6437869, -82.8165855]",/data/chumley/tmp/Photos_16SEP2018//South_Path/Images/33.6Feet/Sorte_2/DJI_0025.JPG,"[29,23]","[31,23]","[30,24]","[30,22]","['Links/Photos_16SEP2018_67', [21, 11]]",[],[],"['Links/Photos_02Aug2018_33', '[42, 23]']","[Latitude=39.6437851944, Longitude=-82.8165843333, BrightnessTotal=0.542876970344, exposureTime=0.001788, xResolution=4000, yResolution=3000, SaturationTotalRed=0.651719325163, SaturationTotalGreen=0.509982740523, SaturationTotalBlue=0.431082641176, time=0.550277777778, GreenIndex=-15.4962986667, LAI=0.0, Utility=-125.31645997277461]"
33,"[30,24]","[39.6437869, -82.8166896]",/data/chumley/tmp/Photos_16SEP2018//South_Path/Images/33.6Feet/Sorte_2/DJI_0026.JPG,"[29,24]","[31,24]","[30,25]","[30,23]","['Links/Photos_16SEP2018_67', [21, 12]]",[],[],"['Links/Photos_02Aug2018_33', '[42, 24]']","[Latitude=39.6437865278, Longitude=-82.8166943889, BrightnessTotal=0.537143922046, exposureTime=0.00164, xResolution=4000, yResolution=3000, SaturationTotalRed=0.646714061111, SaturationTotalGreen=0.504239141503, SaturationTotalBlue=0.420719118301, time=0.55037037037, GreenIndex=-14.5043733333, LAI=0.0, Utility=-117.28500110623763]"
33,"[30,25]","[39.6437869, -82.8167938]",/data/chumley/tmp/Photos_16SEP2018//South_Path/Images/33.6Feet/Sorte_2/DJI_0027.JPG,"[29,25]","[31,25]","[30,26]","[30,24]","['Links/Photos_16SEP2018_67', [21, 12]]",[],[],"['Links/Photos_02Aug2018_33', '[42, 25]']","[Latitude=39.6437872222, Longitude=-82.8167933333, BrightnessTotal=0.55522561834, exposureTime=0.00175, xResolution=4000, yResolution=3000, SaturationTotalRed=0.657891543137, SaturationTotalGreen=0.52645104902, SaturationTotalBlue=0.427964051961, time=0.550451388889, GreenIndex=-7.90146666667, LAI=0.0, Utility=-63.81941466355176]"
33,"[30,26]","[39.6437869, -82.816898]",/data/chumley/tmp/Photos_16SEP2018//South_Path/Images/33.6Feet/Sorte_2/DJI_0028.JPG,"[29,26]","[31,26]","[30,27]","[30,25]","['Links/Photos_16SEP2018_67', [21, 13]]",[],[],"['Links/Photos_02Aug2018_33', '[42, 26]']","[Latitude=39.6437871667, Longitude=-82.8169006944, BrightnessTotal=0.537352165868, exposureTime=0.001605, xResolution=4000, yResolution=3000, SaturationTotalRed=0.642499910131, SaturationTotalGreen=0.506816474183, SaturationTotalBlue=0.416017201961, time=0.550543981481, GreenIndex=-10.93008, LAI=0.0, Utility=-88.3434290651477]"
33,"[30,27]","[39.6437869, -82.8170021]",/data/chumley/tmp/Photos_16SEP2018//South_Path/Images/33.6Feet/Sorte_2/DJI_0029.JPG,"[29,27]","[31,27]","[30,28]","[30,26]","['Links/Photos_16SEP2018_67', [21, 13]]",[],[],"['Links/Photos_02Aug2018_33', '[42, 27]']","[Latitude=39.6437873056, Longitude=-82.8170029444, BrightnessTotal=0.559336536384, exposureTime=0.001798, xResolution=4000, yResolution=3000, SaturationTotalRed=0.659648681373, SaturationTotalGreen=0.531202626144, SaturationTotalBlue=0.437333459477, time=0.550636574074, GreenIndex=-8.29922666667, LAI=0.0, Utility=-67.03994496984076]"
33,"[30,28]","[39.6437869, -82.8171063]",/data/chumley/tmp/Photos_16SEP2018//South_Path/Images/33.6Feet/Sorte_2/DJI_0030.JPG,"[29,28]","[31,28]","[30,29]","[30,27]","['Links/Photos_16SEP2018_67', [21, 14]]",[],[],"['Links/Photos_02Aug2018_33', '[42, 28]']","[Latitude=39.6437872222, Longitude=-82.8171061944, BrightnessTotal=0.551976572613, exposureTime=0.001898, xResolution=4000, yResolution=3000, SaturationTotalRed=0.655034810458, SaturationTotalGreen=0.522107884641, SaturationTotalBlue=0.435684737582, time=0.550717592593, GreenIndex=-11.3401013333, LAI=0.0, Utility=-91.66272816195416]"
33,"[30,29]","[39.6437869, -82.8172105]",/data/chumley/tmp/Photos_16SEP2018//South_Path/Images/33.6Feet/Sorte_2/DJI_0031.JPG,"[29,29]","[31,29]","[30,30]","[30,28]","['Links/Photos_16SEP2018_67', [21, 14]]",[],[],"['Links/Photos_02Aug2018_33', '[42, 29]']","[Latitude=39.6437855833, Longitude=-82.8172140556, BrightnessTotal=0.544638954602, exposureTime=0.001788, xResolution=4000, yResolution=3000, SaturationTotalRed=0.651588074183, SaturationTotalGreen=0.513072154902, SaturationTotalBlue=0.427200212418, time=0.550810185185, GreenIndex=-12.8902026667, LAI=0.0, Utility=-104.2145189724566]"
33,"[30,30]","[39.6437869, -82.8173146]",/data/chumley/tmp/Photos_16SEP2018//South_Path/Images/33.6Feet/Sorte_2/DJI_0032.JPG,"[29,30]","[31,30]","[30,31]","[30,29]","['Links/Photos_16SEP2018_67', [21, 15]]",[],[],"['Links/Photos_02Aug2018_33', '[42, 30]']","[Latitude=39.6437859444, Longitude=-82.8173169167, BrightnessTotal=0.538606389016, exposureTime=0.001769, xResolution=4000, yResolution=3000, SaturationTotalRed=0.644860447712, SaturationTotalGreen=0.507307510784, SaturationTotalBlue=0.420815190196, time=0.550902777778, GreenIndex=-12.4994933333, LAI=0.0, Utility=-101.05119503271109]"
33,"[30,31]","[39.6437869, -82.8174188]",/data/chumley/tmp/Photos_16SEP2018//South_Path/Images/33.6Feet/Sorte_2/DJI_0033.JPG,"[29,31]","[31,31]","[30,32]","[30,30]","['Links/Photos_16SEP2018_67', [21, 15]]",[],[],"['Links/Photos_02Aug2018_33', '[42, 31]']","[Latitude=39.6437876667, Longitude=-82.8174230833, BrightnessTotal=0.538555950294, exposureTime=0.001596, xResolution=4000, yResolution=3000, SaturationTotalRed=0.641829770588, SaturationTotalGreen=0.508792079085, SaturationTotalBlue=0.418064793791, time=0.550983796296, GreenIndex=-10.2404533333, LAI=0.0, Utility=-82.7594223055188]"
33,"[30,32]","[39.6437869, -82.817523]",/data/chumley/tmp/Photos_16SEP2018//South_Path/Images/33.6Feet/Sorte_2/DJI_0034.JPG,"[29,32]","[31,32]","[30,33]","[30,31]","['Links/Photos_16SEP2018_67', [21, 16]]",[],[],"['Links/Photos_02Aug2018_33', '[42, 32]']","[Latitude=39.6437878611, Longitude=-82.8175248333, BrightnessTotal=0.558080723851, exposureTime=0.001605, xResolution=4000, yResolution=3000, SaturationTotalRed=0.658031469935, SaturationTotalGreen=0.530760718954, SaturationTotalBlue=0.427721272876, time=0.551076388889, GreenIndex=-5.65416, LAI=0.0, Utility=-45.62259734529928]"
33,"[30,33]","[39.6437869, -82.8176271]",/data/chumley/tmp/Photos_16SEP2018//South_Path/Images/33.6Feet/Sorte_2/DJI_0035.JPG,"[29,33]","[31,33]","[30,34]","[30,32]","['Links/Photos_16SEP2018_67', [21, 16]]",[],[],"['Links/Photos_02Aug2018_33', '[42, 33]']","[Latitude=39.6437849722, Longitude=-82.8176290556, BrightnessTotal=0.552578535811, exposureTime=0.001562, xResolution=4000, yResolution=3000, SaturationTotalRed=0.655721295752, SaturationTotalGreen=0.523244439216, SaturationTotalBlue=0.429344747712, time=0.551157407407, GreenIndex=-9.290976, LAI=0.0, Utility=-75.07071337698808]"
33,"[30,34]","[39.6437869, -82.8177313]",/data/chumley/tmp/Photos_16SEP2018//South_Path/Images/33.6Feet/Sorte_2/DJI_0036.JPG,"[29,34]","[31,34]","[30,35]","[30,33]","['Links/Photos_16SEP2018_67', [21, 17]]",[],[],"['Links/Photos_02Aug2018_33', '[42, 34]']","[Latitude=39.6437865278, Longitude=-82.81773475, BrightnessTotal=0.557763402978, exposureTime=0.001605, xResolution=4000, yResolution=3000, SaturationTotalRed=0.663398936275, SaturationTotalGreen=0.527254217647, SaturationTotalBlue=0.436234319608, time=0.55125, GreenIndex=-10.9727146667, LAI=0.0, Utility=-88.68776914184238]"
33,"[30,35]","[39.6437869, -82.8178355]",/data/chumley/tmp/Photos_16SEP2018//South_Path/Images/33.6Feet/Sorte_2/DJI_0037.JPG,"[29,35]","[31,35]","[30,36]","[30,34]","['Links/Photos_16SEP2018_67', [21, 17]]",[],[],"['Links/Photos_02Aug2018_33', '[42, 35]']","[Latitude=39.6437869444, Longitude=-82.8178381111, BrightnessTotal=0.559141310919, exposureTime=0.001694, xResolution=4000, yResolution=3000, SaturationTotalRed=0.660998503922, SaturationTotalGreen=0.530995404902, SaturationTotalBlue=0.428915223529, time=0.551342592593, GreenIndex=-6.612848, LAI=0.0, Utility=-53.38523496993319]"
33,"[30,36]","[39.6437869, -82.8179397]",/data/chumley/tmp/Photos_16SEP2018//South_Path/Images/33.6Feet/Sorte_2/DJI_0038.JPG,"[29,36]","[31,36]","[30,37]","[30,35]","['Links/Photos_16SEP2018_67', [21, 18]]",[],[],"['Links/Photos_02Aug2018_33', '[42, 36]']","[Latitude=39.6437863333, Longitude=-82.8179412778, BrightnessTotal=0.547002114394, exposureTime=0.001596, xResolution=4000, yResolution=3000, SaturationTotalRed=0.649731847059, SaturationTotalGreen=0.518015224837, SaturationTotalBlue=0.420958725163, time=0.551435185185, GreenIndex=-8.31417066667, LAI=0.0, Utility=-67.16169763751788]"
33,"[30,37]","[39.6437869, -82.8180438]",/data/chumley/tmp/Photos_16SEP2018//South_Path/Images/33.6Feet/Sorte_2/DJI_0039.JPG,"[29,37]","[31,37]","[30,38]","[30,36]","['Links/Photos_16SEP2018_67', [21, 18]]",[],[],"['Links/Photos_02Aug2018_33', '[42, 37]']","[Latitude=39.6437864444, Longitude=-82.8180454722, BrightnessTotal=0.544940454153, exposureTime=0.001587, xResolution=4000, yResolution=3000, SaturationTotalRed=0.649257067647, SaturationTotalGreen=0.514445547059, SaturationTotalBlue=0.428646289542, time=0.551516203704, GreenIndex=-11.9651466667, LAI=0.0, Utility=-96.72429004459411]"
33,"[30,38]","[39.6437869, -82.818148]",/data/chumley/tmp/Photos_16SEP2018//South_Path/Images/33.6Feet/Sorte_2/DJI_0040.JPG,"[29,38]","[31,38]","[30,39]","[30,37]","['Links/Photos_16SEP2018_67', [21, 19]]",[],[],"['Links/Photos_02Aug2018_33', '[42, 38]']","[Latitude=39.6437878611, Longitude=-82.8181516667, BrightnessTotal=0.556826212082, exposureTime=0.001694, xResolution=4000, yResolution=3000, SaturationTotalRed=0.66281224183, SaturationTotalGreen=0.525260308497, SaturationTotalBlue=0.446118973856, time=0.551608796296, GreenIndex=-14.3740906667, LAI=0.0, Utility=-116.22929694304041]"
33,"[30,39]","[39.6437869, -82.8182522]",/data/chumley/tmp/Photos_16SEP2018//South_Path/Images/33.6Feet/Sorte_2/DJI_0041.JPG,"[29,39]","[31,39]","[30,40]","[30,38]","['Links/Photos_16SEP2018_67', [21, 19]]",[],[],"['Links/Photos_02Aug2018_33', '[42, 39]']","[Latitude=39.6437858056, Longitude=-82.8182528333, BrightnessTotal=0.563681527449, exposureTime=0.001759, xResolution=4000, yResolution=3000, SaturationTotalRed=0.671239061111, SaturationTotalGreen=0.531766476471, SaturationTotalBlue=0.449730677778, time=0.551689814815, GreenIndex=-14.1559573333, LAI=0.0, Utility=-114.46273156921937]"
33,"[30,40]","[39.6437869, -82.8183563]",/data/chumley/tmp/Photos_16SEP2018//South_Path/Images/33.6Feet/Sorte_2/DJI_0042.JPG,"[29,40]","[31,40]","[30,41]","[30,39]","['Links/Photos_16SEP2018_67', [21, 20]]",[],[],"['Links/Photos_02Aug2018_33', '[42, 40]']","[Latitude=39.6437857222, Longitude=-82.8183618333, BrightnessTotal=0.560998061194, exposureTime=0.001877, xResolution=4000, yResolution=3000, SaturationTotalRed=0.670984410458, SaturationTotalGreen=0.528647256863, SaturationTotalBlue=0.43897359183, time=0.551782407407, GreenIndex=-12.91936, LAI=0.0, Utility=-104.44999229720976]"
33,"[30,41]","[39.6437869, -82.8184605]",/data/chumley/tmp/Photos_16SEP2018//South_Path/Images/33.6Feet/Sorte_2/DJI_0043.JPG,"[29,41]","[31,41]","[30,42]","[30,40]","['Links/Photos_16SEP2018_67', [21, 20]]",[],[],"['Links/Photos_02Aug2018_33', '[42, 41]']","[Latitude=39.6437865, Longitude=-82.8184608333, BrightnessTotal=0.550690779722, exposureTime=0.00195, xResolution=4000, yResolution=3000, SaturationTotalRed=0.660200846732, SaturationTotalGreen=0.518276330392, SaturationTotalBlue=0.430578897712, time=0.551875, GreenIndex=-13.3227413333, LAI=0.0, Utility=-107.71674254968417]"
33,"[30,42]","[39.6437869, -82.8185647]",/data/chumley/tmp/Photos_16SEP2018//South_Path/Images/33.6Feet/Sorte_2/DJI_0044.JPG,"[29,42]","[31,42]","[30,43]","[30,41]","['Links/Photos_16SEP2018_67', [21, 21]]",[],[],"['Links/Photos_02Aug2018_33', '[42, 42]']","[Latitude=39.6437864167, Longitude=-82.8185645, BrightnessTotal=0.537695999135, exposureTime=0.001778, xResolution=4000, yResolution=3000, SaturationTotalRed=0.635557896405, SaturationTotalGreen=0.510770118301, SaturationTotalBlue=0.411178856209, time=0.551956018519, GreenIndex=-5.87323733333, LAI=0.0, Utility=-47.39761829013813]"
33,"[30,43]","[39.6437869, -82.8186688]",/data/chumley/tmp/Photos_16SEP2018//South_Path/Images/33.6Feet/Sorte_2/DJI_0045.JPG,"[29,43]","[31,43]",[],"[30,42]","['Links/Photos_16SEP2018_67', [21, 21]]",[],[],"['Links/Photos_02Aug2018_33', '[42, 43]']","[Latitude=39.6437872778, Longitude=-82.8186703333, BrightnessTotal=0.54070358668, exposureTime=0.001649, xResolution=4000, yResolution=3000, SaturationTotalRed=0.639089517974, SaturationTotalGreen=0.513566570588, SaturationTotalBlue=0.41436972451, time=0.552048611111, GreenIndex=-6.13621333333, LAI=5.33333333333e-06, Utility=-49.52684347351504]"
33,"[31,0]","[39.6436799, -82.8141896]",/data/chumley/tmp/Photos_16SEP2018//South_Path/Images/33.6Feet/Sorte_2/DJI_0089.JPG,"[30,0]","[32,0]","[31,1]",[],"['Links/Photos_16SEP2018_67', [21, 0]]",[],[],"['Links/Photos_02Aug2018_33', '[43, 0]']","[Latitude=39.6436829167, Longitude=-82.8142005, BrightnessTotal=0.662965388771, exposureTime=0.001134, xResolution=4000, yResolution=3000, SaturationTotalRed=0.721242684314, SaturationTotalGreen=0.651992470588, SaturationTotalBlue=0.547950644771, time=0.556145833333, GreenIndex=9.127312, LAI=4.8e-05, Utility=74.06962886882046]"
33,"[31,1]","[39.6436799, -82.8142937]",/data/chumley/tmp/Photos_16SEP2018//South_Path/Images/33.6Feet/Sorte_2/DJI_0088.JPG,"[30,1]","[32,1]","[31,2]","[31,0]","['Links/Photos_16SEP2018_67', [21, 0]]",[],[],"['Links/Photos_02Aug2018_33', '[43, 1]']","[Latitude=39.6436833333, Longitude=-82.8143061944, BrightnessTotal=0.556486519719, exposureTime=0.001622, xResolution=4000, yResolution=3000, SaturationTotalRed=0.650183385294, SaturationTotalGreen=0.530348612418, SaturationTotalBlue=0.444574404575, time=0.556053240741, GreenIndex=-8.17251733333, LAI=0.0, Utility=-66.01492981524999]"
33,"[31,2]","[39.6436799, -82.8143979]",/data/chumley/tmp/Photos_16SEP2018//South_Path/Images/33.6Feet/Sorte_2/DJI_0087.JPG,"[30,2]","[32,2]","[31,3]","[31,1]","['Links/Photos_16SEP2018_67', [21, 1]]",[],[],"['Links/Photos_02Aug2018_33', '[43, 2]']","[Latitude=39.6436843056, Longitude=-82.8144106389, BrightnessTotal=0.553210553968, exposureTime=0.001827, xResolution=4000, yResolution=3000, SaturationTotalRed=0.63626935817, SaturationTotalGreen=0.533301744771, SaturationTotalBlue=0.419172194118, time=0.555960648148, GreenIndex=3.36675733333, LAI=5.33333333333e-06, Utility=27.42013356539273]"
33,"[31,3]","[39.6436799, -82.8145021]",/data/chumley/tmp/Photos_16SEP2018//South_Path/Images/33.6Feet/Sorte_2/DJI_0086.JPG,"[30,3]","[32,3]","[31,4]","[31,2]","['Links/Photos_16SEP2018_67', [21, 1]]",[],[],"['Links/Photos_02Aug2018_33', '[43, 3]']","[Latitude=39.6436814167, Longitude=-82.8145150556, BrightnessTotal=0.546647373737, exposureTime=0.00174, xResolution=4000, yResolution=3000, SaturationTotalRed=0.636655926797, SaturationTotalGreen=0.523059582026, SaturationTotalBlue=0.421604591503, time=0.555868055556, GreenIndex=-2.55633066667, LAI=1.6e-05, Utility=-20.540297696838728]"
33,"[31,4]","[39.6436799, -82.8146062]",/data/chumley/tmp/Photos_16SEP2018//South_Path/Images/33.6Feet/Sorte_2/DJI_0085.JPG,"[30,4]","[32,4]","[31,5]","[31,3]","['Links/Photos_16SEP2018_67', [21, 2]]",[],[],"['Links/Photos_02Aug2018_33', '[43, 4]']","[Latitude=39.64367775, Longitude=-82.8146155556, BrightnessTotal=0.547208277433, exposureTime=0.001731, xResolution=4000, yResolution=3000, SaturationTotalRed=0.661009601307, SaturationTotalGreen=0.512390809804, SaturationTotalBlue=0.432464527124, time=0.555787037037, GreenIndex=-16.9795626667, LAI=0.0, Utility=-137.32737585158063]"
33,"[31,5]","[39.6436799, -82.8147104]",/data/chumley/tmp/Photos_16SEP2018//South_Path/Images/33.6Feet/Sorte_2/DJI_0084.JPG,"[30,5]","[32,5]","[31,6]","[31,4]","['Links/Photos_16SEP2018_67', [21, 2]]",[],[],"['Links/Photos_02Aug2018_33', '[43, 5]']","[Latitude=39.6436783056, Longitude=-82.8147166667, BrightnessTotal=0.541236481012, exposureTime=0.001703, xResolution=4000, yResolution=3000, SaturationTotalRed=0.65840727451, SaturationTotalGreen=0.505018355556, SaturationTotalBlue=0.424061404575, time=0.555694444444, GreenIndex=-17.9595093333, LAI=0.0, Utility=-145.26244555231744]"
33,"[31,6]","[39.6436799, -82.8148146]",/data/chumley/tmp/Photos_16SEP2018//South_Path/Images/33.6Feet/Sorte_2/DJI_0083.JPG,"[30,6]","[32,6]","[31,7]","[31,5]","['Links/Photos_16SEP2018_67', [21, 3]]",[],[],"['Links/Photos_02Aug2018_33', '[43, 6]']","[Latitude=39.6436795278, Longitude=-82.8148184722, BrightnessTotal=0.543281112323, exposureTime=0.001817, xResolution=4000, yResolution=3000, SaturationTotalRed=0.660251425163, SaturationTotalGreen=0.507036343137, SaturationTotalBlue=0.427861367647, time=0.555601851852, GreenIndex=-18.3584373333, LAI=0.0, Utility=-148.49250508392004]"
33,"[31,7]","[39.6436799, -82.8149187]",/data/chumley/tmp/Photos_16SEP2018//South_Path/Images/33.6Feet/Sorte_2/DJI_0082.JPG,"[30,7]","[32,7]","[31,8]","[31,6]","['Links/Photos_16SEP2018_67', [21, 3]]",[],[],"['Links/Photos_02Aug2018_33', '[43, 7]']","[Latitude=39.6436803611, Longitude=-82.8149243333, BrightnessTotal=0.559800711245, exposureTime=0.002036, xResolution=4000, yResolution=3000, SaturationTotalRed=0.66871629183, SaturationTotalGreen=0.527027400327, SaturationTotalBlue=0.448451655229, time=0.555509259259, GreenIndex=-15.5906666667, LAI=0.0, Utility=-126.0805931530693]"
33,"[31,8]","[39.6436799, -82.8150229]",/data/chumley/tmp/Photos_16SEP2018//South_Path/Images/33.6Feet/Sorte_2/DJI_0081.JPG,"[30,8]","[32,8]","[31,9]","[31,7]","['Links/Photos_16SEP2018_67', [21, 4]]",[],[],"['Links/Photos_02Aug2018_33', '[43, 8]']","[Latitude=39.6436793889, Longitude=-82.8150323056, BrightnessTotal=0.530254972689, exposureTime=0.001778, xResolution=4000, yResolution=3000, SaturationTotalRed=0.637750601961, SaturationTotalGreen=0.497738846078, SaturationTotalBlue=0.419354114052, time=0.555405092593, GreenIndex=-15.1912586667, LAI=0.0, Utility=-122.84794461596518]"
33,"[31,9]","[39.6436799, -82.8151271]",/data/chumley/tmp/Photos_16SEP2018//South_Path/Images/33.6Feet/Sorte_2/DJI_0080.JPG,"[30,9]","[32,9]","[31,10]","[31,8]","['Links/Photos_16SEP2018_67', [21, 4]]",[],[],"['Links/Photos_02Aug2018_33', '[43, 9]']","[Latitude=39.6436817778, Longitude=-82.8151351667, BrightnessTotal=0.54138715389, exposureTime=0.001982, xResolution=4000, yResolution=3000, SaturationTotalRed=0.647996409804, SaturationTotalGreen=0.509508969608, SaturationTotalBlue=0.429108672222, time=0.555324074074, GreenIndex=-14.2908266667, LAI=0.0, Utility=-115.5564564588516]"
33,"[31,10]","[39.6436799, -82.8152313]",/data/chumley/tmp/Photos_16SEP2018//South_Path/Images/33.6Feet/Sorte_2/DJI_0079.JPG,"[30,10]","[32,10]","[31,11]","[31,9]","['Links/Photos_16SEP2018_67', [21, 5]]",[],[],"['Links/Photos_02Aug2018_33', '[43, 10]']","[Latitude=39.6436796944, Longitude=-82.8152463889, BrightnessTotal=0.545614140243, exposureTime=0.002014, xResolution=4000, yResolution=3000, SaturationTotalRed=0.648678625163, SaturationTotalGreen=0.515295389869, SaturationTotalBlue=0.433947049673, time=0.555219907407, GreenIndex=-12.76664, LAI=0.0, Utility=-103.21465291224864]"
33,"[31,11]","[39.6436799, -82.8153354]",/data/chumley/tmp/Photos_16SEP2018//South_Path/Images/33.6Feet/Sorte_2/DJI_0078.JPG,"[30,11]","[32,11]","[31,12]","[31,10]","['Links/Photos_16SEP2018_67', [21, 5]]",[],[],"['Links/Photos_02Aug2018_33', '[43, 11]']","[Latitude=39.64368025, Longitude=-82.8153495556, BrightnessTotal=0.55054513285, exposureTime=0.002014, xResolution=4000, yResolution=3000, SaturationTotalRed=0.654566763399, SaturationTotalGreen=0.51987393268, SaturationTotalBlue=0.43867843366, time=0.555127314815, GreenIndex=-13.125312, LAI=0.0, Utility=-106.11862179569238]"
33,"[31,12]","[39.6436799, -82.8154396]",/data/chumley/tmp/Photos_16SEP2018//South_Path/Images/33.6Feet/Sorte_2/DJI_0077.JPG,"[30,12]","[32,12]","[31,13]","[31,11]","['Links/Photos_16SEP2018_67', [21, 6]]",[],[],"['Links/Photos_02Aug2018_33', '[43, 12]']","[Latitude=39.6436781944, Longitude=-82.8154550556, BrightnessTotal=0.53720256228, exposureTime=0.001961, xResolution=4000, yResolution=3000, SaturationTotalRed=0.645370552614, SaturationTotalGreen=0.504626286928, SaturationTotalBlue=0.424398888235, time=0.555023148148, GreenIndex=-14.9092373333, LAI=0.0, Utility=-120.56398212832666]"
33,"[31,13]","[39.6436799, -82.8155438]",/data/chumley/tmp/Photos_16SEP2018//South_Path/Images/33.6Feet/Sorte_2/DJI_0076.JPG,"[30,13]","[32,13]","[31,14]","[31,12]","['Links/Photos_16SEP2018_67', [21, 6]]",[],[],"['Links/Photos_02Aug2018_33', '[43, 13]']","[Latitude=39.6436801667, Longitude=-82.8155588333, BrightnessTotal=0.559117807826, exposureTime=0.002209, xResolution=4000, yResolution=3000, SaturationTotalRed=0.661192434641, SaturationTotalGreen=0.530629668954, SaturationTotalBlue=0.431993698039, time=0.55494212963, GreenIndex=-7.611984, LAI=0.0, Utility=-61.475964966538356]"
33,"[31,14]","[39.6436799, -82.8156479]",/data/chumley/tmp/Photos_16SEP2018//South_Path/Images/33.6Feet/Sorte_2/DJI_0075.JPG,"[30,14]","[32,14]","[31,15]","[31,13]","['Links/Photos_16SEP2018_67', [21, 7]]",[],[],"['Links/Photos_02Aug2018_33', '[43, 14]']","[Latitude=39.6436800278, Longitude=-82.81566325, BrightnessTotal=0.558373429265, exposureTime=0.002245, xResolution=4000, yResolution=3000, SaturationTotalRed=0.66390678366, SaturationTotalGreen=0.528741189542, SaturationTotalBlue=0.426576926797, time=0.554849537037, GreenIndex=-7.88726933333, LAI=0.0, Utility=-63.70503626625866]"
33,"[31,15]","[39.6436799, -82.8157521]",/data/chumley/tmp/Photos_16SEP2018//South_Path/Images/33.6Feet/Sorte_2/DJI_0074.JPG,"[30,15]","[32,15]","[31,16]","[31,14]","['Links/Photos_16SEP2018_67', [21, 7]]",[],[],"['Links/Photos_02Aug2018_33', '[43, 15]']","[Latitude=39.6436786667, Longitude=-82.8157655556, BrightnessTotal=0.559973492847, exposureTime=0.002294, xResolution=4000, yResolution=3000, SaturationTotalRed=0.66363755915, SaturationTotalGreen=0.531314544444, SaturationTotalBlue=0.426414569935, time=0.554756944444, GreenIndex=-6.510848, LAI=0.0, Utility=-52.559853050500486]"
33,"[31,16]","[39.6436799, -82.8158563]",/data/chumley/tmp/Photos_16SEP2018//South_Path/Images/33.6Feet/Sorte_2/DJI_0073.JPG,"[30,16]","[32,16]","[31,17]","[31,15]","['Links/Photos_16SEP2018_67', [21, 8]]",[],[],"['Links/Photos_02Aug2018_33', '[43, 16]']","[Latitude=39.6436807222, Longitude=-82.8158666944, BrightnessTotal=0.548907799522, exposureTime=0.002282, xResolution=4000, yResolution=3000, SaturationTotalRed=0.655332353922, SaturationTotalGreen=0.517857255556, SaturationTotalBlue=0.428576346078, time=0.554664351852, GreenIndex=-11.7546293333, LAI=0.0, Utility=-95.0200334492544]"
33,"[31,17]","[39.6436799, -82.8159604]",/data/chumley/tmp/Photos_16SEP2018//South_Path/Images/33.6Feet/Sorte_2/DJI_0072.JPG,"[30,17]","[32,17]","[31,18]","[31,16]","['Links/Photos_16SEP2018_67', [21, 8]]",[],[],"['Links/Photos_02Aug2018_33', '[43, 17]']","[Latitude=39.6436774444, Longitude=-82.8159744444, BrightnessTotal=0.565395305906, exposureTime=0.002344, xResolution=4000, yResolution=3000, SaturationTotalRed=0.676501399346, SaturationTotalGreen=0.531993056209, SaturationTotalBlue=0.450697573856, time=0.554583333333, GreenIndex=-15.6173973333, LAI=0.0, Utility=-126.29662851837675]"
33,"[31,18]","[39.6436799, -82.8160646]",/data/chumley/tmp/Photos_16SEP2018//South_Path/Images/33.6Feet/Sorte_2/DJI_0071.JPG,"[30,18]","[32,18]","[31,19]","[31,17]","['Links/Photos_16SEP2018_67', [21, 9]]",[],[],"['Links/Photos_02Aug2018_33', '[43, 18]']","[Latitude=39.6436785, Longitude=-82.8160764444, BrightnessTotal=0.551765804371, exposureTime=0.002138, xResolution=4000, yResolution=3000, SaturationTotalRed=0.666052121242, SaturationTotalGreen=0.516993531046, SaturationTotalBlue=0.434533178758, time=0.554479166667, GreenIndex=-16.498048, LAI=0.0, Utility=-133.4280543084144]"
33,"[31,19]","[39.6436799, -82.8161688]",/data/chumley/tmp/Photos_16SEP2018//South_Path/Images/33.6Feet/Sorte_2/DJI_0070.JPG,"[30,19]","[32,19]","[31,20]","[31,18]","['Links/Photos_16SEP2018_67', [21, 9]]",[],[],"['Links/Photos_02Aug2018_33', '[43, 19]']","[Latitude=39.643678, Longitude=-82.8161818333, BrightnessTotal=0.549351260519, exposureTime=0.002161, xResolution=4000, yResolution=3000, SaturationTotalRed=0.665458436275, SaturationTotalGreen=0.513916139542, SaturationTotalBlue=0.429837836275, time=0.554386574074, GreenIndex=-16.6828746667, LAI=0.0, Utility=-134.92473791083262]"
33,"[31,20]","[39.6436799, -82.8162729]",/data/chumley/tmp/Photos_16SEP2018//South_Path/Images/33.6Feet/Sorte_2/DJI_0069.JPG,"[30,20]","[32,20]","[31,21]","[31,19]","['Links/Photos_16SEP2018_67', [21, 10]]",[],[],"['Links/Photos_02Aug2018_33', '[43, 20]']","[Latitude=39.6436802222, Longitude=-82.8162876944, BrightnessTotal=0.556348481644, exposureTime=0.002209, xResolution=4000, yResolution=3000, SaturationTotalRed=0.669912154248, SaturationTotalGreen=0.522048990196, SaturationTotalBlue=0.437998668627, time=0.554293981481, GreenIndex=-15.7600053333, LAI=0.0, Utility=-127.4517587665718]"
33,"[31,21]","[39.6436799, -82.8163771]",/data/chumley/tmp/Photos_16SEP2018//South_Path/Images/33.6Feet/Sorte_2/DJI_0068.JPG,"[30,21]","[32,21]","[31,22]","[31,20]","['Links/Photos_16SEP2018_67', [21, 10]]",[],[],"['Links/Photos_02Aug2018_33', '[43, 21]']","[Latitude=39.6436773611, Longitude=-82.8163878611, BrightnessTotal=0.55145581854, exposureTime=0.002173, xResolution=4000, yResolution=3000, SaturationTotalRed=0.664412459477, SaturationTotalGreen=0.517312348039, SaturationTotalBlue=0.433786318301, time=0.554201388889, GreenIndex=-15.6899626667, LAI=0.0, Utility=-126.8848325173793]"
33,"[31,22]","[39.6436799, -82.8164813]",/data/chumley/tmp/Photos_16SEP2018//South_Path/Images/33.6Feet/Sorte_2/DJI_0067.JPG,"[30,22]","[32,22]","[31,23]","[31,21]","['Links/Photos_16SEP2018_67', [21, 11]]",[],[],"['Links/Photos_02Aug2018_33', '[43, 22]']","[Latitude=39.6436807778, Longitude=-82.8164931944, BrightnessTotal=0.564156329357, exposureTime=0.002233, xResolution=4000, yResolution=3000, SaturationTotalRed=0.673457715033, SaturationTotalGreen=0.53159039902, SaturationTotalBlue=0.448844867974, time=0.554108796296, GreenIndex=-14.5698026667, LAI=0.0, Utility=-117.81407676644388]"
33,"[31,23]","[39.6436799, -82.8165855]",/data/chumley/tmp/Photos_16SEP2018//South_Path/Images/33.6Feet/Sorte_2/DJI_0066.JPG,"[30,23]","[32,23]","[31,24]","[31,22]","['Links/Photos_16SEP2018_67', [21, 11]]",[],[],"['Links/Photos_02Aug2018_33', '[43, 23]']","[Latitude=39.6436831389, Longitude=-82.8165903889, BrightnessTotal=0.552912062328, exposureTime=0.00195, xResolution=4000, yResolution=3000, SaturationTotalRed=0.66283939183, SaturationTotalGreen=0.519869601634, SaturationTotalBlue=0.438483953922, time=0.554016203704, GreenIndex=-15.1959466667, LAI=0.0, Utility=-122.88459159222435]"
33,"[31,24]","[39.6436799, -82.8166896]",/data/chumley/tmp/Photos_16SEP2018//South_Path/Images/33.6Feet/Sorte_2/DJI_0065.JPG,"[30,24]","[32,24]","[31,25]","[31,23]","['Links/Photos_16SEP2018_67', [21, 12]]",[],[],"['Links/Photos_02Aug2018_33', '[43, 24]']","[Latitude=39.6436794722, Longitude=-82.8167006389, BrightnessTotal=0.556380214057, exposureTime=0.001867, xResolution=4000, yResolution=3000, SaturationTotalRed=0.662522718301, SaturationTotalGreen=0.525474272876, SaturationTotalBlue=0.436802260131, time=0.553912037037, GreenIndex=-11.8193173333, LAI=0.0, Utility=-95.5433330700183]"
33,"[31,25]","[39.6436799, -82.8167938]",/data/chumley/tmp/Photos_16SEP2018//South_Path/Images/33.6Feet/Sorte_2/DJI_0064.JPG,"[30,25]","[32,25]","[31,26]","[31,24]","['Links/Photos_16SEP2018_67', [21, 12]]",[],[],"['Links/Photos_02Aug2018_33', '[43, 25]']","[Latitude=39.6436800833, Longitude=-82.8168059722, BrightnessTotal=0.562284879106, exposureTime=0.001808, xResolution=4000, yResolution=3000, SaturationTotalRed=0.665316244118, SaturationTotalGreen=0.533083709804, SaturationTotalBlue=0.439242420261, time=0.553819444444, GreenIndex=-9.24527466667, LAI=0.0, Utility=-74.70061990726622]"
33,"[31,26]","[39.6436799, -82.816898]",/data/chumley/tmp/Photos_16SEP2018//South_Path/Images/33.6Feet/Sorte_2/DJI_0063.JPG,"[30,26]","[32,26]","[31,27]","[31,25]","['Links/Photos_16SEP2018_67', [21, 13]]",[],[],"['Links/Photos_02Aug2018_33', '[43, 26]']","[Latitude=39.64368075, Longitude=-82.8169122222, BrightnessTotal=0.532492454532, exposureTime=0.001667, xResolution=4000, yResolution=3000, SaturationTotalRed=0.631017337255, SaturationTotalGreen=0.505089229085, SaturationTotalBlue=0.407676084314, time=0.553715277778, GreenIndex=-6.739408, LAI=0.0, Utility=-54.41166838494987]"
33,"[31,27]","[39.6436799, -82.8170021]",/data/chumley/tmp/Photos_16SEP2018//South_Path/Images/33.6Feet/Sorte_2/DJI_0062.JPG,"[30,27]","[32,27]","[31,28]","[31,26]","['Links/Photos_16SEP2018_67', [21, 13]]",[],[],"['Links/Photos_02Aug2018_33', '[43, 27]']","[Latitude=39.6436812778, Longitude=-82.8170151111, BrightnessTotal=0.556481236246, exposureTime=0.001827, xResolution=4000, yResolution=3000, SaturationTotalRed=0.639072394771, SaturationTotalGreen=0.537345979412, SaturationTotalBlue=0.415222863399, time=0.553622685185, GreenIndex=5.688192, LAI=9.06666666667e-05, Utility=46.21765693313862]"
33,"[31,28]","[39.6436799, -82.8171063]",/data/chumley/tmp/Photos_16SEP2018//South_Path/Images/33.6Feet/Sorte_2/DJI_0061.JPG,"[30,28]","[32,28]","[31,29]","[31,27]","['Links/Photos_16SEP2018_67', [21, 14]]",[],[],"['Links/Photos_02Aug2018_33', '[43, 28]']","[Latitude=39.6436804444, Longitude=-82.8171201667, BrightnessTotal=0.559347444692, exposureTime=0.002014, xResolution=4000, yResolution=3000, SaturationTotalRed=0.654367823856, SaturationTotalGreen=0.533712899673, SaturationTotalBlue=0.434589910458, time=0.553530092593, GreenIndex=-4.94282133333, LAI=0.0, Utility=-39.86308681954492]"
33,"[31,29]","[39.6436799, -82.8172105]",/data/chumley/tmp/Photos_16SEP2018//South_Path/Images/33.6Feet/Sorte_2/DJI_0060.JPG,"[30,29]","[32,29]","[31,30]","[31,28]","['Links/Photos_16SEP2018_67', [21, 14]]",[],[],"['Links/Photos_02Aug2018_33', '[43, 29]']","[Latitude=39.6436774167, Longitude=-82.8172257222, BrightnessTotal=0.540872642678, exposureTime=0.001888, xResolution=4000, yResolution=3000, SaturationTotalRed=0.637764780065, SaturationTotalGreen=0.513257802288, SaturationTotalBlue=0.428494872222, time=0.5534375, GreenIndex=-9.59826133333, LAI=0.0, Utility=-77.55974046920964]"
33,"[31,30]","[39.6436799, -82.8173146]",/data/chumley/tmp/Photos_16SEP2018//South_Path/Images/33.6Feet/Sorte_2/DJI_0059.JPG,"[30,30]","[32,30]","[31,31]","[31,29]","['Links/Photos_16SEP2018_67', [21, 15]]",[],[],"['Links/Photos_02Aug2018_33', '[43, 30]']","[Latitude=39.6436783889, Longitude=-82.8173257778, BrightnessTotal=0.544010094314, exposureTime=0.001919, xResolution=4000, yResolution=3000, SaturationTotalRed=0.643863722876, SaturationTotalGreen=0.515132797059, SaturationTotalBlue=0.431701505556, time=0.553344907407, GreenIndex=-11.023728, LAI=0.0, Utility=-89.10179894607049]"
33,"[31,31]","[39.6436799, -82.8174188]",/data/chumley/tmp/Photos_16SEP2018//South_Path/Images/33.6Feet/Sorte_2/DJI_0058.JPG,"[30,31]","[32,31]","[31,32]","[31,30]","['Links/Photos_16SEP2018_67', [21, 15]]",[],[],"['Links/Photos_02Aug2018_33', '[43, 31]']","[Latitude=39.6436793889, Longitude=-82.8174342222, BrightnessTotal=0.543917917867, exposureTime=0.001759, xResolution=4000, yResolution=3000, SaturationTotalRed=0.641381401307, SaturationTotalGreen=0.516914410131, SaturationTotalBlue=0.421324176471, time=0.553240740741, GreenIndex=-6.84541333333, LAI=0.0, Utility=-55.26936659435878]"
33,"[31,32]","[39.6436799, -82.817523]",/data/chumley/tmp/Photos_16SEP2018//South_Path/Images/33.6Feet/Sorte_2/DJI_0057.JPG,"[30,32]","[32,32]","[31,33]","[31,31]","['Links/Photos_16SEP2018_67', [21, 16]]",[],[],"['Links/Photos_02Aug2018_33', '[43, 32]']","[Latitude=39.6436785, Longitude=-82.8175341944, BrightnessTotal=0.558606255684, exposureTime=0.001778, xResolution=4000, yResolution=3000, SaturationTotalRed=0.652195502288, SaturationTotalGreen=0.533894276797, SaturationTotalBlue=0.42985385817, time=0.553148148148, GreenIndex=-3.11213866667, LAI=0.0, Utility=-25.0397560099486]"
33,"[31,33]","[39.6436799, -82.8176271]",/data/chumley/tmp/Photos_16SEP2018//South_Path/Images/33.6Feet/Sorte_2/DJI_0056.JPG,"[30,33]","[32,33]","[31,34]","[31,32]","['Links/Photos_16SEP2018_67', [21, 16]]",[],[],"['Links/Photos_02Aug2018_33', '[43, 33]']","[Latitude=39.6436783889, Longitude=-82.8176381111, BrightnessTotal=0.551223477501, exposureTime=0.001694, xResolution=4000, yResolution=3000, SaturationTotalRed=0.65020034183, SaturationTotalGreen=0.523101931699, SaturationTotalBlue=0.435211652288, time=0.553055555556, GreenIndex=-9.45445866667, LAI=0.0, Utility=-76.39479832731011]"
33,"[31,34]","[39.6436799, -82.8177313]",/data/chumley/tmp/Photos_16SEP2018//South_Path/Images/33.6Feet/Sorte_2/DJI_0055.JPG,"[30,34]","[32,34]","[31,35]","[31,33]","['Links/Photos_16SEP2018_67', [21, 17]]",[],[],"['Links/Photos_02Aug2018_33', '[43, 34]']","[Latitude=39.6436779444, Longitude=-82.8177448889, BrightnessTotal=0.548029699028, exposureTime=0.001605, xResolution=4000, yResolution=3000, SaturationTotalRed=0.647979742157, SaturationTotalGreen=0.519542354575, SaturationTotalBlue=0.430942055556, time=0.552951388889, GreenIndex=-9.62134933333, LAI=0.0, Utility=-77.74628184500735]"
33,"[31,35]","[39.6436799, -82.8178355]",/data/chumley/tmp/Photos_16SEP2018//South_Path/Images/33.6Feet/Sorte_2/DJI_0054.JPG,"[30,35]","[32,35]","[31,36]","[31,34]","['Links/Photos_16SEP2018_67', [21, 17]]",[],[],"['Links/Photos_02Aug2018_33', '[43, 35]']","[Latitude=39.6436779722, Longitude=-82.8178455556, BrightnessTotal=0.552920225763, exposureTime=0.001596, xResolution=4000, yResolution=3000, SaturationTotalRed=0.650603491503, SaturationTotalGreen=0.526442446405, SaturationTotalBlue=0.423643764706, time=0.55287037037, GreenIndex=-4.90395733333, LAI=0.0, Utility=-39.54862583285422]"
33,"[31,36]","[39.6436799, -82.8179397]",/data/chumley/tmp/Photos_16SEP2018//South_Path/Images/33.6Feet/Sorte_2/DJI_0053.JPG,"[30,36]","[32,36]","[31,37]","[31,35]","['Links/Photos_16SEP2018_67', [21, 18]]",[],[],"['Links/Photos_02Aug2018_33', '[43, 36]']","[Latitude=39.64367775, Longitude=-82.8179481667, BrightnessTotal=0.540269852697, exposureTime=0.00157, xResolution=4000, yResolution=3000, SaturationTotalRed=0.636377670261, SaturationTotalGreen=0.514750877778, SaturationTotalBlue=0.405820839542, time=0.552777777778, GreenIndex=-2.65387733333, LAI=0.0, Utility=-21.33000105214484]"
33,"[31,37]","[39.6436799, -82.8180438]",/data/chumley/tmp/Photos_16SEP2018//South_Path/Images/33.6Feet/Sorte_2/DJI_0052.JPG,"[30,37]","[32,37]","[31,38]","[31,36]","['Links/Photos_16SEP2018_67', [21, 18]]",[],[],"['Links/Photos_02Aug2018_33', '[43, 37]']","[Latitude=39.6436784722, Longitude=-82.8180509722, BrightnessTotal=0.546493250816, exposureTime=0.001676, xResolution=4000, yResolution=3000, SaturationTotalRed=0.639530082353, SaturationTotalGreen=0.521826039216, SaturationTotalBlue=0.418772914379, time=0.552685185185, GreenIndex=-3.18808533333, LAI=5.33333333333e-06, Utility=-25.655218042472097]"
33,"[31,38]","[39.6436799, -82.818148]",/data/chumley/tmp/Photos_16SEP2018//South_Path/Images/33.6Feet/Sorte_2/DJI_0051.JPG,"[30,38]","[32,38]","[31,39]","[31,37]","['Links/Photos_16SEP2018_67', [21, 19]]",[],[],"['Links/Photos_02Aug2018_33', '[43, 38]']","[Latitude=39.6436787778, Longitude=-82.8181581944, BrightnessTotal=0.550073213137, exposureTime=0.001722, xResolution=4000, yResolution=3000, SaturationTotalRed=0.642772227778, SaturationTotalGreen=0.52571034085, SaturationTotalBlue=0.420736388235, time=0.552581018519, GreenIndex=-2.49501333333, LAI=1.6e-05, Utility=-20.043121579790334]"
33,"[31,39]","[39.6436799, -82.8182522]",/data/chumley/tmp/Photos_16SEP2018//South_Path/Images/33.6Feet/Sorte_2/DJI_0050.JPG,"[30,39]","[32,39]","[31,40]","[31,38]","['Links/Photos_16SEP2018_67', [21, 19]]",[],[],"['Links/Photos_02Aug2018_33', '[43, 39]']","[Latitude=39.6436791111, Longitude=-82.8182639167, BrightnessTotal=0.57214394689, exposureTime=0.001817, xResolution=4000, yResolution=3000, SaturationTotalRed=0.667115468954, SaturationTotalGreen=0.54641223268, SaturationTotalBlue=0.450228512418, time=0.5525, GreenIndex=-5.73486933333, LAI=0.0, Utility=-46.275620609516416]"
33,"[31,40]","[39.6436799, -82.8183563]",/data/chumley/tmp/Photos_16SEP2018//South_Path/Images/33.6Feet/Sorte_2/DJI_0049.JPG,"[30,40]","[32,40]","[31,41]","[31,39]","['Links/Photos_16SEP2018_67', [21, 20]]",[],[],"['Links/Photos_02Aug2018_33', '[43, 40]']","[Latitude=39.6436795556, Longitude=-82.8183640556, BrightnessTotal=0.547234851445, exposureTime=0.001613, xResolution=4000, yResolution=3000, SaturationTotalRed=0.650580748039, SaturationTotalGreen=0.517339050327, SaturationTotalBlue=0.429130878431, time=0.552407407407, GreenIndex=-10.956736, LAI=0.0, Utility=-88.55907200742514]"
33,"[31,41]","[39.6436799, -82.8184605]",/data/chumley/tmp/Photos_16SEP2018//South_Path/Images/33.6Feet/Sorte_2/DJI_0048.JPG,"[30,41]","[32,41]","[31,42]","[31,40]","['Links/Photos_16SEP2018_67', [21, 20]]",[],[],"['Links/Photos_02Aug2018_33', '[43, 41]']","[Latitude=39.6436790556, Longitude=-82.8184678611, BrightnessTotal=0.537740400679, exposureTime=0.001658, xResolution=4000, yResolution=3000, SaturationTotalRed=0.641561262418, SaturationTotalGreen=0.50812265098, SaturationTotalBlue=0.412321094771, time=0.552314814815, GreenIndex=-9.05355733333, LAI=0.0, Utility=-73.14921784142585]"
33,"[31,42]","[39.6436799, -82.8185647]",/data/chumley/tmp/Photos_16SEP2018//South_Path/Images/33.6Feet/Sorte_2/DJI_0047.JPG,"[30,42]","[32,42]","[31,43]","[31,41]","['Links/Photos_16SEP2018_67', [21, 21]]",[],[],"['Links/Photos_02Aug2018_33', '[43, 42]']","[Latitude=39.6436822222, Longitude=-82.8185658056, BrightnessTotal=0.548518005012, exposureTime=0.00175, xResolution=4000, yResolution=3000, SaturationTotalRed=0.646749870915, SaturationTotalGreen=0.521103818301, SaturationTotalBlue=0.427453671242, time=0.552233796296, GreenIndex=-7.62208533333, LAI=0.0, Utility=-61.557806865428546]"
33,"[31,43]","[39.6436799, -82.8186688]",/data/chumley/tmp/Photos_16SEP2018//South_Path/Images/33.6Feet/Sorte_2/DJI_0046.JPG,"[30,43]","[32,43]",[],"[31,42]","['Links/Photos_16SEP2018_67', [21, 21]]",[],[],"['Links/Photos_02Aug2018_33', '[43, 43]']","[Latitude=39.6436802222, Longitude=-82.8186671389, BrightnessTotal=0.554929835068, exposureTime=0.00174, xResolution=4000, yResolution=3000, SaturationTotalRed=0.652741081373, SaturationTotalGreen=0.527332462418, SaturationTotalBlue=0.439101319608, time=0.552141203704, GreenIndex=-8.969552, LAI=0.0, Utility=-72.46810412716985]"
