33,1,"[39.643572444444445, -82.8150291111111]",/home/boubin/Images/Photos_16SEP2018/North_Path/Images/33.6Feet/Sorte_3/DJI_0010.JPG,67,46,37,70,[],[],[],[],"[Latitude=39.643572444444445, Longitude=-82.8150291111111, BrightnessTotal=0.6000411613927297, exposureTime=0.003057, xResolution=4000, yResolution=3000, SaturationTotalRed=0.6954767888888889, SaturationTotalGreen=0.5718429594771242, SaturationTotalBlue=0.5075978055555556, time=0.5031597222222223, GreenIndex=-15.115578666666666, LAI=0.0, Utility=-122.22321311800009]"
33,2,"[39.643465722222224, -82.81429683333333]",/home/boubin/Images/Photos_16SEP2018/North_Path/Images/33.6Feet/Sorte_3/DJI_0088.JPG,47,85,34,[],[],[],[],[],"[Latitude=39.643465722222224, Longitude=-82.81429683333333, BrightnessTotal=0.6403353358883813, exposureTime=0.002684, xResolution=4000, yResolution=3000, SaturationTotalRed=0.7241544218954249, SaturationTotalGreen=0.6185439428104574, SaturationTotalBlue=0.5324026477124183, time=0.5101388888888889, GreenIndex=-4.870885333333334, LAI=0.0, Utility=-39.26957088332816]"
33,3,"[39.64346586111111, -82.81856586111111]",/home/boubin/Images/Photos_16SEP2018/North_Path/Images/33.6Feet/Sorte_3/DJI_0047.JPG,68,62,53,[],[],[],[],[],"[Latitude=39.64346586111111, Longitude=-82.81856586111111, BrightnessTotal=0.5887996578890028, exposureTime=0.002927, xResolution=4000, yResolution=3000, SaturationTotalRed=0.6807450450980392, SaturationTotalGreen=0.5620696428104575, SaturationTotalBlue=0.49556873986928107, time=0.5064814814814815, GreenIndex=-13.272, LAI=0.0, Utility=-107.29655746743468]"
33,4,"[39.64346422222222, -82.81481555555555]",/home/boubin/Images/Photos_16SEP2018/North_Path/Images/33.6Feet/Sorte_3/DJI_0083.JPG,81,38,40,[],[],[],[],[],"[Latitude=39.64346422222222, Longitude=-82.81481555555555, BrightnessTotal=0.6065010023732045, exposureTime=0.003158, xResolution=4000, yResolution=3000, SaturationTotalRed=0.704277543137255, SaturationTotalGreen=0.5769549549019608, SaturationTotalBlue=0.5185924437908497, time=0.5096990740740741, GreenIndex=-17.561578666666666, LAI=0.0, Utility=-142.02958154007447]"
33,5,"[39.643465472222225, -82.8183598611111]",/home/boubin/Images/Photos_16SEP2018/North_Path/Images/33.6Feet/Sorte_3/DJI_0049.JPG,62,39,[],[],[],[],[],[],"[Latitude=39.643465472222225, Longitude=-82.8183598611111, BrightnessTotal=0.5953263670608939, exposureTime=0.002803, xResolution=4000, yResolution=3000, SaturationTotalRed=0.6921094944444445, SaturationTotalGreen=0.5666514722222222, SaturationTotalBlue=0.5013930088235294, time=0.5066550925925926, GreenIndex=-15.321866666666667, LAI=0.0, Utility=-123.89436142058173]"
33,6,"[39.64357125, -82.81575258333334]",/home/boubin/Images/Photos_16SEP2018/North_Path/Images/33.6Feet/Sorte_3/DJI_0017.JPG,79,20,35,7,[],[],[],[],"[Latitude=39.64357125, Longitude=-82.81575258333334, BrightnessTotal=0.5858537857822419, exposureTime=0.002684, xResolution=4000, yResolution=3000, SaturationTotalRed=0.6884085032679739, SaturationTotalGreen=0.5547593500000001, SaturationTotalBlue=0.49038570980392154, time=0.5037962962962963, GreenIndex=-17.647824, LAI=0.0, Utility=-142.7280065668462]"
33,7,"[39.643466305555556, -82.81576147222222]",/home/boubin/Images/Photos_16SEP2018/North_Path/Images/33.6Feet/Sorte_3/DJI_0074.JPG,84,69,6,[],[],[],[],[],"[Latitude=39.643466305555556, Longitude=-82.81576147222222, BrightnessTotal=0.5789250169894646, exposureTime=0.002743, xResolution=4000, yResolution=3000, SaturationTotalRed=0.6777365447712419, SaturationTotalGreen=0.5490299346405229, SaturationTotalBlue=0.4875751392156863, time=0.5088888888888888, GreenIndex=-17.117376, LAI=0.0, Utility=-138.43402964460068]"
33,8,"[39.643466805555555, -82.81680272222222]",/home/boubin/Images/Photos_16SEP2018/North_Path/Images/33.6Feet/Sorte_3/DJI_0064.JPG,73,54,25,[],[],[],[],[],"[Latitude=39.643466805555555, Longitude=-82.81680272222222, BrightnessTotal=0.5934997531526811, exposureTime=0.002911, xResolution=4000, yResolution=3000, SaturationTotalRed=0.6940080081699346, SaturationTotalGreen=0.5625360562091504, SaturationTotalBlue=0.5073033281045751, time=0.5080092592592592, GreenIndex=-19.424917333333333, LAI=0.0, Utility=-157.1176775049925]"
33,9,"[39.64357072222222, -82.81523544444444]",/home/boubin/Images/Photos_16SEP2018/North_Path/Images/33.6Feet/Sorte_3/DJI_0012.JPG,13,67,37,66,[],[],[],[],"[Latitude=39.64357072222222, Longitude=-82.81523544444444, BrightnessTotal=0.6003521121614953, exposureTime=0.002927, xResolution=4000, yResolution=3000, SaturationTotalRed=0.698343910130719, SaturationTotalGreen=0.5708768104575164, SaturationTotalBlue=0.5100984970588236, time=0.5033333333333333, GreenIndex=-17.002010666666667, LAI=0.0, Utility=-137.4979510751352]"
33,10,"[39.643465472222225, -82.81805033333333]",/home/boubin/Images/Photos_16SEP2018/North_Path/Images/33.6Feet/Sorte_3/DJI_0052.JPG,64,51,63,[],[],[],[],[],"[Latitude=39.643465472222225, Longitude=-82.81805033333333, BrightnessTotal=0.6108579334906412, exposureTime=0.002927, xResolution=4000, yResolution=3000, SaturationTotalRed=0.7036893967320261, SaturationTotalGreen=0.5836689542483661, SaturationTotalBlue=0.5202762751633987, time=0.5069328703703704, GreenIndex=-14.425376, LAI=0.0, Utility=-116.63461092292138]"
33,11,"[39.64346675, -82.81638708333332]",/home/boubin/Images/Photos_16SEP2018/North_Path/Images/33.6Feet/Sorte_3/DJI_0068.JPG,88,80,44,[],[],[],[],[],"[Latitude=39.64346675, Longitude=-82.81638708333332, BrightnessTotal=0.5896286236444117, exposureTime=0.002975, xResolution=4000, yResolution=3000, SaturationTotalRed=0.6860268117647059, SaturationTotalGreen=0.5601387045751635, SaturationTotalBlue=0.5063487049019608, time=0.5083564814814815, GreenIndex=-18.350053333333335, LAI=0.0, Utility=-148.41456731069465]"
33,12,"[39.643466, -82.81700863888888]",/home/boubin/Images/Photos_16SEP2018/North_Path/Images/33.6Feet/Sorte_3/DJI_0062.JPG,59,73,28,[],[],[],[],[],"[Latitude=39.643466, Longitude=-82.81700863888888, BrightnessTotal=0.6028488592993559, exposureTime=0.002641, xResolution=4000, yResolution=3000, SaturationTotalRed=0.6941718624183006, SaturationTotalGreen=0.5766694428104575, SaturationTotalBlue=0.507365616993464, time=0.5078125, GreenIndex=-12.289264, LAI=0.0, Utility=-99.3387327651812]"
33,13,"[39.64357263888889, -82.81533791666666]",/home/boubin/Images/Photos_16SEP2018/North_Path/Images/33.6Feet/Sorte_3/DJI_0013.JPG,43,9,37,22,[],[],[],[],"[Latitude=39.64357263888889, Longitude=-82.81533791666666, BrightnessTotal=0.6053671429378246, exposureTime=0.002959, xResolution=4000, yResolution=3000, SaturationTotalRed=0.7030485767973856, SaturationTotalGreen=0.5761906411764707, SaturationTotalBlue=0.5136311124183006, time=0.5034259259259259, GreenIndex=-16.368533333333332, LAI=0.0, Utility=-132.36836340155986]"
33,14,"[39.643467, -82.81617708333333]",/home/boubin/Images/Photos_16SEP2018/North_Path/Images/33.6Feet/Sorte_3/DJI_0070.JPG,80,32,19,[],[],[],[],[],"[Latitude=39.643467, Longitude=-82.81617708333333, BrightnessTotal=0.5885544169439544, exposureTime=0.002959, xResolution=4000, yResolution=3000, SaturationTotalRed=0.6864903709150327, SaturationTotalGreen=0.5588070336601307, SaturationTotalBlue=0.5006634235294117, time=0.5085416666666667, GreenIndex=-17.721978666666665, LAI=0.0, Utility=-143.3290516268912]"
33,15,"[39.64346486111111, -82.81554877777778]",/home/boubin/Images/Photos_16SEP2018/North_Path/Images/33.6Feet/Sorte_3/DJI_0076.JPG,69,18,86,[],[],[],[],[],"[Latitude=39.64346486111111, Longitude=-82.81554877777778, BrightnessTotal=0.5892399181008507, exposureTime=0.002743, xResolution=4000, yResolution=3000, SaturationTotalRed=0.6892990803921568, SaturationTotalGreen=0.5588257918300653, SaturationTotalBlue=0.4986270117647059, time=0.5090740740740741, GreenIndex=-17.888613333333332, LAI=0.0, Utility=-144.67838334555887]"
33,16,"[39.64357208333333, -82.8147135]",/home/boubin/Images/Photos_16SEP2018/North_Path/Images/33.6Feet/Sorte_3/DJI_0007.JPG,40,50,37,38,[],[],[],[],"[Latitude=39.64357208333333, Longitude=-82.8147135, BrightnessTotal=0.607549441240334, exposureTime=0.003057, xResolution=4000, yResolution=3000, SaturationTotalRed=0.7053462156862744, SaturationTotalGreen=0.5783521401960784, SaturationTotalBlue=0.5156692431372549, time=0.5028703703703704, GreenIndex=-16.37844266666667, LAI=0.0, Utility=-132.4484053291606]"
33,17,"[39.64357169444445, -82.81752630555555]",/home/boubin/Images/Photos_16SEP2018/North_Path/Images/33.6Feet/Sorte_3/DJI_0034.JPG,56,74,[],57,[],[],[],[],"[Latitude=39.64357169444445, Longitude=-82.81752630555555, BrightnessTotal=0.5894389704545221, exposureTime=0.002911, xResolution=4000, yResolution=3000, SaturationTotalRed=0.6835165826797386, SaturationTotalGreen=0.5608598937908497, SaturationTotalBlue=0.5070201950980393, time=0.5053356481481481, GreenIndex=-17.541221333333333, LAI=0.0, Utility=-141.86484479929848]"
33,18,"[39.64346563888889, -82.81544116666666]",/home/boubin/Images/Photos_16SEP2018/North_Path/Images/33.6Feet/Sorte_3/DJI_0077.JPG,15,22,43,[],[],[],[],[],"[Latitude=39.64346563888889, Longitude=-82.81544116666666, BrightnessTotal=0.6014882544615937, exposureTime=0.002927, xResolution=4000, yResolution=3000, SaturationTotalRed=0.7025273637254902, SaturationTotalGreen=0.5706712591503268, SaturationTotalBlue=0.5117567679738562, time=0.5091666666666667, GreenIndex=-18.591088, LAI=0.0, Utility=-150.3658454508429]"
33,19,"[39.643571083333335, -82.81617083333333]",/home/boubin/Images/Photos_16SEP2018/North_Path/Images/33.6Feet/Sorte_3/DJI_0021.JPG,83,77,35,14,[],[],[],[],"[Latitude=39.643571083333335, Longitude=-82.81617083333333, BrightnessTotal=0.6052230150823066, exposureTime=0.003227, xResolution=4000, yResolution=3000, SaturationTotalRed=0.705330322875817, SaturationTotalGreen=0.5748360019607843, SaturationTotalBlue=0.5154670516339869, time=0.5041898148148148, GreenIndex=-18.110421333333335, LAI=0.0, Utility=-146.47282451180496]"
33,20,"[39.64357322222222, -82.81565402777777]",/home/boubin/Images/Photos_16SEP2018/North_Path/Images/33.6Feet/Sorte_3/DJI_0016.JPG,6,86,35,69,[],[],[],[],"[Latitude=39.64357322222222, Longitude=-82.81565402777777, BrightnessTotal=0.6084562253883099, exposureTime=0.003008, xResolution=4000, yResolution=3000, SaturationTotalRed=0.7050656264705882, SaturationTotalGreen=0.579752391503268, SaturationTotalBlue=0.516772824509804, time=0.5036921296296296, GreenIndex=-15.875034666666666, LAI=0.0, Utility=-128.37232024081467]"
33,21,"[39.64357175, -82.81867380555555]",/home/boubin/Images/Photos_16SEP2018/North_Path/Images/33.6Feet/Sorte_3/DJI_0045.JPG,[],53,[],68,[],[],[],[],"[Latitude=39.64357175, Longitude=-82.81867380555555, BrightnessTotal=0.5948640931261105, exposureTime=0.002684, xResolution=4000, yResolution=3000, SaturationTotalRed=0.6836255535947712, SaturationTotalGreen=0.5701744392156863, SaturationTotalBlue=0.4939349238562092, time=0.5062962962962962, GreenIndex=-9.489002666666666, LAI=1.6e-05, Utility=-76.66474708823114]"
33,22,"[39.64346530555556, -82.815339]",/home/boubin/Images/Photos_16SEP2018/North_Path/Images/33.6Feet/Sorte_3/DJI_0078.JPG,18,66,13,[],[],[],[],[],"[Latitude=39.64346530555556, Longitude=-82.815339, BrightnessTotal=0.6027007884065118, exposureTime=0.002911, xResolution=4000, yResolution=3000, SaturationTotalRed=0.7024365258169936, SaturationTotalGreen=0.5726064114379085, SaturationTotalBlue=0.5112118967320262, time=0.5092476851851852, GreenIndex=-17.421989333333332, LAI=0.0, Utility=-140.8994326302658]"
33,23,"[39.64357113888889, -82.81596086111111]",/home/boubin/Images/Photos_16SEP2018/North_Path/Images/33.6Feet/Sorte_3/DJI_0019.JPG,77,79,35,30,[],[],[],[],"[Latitude=39.64357113888889, Longitude=-82.81596086111111, BrightnessTotal=0.593882039104415, exposureTime=0.002927, xResolution=4000, yResolution=3000, SaturationTotalRed=0.6978169601307189, SaturationTotalGreen=0.5619109996732027, SaturationTotalBlue=0.502379648366013, time=0.5040046296296297, GreenIndex=-19.430154666666667, LAI=0.0, Utility=-157.15944134035445]"
33,24,"[39.643571888888886, -82.81710738888889]",/home/boubin/Images/Photos_16SEP2018/North_Path/Images/33.6Feet/Sorte_3/DJI_0030.JPG,29,28,[],59,[],[],[],[],"[Latitude=39.643571888888886, Longitude=-82.81710738888889, BrightnessTotal=0.5901333219018359, exposureTime=0.002803, xResolution=4000, yResolution=3000, SaturationTotalRed=0.6821997107843137, SaturationTotalGreen=0.5628982555555555, SaturationTotalBlue=0.5022064846405229, time=0.5049768518518518, GreenIndex=-14.915925333333334, LAI=0.0, Utility=-120.6073454733092]"
33,25,"[39.643571638888886, -82.81679869444444]",/home/boubin/Images/Photos_16SEP2018/North_Path/Images/33.6Feet/Sorte_3/DJI_0027.JPG,76,89,[],8,[],[],[],[],"[Latitude=39.643571638888886, Longitude=-82.81679869444444, BrightnessTotal=0.5869766029890948, exposureTime=0.002943, xResolution=4000, yResolution=3000, SaturationTotalRed=0.6837880450980391, SaturationTotalGreen=0.5577169774509804, SaturationTotalBlue=0.4988778555555556, time=0.5047106481481481, GreenIndex=-17.108789333333334, LAI=0.0, Utility=-138.36341889562124]"
33,26,"[39.643468416666664, -82.81784377777777]",/home/boubin/Images/Photos_16SEP2018/North_Path/Images/33.6Feet/Sorte_3/DJI_0054.JPG,51,42,36,[],[],[],[],[],"[Latitude=39.643468416666664, Longitude=-82.81784377777777, BrightnessTotal=0.6044497245001886, exposureTime=0.00288, xResolution=4000, yResolution=3000, SaturationTotalRed=0.6959347375816993, SaturationTotalGreen=0.5775628754901961, SaturationTotalBlue=0.5164087444444445, time=0.5071064814814815, GreenIndex=-14.56432, LAI=0.0, Utility=-117.75999088338956]"
33,27,"[39.643570249999996, -82.81440036111111]",/home/boubin/Images/Photos_16SEP2018/North_Path/Images/33.6Feet/Sorte_3/DJI_0004.JPG,41,34,37,47,[],[],[],[],"[Latitude=39.643570249999996, Longitude=-82.81440036111111, BrightnessTotal=0.6047798899181464, exposureTime=0.003107, xResolution=4000, yResolution=3000, SaturationTotalRed=0.6831816800653595, SaturationTotalGreen=0.5854237754901961, SaturationTotalBlue=0.4919176052287582, time=0.5026157407407408, GreenIndex=-1.0618293333333333, LAI=0.0, Utility=-8.427585307025177]"
33,28,"[39.64357225, -82.81700266666667]",/home/boubin/Images/Photos_16SEP2018/North_Path/Images/33.6Feet/Sorte_3/DJI_0029.JPG,24,76,[],12,[],[],[],[],"[Latitude=39.64357225, Longitude=-82.81700266666667, BrightnessTotal=0.6067965769314831, exposureTime=0.002991, xResolution=4000, yResolution=3000, SaturationTotalRed=0.704629260130719, SaturationTotalGreen=0.5773886738562092, SaturationTotalBlue=0.5170765019607844, time=0.5048958333333333, GreenIndex=-17.055994666666667, LAI=0.0, Utility=-137.93500485155133]"
33,29,"[39.643571277777774, -82.81721083333333]",/home/boubin/Images/Photos_16SEP2018/North_Path/Images/33.6Feet/Sorte_3/DJI_0031.JPG,48,24,[],65,[],[],[],[],"[Latitude=39.643571277777774, Longitude=-82.81721083333333, BrightnessTotal=0.5987941838231885, exposureTime=0.003073, xResolution=4000, yResolution=3000, SaturationTotalRed=0.6895223500000001, SaturationTotalGreen=0.5717471673202614, SaturationTotalBlue=0.5157640464052288, time=0.5050694444444445, GreenIndex=-15.735168, LAI=0.0, Utility=-127.2404532208396]"
33,30,"[39.643467361111114, -82.81596816666666]",/home/boubin/Images/Photos_16SEP2018/North_Path/Images/33.6Feet/Sorte_3/DJI_0072.JPG,32,84,23,[],[],[],[],[],"[Latitude=39.643467361111114, Longitude=-82.81596816666666, BrightnessTotal=0.5981541242661933, exposureTime=0.002975, xResolution=4000, yResolution=3000, SaturationTotalRed=0.6922955107843137, SaturationTotalGreen=0.5699140562091503, SaturationTotalBlue=0.5122806810457516, time=0.5087152777777778, GreenIndex=-16.477930666666666, LAI=0.0, Utility=-133.25535238543628]"
33,31,"[39.64346472222222, -82.81461066666667]",/home/boubin/Images/Photos_16SEP2018/North_Path/Images/33.6Feet/Sorte_3/DJI_0085.JPG,38,78,50,[],[],[],[],[],"[Latitude=39.64346472222222, Longitude=-82.81461066666667, BrightnessTotal=0.5978780733856479, exposureTime=0.002991, xResolution=4000, yResolution=3000, SaturationTotalRed=0.6928166797385621, SaturationTotalGreen=0.5695773581699346, SaturationTotalBlue=0.5088382921568627, time=0.5098726851851851, GreenIndex=-15.915888, LAI=0.0, Utility=-128.70462013889457]"
33,32,"[39.643467, -82.81607191666666]",/home/boubin/Images/Photos_16SEP2018/North_Path/Images/33.6Feet/Sorte_3/DJI_0071.JPG,14,30,77,[],[],[],[],[],"[Latitude=39.643467, Longitude=-82.81607191666666, BrightnessTotal=0.590162245431305, exposureTime=0.002911, xResolution=4000, yResolution=3000, SaturationTotalRed=0.6872524977124184, SaturationTotalGreen=0.5607966676470588, SaturationTotalBlue=0.5021823754901962, time=0.5086226851851852, GreenIndex=-17.281338666666667, LAI=0.0, Utility=-139.76105588739455]"
33,33,"[39.643570583333336, -82.81648394444444]",/home/boubin/Images/Photos_16SEP2018/North_Path/Images/33.6Feet/Sorte_3/DJI_0024.JPG,61,44,[],88,[],[],[],[],"[Latitude=39.643570583333336, Longitude=-82.81648394444444, BrightnessTotal=0.5909428761622375, exposureTime=0.00304, xResolution=4000, yResolution=3000, SaturationTotalRed=0.6938273526143791, SaturationTotalGreen=0.5591862973856209, SaturationTotalBlue=0.5018881238562092, time=0.5044444444444445, GreenIndex=-19.699456, LAI=0.0, Utility=-159.34021990677365]"
33,34,"[39.64357236111111, -82.81430002777778]",/home/boubin/Images/Photos_16SEP2018/North_Path/Images/33.6Feet/Sorte_3/DJI_0003.JPG,27,58,37,2,[],[],[],[],"[Latitude=39.64357236111111, Longitude=-82.81430002777778, BrightnessTotal=0.6313560751358908, exposureTime=0.002911, xResolution=4000, yResolution=3000, SaturationTotalRed=0.7097891633986928, SaturationTotalGreen=0.611455381372549, SaturationTotalBlue=0.5264344013071895, time=0.5024884259259259, GreenIndex=-3.344170666666667, LAI=0.0, Utility=-26.90671002440242]"
33,35,"[39.645287055555556, -82.81497061111111]",/home/boubin/Images/Photos_16SEP2018/North_Path/Images/33.6Feet/Sorte_3/DJI_0001.JPG,[],[],[],1,[],[],[],[],"[Latitude=39.645287055555556, Longitude=-82.81497061111111, BrightnessTotal=0.6571977129868855, exposureTime=0.00309, xResolution=4000, yResolution=3000, SaturationTotalRed=0.7557937924836602, SaturationTotalGreen=0.628619241503268, SaturationTotalBlue=0.5581843186274509, time=0.5020370370370371, GreenIndex=-14.416277333333333, LAI=0.0, Utility=-116.55792618285425]"
33,36,"[39.64357075, -82.81783941666666]",/home/boubin/Images/Photos_16SEP2018/North_Path/Images/33.6Feet/Sorte_3/DJI_0037.JPG,87,45,[],26,[],[],[],[],"[Latitude=39.64357075, Longitude=-82.81783941666666, BrightnessTotal=0.5806447840588045, exposureTime=0.002699, xResolution=4000, yResolution=3000, SaturationTotalRed=0.676742868627451, SaturationTotalGreen=0.5514650447712418, SaturationTotalBlue=0.49456460686274506, time=0.5056018518518518, GreenIndex=-17.415829333333335, LAI=0.0, Utility=-140.8500134696189]"
33,37,"[39.64528005555555, -82.81491986111111]",/home/boubin/Images/Photos_16SEP2018/North_Path/Images/33.6Feet/Sorte_3/DJI_0090.JPG,[],[],[],46,[],[],[],[],"[Latitude=39.64528005555555, Longitude=-82.81491986111111, BrightnessTotal=0.6504914605860624, exposureTime=0.002975, xResolution=4000, yResolution=3000, SaturationTotalRed=0.7461434035947713, SaturationTotalGreen=0.622723214379085, SaturationTotalBlue=0.5558291637254902, time=0.5106481481481482, GreenIndex=-14.380794666666667, LAI=0.0, Utility=-116.27231950984756]"
33,38,"[39.64346583333333, -82.81471397222222]",/home/boubin/Images/Photos_16SEP2018/North_Path/Images/33.6Feet/Sorte_3/DJI_0084.JPG,4,31,16,[],[],[],[],[],"[Latitude=39.64346583333333, Longitude=-82.81471397222222, BrightnessTotal=0.5894589342089087, exposureTime=0.002959, xResolution=4000, yResolution=3000, SaturationTotalRed=0.6859256258169935, SaturationTotalGreen=0.5605021499999999, SaturationTotalBlue=0.4997998362745098, time=0.5097916666666666, GreenIndex=-16.48420266666667, LAI=0.0, Utility=-133.30675219097395]"
33,39,"[39.643467333333334, -82.81825819444444]",/home/boubin/Images/Photos_16SEP2018/North_Path/Images/33.6Feet/Sorte_3/DJI_0050.JPG,5,64,55,[],[],[],[],[],"[Latitude=39.643467333333334, Longitude=-82.81825819444444, BrightnessTotal=0.6148794617241143, exposureTime=0.002959, xResolution=4000, yResolution=3000, SaturationTotalRed=0.7081683235294117, SaturationTotalGreen=0.5883539807189543, SaturationTotalBlue=0.5147506424836601, time=0.5067476851851852, GreenIndex=-11.755509333333332, LAI=0.0, Utility=-95.01610020813871]"
33,40,"[39.643572138888885, -82.81481863888888]",/home/boubin/Images/Photos_16SEP2018/North_Path/Images/33.6Feet/Sorte_3/DJI_0008.JPG,46,16,37,4,[],[],[],[],"[Latitude=39.643572138888885, Longitude=-82.81481863888888, BrightnessTotal=0.5924873251437243, exposureTime=0.002927, xResolution=4000, yResolution=3000, SaturationTotalRed=0.6949822366013072, SaturationTotalGreen=0.5612240800653595, SaturationTotalBlue=0.49988499444444445, time=0.502962962962963, GreenIndex=-18.459648, LAI=0.0, Utility=-149.30100166779528]"
33,41,"[39.643571277777774, -82.81450911111111]",/home/boubin/Images/Photos_16SEP2018/North_Path/Images/33.6Feet/Sorte_3/DJI_0005.JPG,50,27,37,78,[],[],[],[],"[Latitude=39.643571277777774, Longitude=-82.81450911111111, BrightnessTotal=0.5987890096223233, exposureTime=0.003024, xResolution=4000, yResolution=3000, SaturationTotalRed=0.6818224111111111, SaturationTotalGreen=0.5772639460784313, SaturationTotalBlue=0.4888056081699347, time=0.5026967592592593, GreenIndex=-4.065930666666667, LAI=0.0, Utility=-32.75255338346255]"
33,42,"[39.64346613888889, -82.81774152777777]",/home/boubin/Images/Photos_16SEP2018/North_Path/Images/33.6Feet/Sorte_3/DJI_0055.JPG,26,72,45,[],[],[],[],[],"[Latitude=39.64346613888889, Longitude=-82.81774152777777, BrightnessTotal=0.5972754933958317, exposureTime=0.002849, xResolution=4000, yResolution=3000, SaturationTotalRed=0.6887571395424836, SaturationTotalGreen=0.570572968627451, SaturationTotalBlue=0.5066240065359477, time=0.507199074074074, GreenIndex=-13.794832, LAI=0.0, Utility=-111.52970203147034]"
33,43,"[39.64357366666667, -82.81544286111111]",/home/boubin/Images/Photos_16SEP2018/North_Path/Images/33.6Feet/Sorte_3/DJI_0014.JPG,86,13,35,18,[],[],[],[],"[Latitude=39.64357366666667, Longitude=-82.81544286111111, BrightnessTotal=0.601300955929498, exposureTime=0.002927, xResolution=4000, yResolution=3000, SaturationTotalRed=0.7028542156862745, SaturationTotalGreen=0.570549404248366, SaturationTotalBlue=0.5082983091503268, time=0.5035185185185185, GreenIndex=-17.850112, LAI=0.0, Utility=-144.36515599654652]"
33,44,"[39.64357111111111, -82.81637880555556]",/home/boubin/Images/Photos_16SEP2018/North_Path/Images/33.6Feet/Sorte_3/DJI_0023.JPG,33,83,[],11,[],[],[],[],"[Latitude=39.64357111111111, Longitude=-82.81637880555556, BrightnessTotal=0.6072336692056679, exposureTime=0.003192, xResolution=4000, yResolution=3000, SaturationTotalRed=0.7068130986928104, SaturationTotalGreen=0.5768630591503268, SaturationTotalBlue=0.5200120091503267, time=0.504363425925926, GreenIndex=-18.629978666666666, LAI=0.0, Utility=-150.67968053449854]"
33,45,"[39.64357088888889, -82.81773319444444]",/home/boubin/Images/Photos_16SEP2018/North_Path/Images/33.6Feet/Sorte_3/DJI_0036.JPG,36,56,[],42,[],[],[],[],"[Latitude=39.64357088888889, Longitude=-82.81773319444444, BrightnessTotal=0.6026070154684743, exposureTime=0.003008, xResolution=4000, yResolution=3000, SaturationTotalRed=0.693366854248366, SaturationTotalGreen=0.5753651679738562, SaturationTotalBlue=0.5218813101307189, time=0.5055092592592593, GreenIndex=-16.445541333333335, LAI=0.0, Utility=-132.99233266509927]"
33,46,"[39.643571888888886, -82.81491805555555]",/home/boubin/Images/Photos_16SEP2018/North_Path/Images/33.6Feet/Sorte_3/DJI_0009.JPG,1,40,37,81,[],[],[],[],"[Latitude=39.643571888888886, Longitude=-82.81491805555555, BrightnessTotal=0.6065587926630848, exposureTime=0.003124, xResolution=4000, yResolution=3000, SaturationTotalRed=0.7010626833333333, SaturationTotalGreen=0.5784741846405229, SaturationTotalBlue=0.5178259313725491, time=0.5030787037037037, GreenIndex=-15.770805333333334, LAI=0.0, Utility=-127.52833901400867]"
33,47,"[39.643466527777775, -82.81440102777778]",/home/boubin/Images/Photos_16SEP2018/North_Path/Images/33.6Feet/Sorte_3/DJI_0087.JPG,78,2,27,[],[],[],[],[],"[Latitude=39.643466527777775, Longitude=-82.81440102777778, BrightnessTotal=0.6239452581217791, exposureTime=0.00321, xResolution=4000, yResolution=3000, SaturationTotalRed=0.7162488565359477, SaturationTotalGreen=0.5979135565359478, SaturationTotalBlue=0.5235450660130719, time=0.5100462962962963, GreenIndex=-11.197962666666667, LAI=0.0, Utility=-90.50165222136957]"
33,48,"[39.64356852777778, -82.81731838888888]",/home/boubin/Images/Photos_16SEP2018/North_Path/Images/33.6Feet/Sorte_3/DJI_0032.JPG,74,29,[],60,[],[],[],[],"[Latitude=39.64356852777778, Longitude=-82.81731838888888, BrightnessTotal=0.5827916430256548, exposureTime=0.003024, xResolution=4000, yResolution=3000, SaturationTotalRed=0.6739855297385621, SaturationTotalGreen=0.5552567506535948, SaturationTotalBlue=0.5018793091503269, time=0.505150462962963, GreenIndex=-16.64048, LAI=0.0, Utility=-134.57168836227237]"
33,49,"[39.643466583333336, -82.81659547222222]",/home/boubin/Images/Photos_16SEP2018/North_Path/Images/33.6Feet/Sorte_3/DJI_0066.JPG,54,88,61,[],[],[],[],[],"[Latitude=39.643466583333336, Longitude=-82.81659547222222, BrightnessTotal=0.5994483406651463, exposureTime=0.002959, xResolution=4000, yResolution=3000, SaturationTotalRed=0.6941503535947713, SaturationTotalGreen=0.5712325251633987, SaturationTotalBlue=0.5107070950980392, time=0.5081828703703704, GreenIndex=-15.881808, LAI=0.0, Utility=-128.42831759037696]"
33,50,"[39.643571944444446, -82.81461141666666]",/home/boubin/Images/Photos_16SEP2018/North_Path/Images/33.6Feet/Sorte_3/DJI_0006.JPG,16,41,37,31,[],[],[],[],"[Latitude=39.643571944444446, Longitude=-82.81461141666666, BrightnessTotal=0.6008527260066232, exposureTime=0.002959, xResolution=4000, yResolution=3000, SaturationTotalRed=0.6993383591503267, SaturationTotalGreen=0.5712374052287582, SaturationTotalBlue=0.5098358852941176, time=0.5027893518518518, GreenIndex=-16.989781333333333, LAI=0.0, Utility=-137.39881903273422]"
33,51,"[39.64346425, -82.81794372222222]",/home/boubin/Images/Photos_16SEP2018/North_Path/Images/33.6Feet/Sorte_3/DJI_0053.JPG,10,26,87,[],[],[],[],[],"[Latitude=39.64346425, Longitude=-82.81794372222222, BrightnessTotal=0.5964581825626282, exposureTime=0.002788, xResolution=4000, yResolution=3000, SaturationTotalRed=0.6926173156862745, SaturationTotalGreen=0.5679486748366013, SaturationTotalBlue=0.503768868627451, time=0.5070254629629629, GreenIndex=-15.39832, LAI=0.0, Utility=-124.51341538342042]"
33,52,"[39.643467, -82.81742697222222]",/home/boubin/Images/Photos_16SEP2018/North_Path/Images/33.6Feet/Sorte_3/DJI_0058.JPG,57,60,74,[],[],[],[],[],"[Latitude=39.643467, Longitude=-82.81742697222222, BrightnessTotal=0.5865921695920514, exposureTime=0.002788, xResolution=4000, yResolution=3000, SaturationTotalRed=0.6762269016339869, SaturationTotalGreen=0.5598682392156863, SaturationTotalBlue=0.504240452614379, time=0.5074652777777777, GreenIndex=-15.485152, LAI=0.0, Utility=-125.21701371217259]"
33,53,"[39.643572, -82.81856747222221]",/home/boubin/Images/Photos_16SEP2018/North_Path/Images/33.6Feet/Sorte_3/DJI_0044.JPG,21,71,[],3,[],[],[],[],"[Latitude=39.643572, Longitude=-82.81856747222221, BrightnessTotal=0.5848727538956922, exposureTime=0.002713, xResolution=4000, yResolution=3000, SaturationTotalRed=0.6779486620915033, SaturationTotalGreen=0.5574344620915033, SaturationTotalBlue=0.4939701643790849, time=0.5062152777777778, GreenIndex=-14.512058666666666, LAI=0.0, Utility=-117.33764373013742]"
33,54,"[39.64346419444444, -82.81670002777777]",/home/boubin/Images/Photos_16SEP2018/North_Path/Images/33.6Feet/Sorte_3/DJI_0065.JPG,8,49,89,[],[],[],[],[],"[Latitude=39.64346419444444, Longitude=-82.81670002777777, BrightnessTotal=0.5875767188165395, exposureTime=0.002803, xResolution=4000, yResolution=3000, SaturationTotalRed=0.6877750575163399, SaturationTotalGreen=0.557135704248366, SaturationTotalBlue=0.4964365, time=0.5080902777777778, GreenIndex=-17.817498666666665, LAI=0.0, Utility=-144.10248092958707]"
33,55,"[39.64357033333333, -82.81825652777778]",/home/boubin/Images/Photos_16SEP2018/North_Path/Images/33.6Feet/Sorte_3/DJI_0041.JPG,71,75,[],39,[],[],[],[],"[Latitude=39.64357033333333, Longitude=-82.81825652777778, BrightnessTotal=0.6075441117600461, exposureTime=0.002803, xResolution=4000, yResolution=3000, SaturationTotalRed=0.6975410411764705, SaturationTotalGreen=0.5819902781045752, SaturationTotalBlue=0.511594662745098, time=0.5059490740740741, GreenIndex=-11.495274666666667, LAI=0.0, Utility=-92.90914890551288]"
33,56,"[39.64357033333333, -82.81762913888889]",/home/boubin/Images/Photos_16SEP2018/North_Path/Images/33.6Feet/Sorte_3/DJI_0035.JPG,45,17,[],72,[],[],[],[],"[Latitude=39.64357033333333, Longitude=-82.81762913888889, BrightnessTotal=0.5842417706942284, exposureTime=0.002818, xResolution=4000, yResolution=3000, SaturationTotalRed=0.6758571388888889, SaturationTotalGreen=0.5567914509803922, SaturationTotalBlue=0.5004736137254903, time=0.5054166666666666, GreenIndex=-15.960656, LAI=0.0, Utility=-129.06703227382715]"
33,57,"[39.64346594444444, -82.81753086111111]",/home/boubin/Images/Photos_16SEP2018/North_Path/Images/33.6Feet/Sorte_3/DJI_0057.JPG,72,52,17,[],[],[],[],[],"[Latitude=39.64346594444444, Longitude=-82.81753086111111, BrightnessTotal=0.6073576204514428, exposureTime=0.002818, xResolution=4000, yResolution=3000, SaturationTotalRed=0.692907201633987, SaturationTotalGreen=0.583346218627451, SaturationTotalBlue=0.5149519232026143, time=0.5073726851851852, GreenIndex=-10.486181333333333, LAI=0.0, Utility=-84.73858711605035]"
33,58,"[39.64357230555556, -82.8141895]",/home/boubin/Images/Photos_16SEP2018/North_Path/Images/33.6Feet/Sorte_3/DJI_0002.JPG,34,[],37,85,[],[],[],[],"[Latitude=39.64357230555556, Longitude=-82.8141895, BrightnessTotal=0.7135899871698774, exposureTime=0.001613, xResolution=4000, yResolution=3000, SaturationTotalRed=0.7637063640522876, SaturationTotalGreen=0.7050958702614378, SaturationTotalBlue=0.6076758418300653, time=0.5024074074074074, GreenIndex=9.951621333333334, LAI=0.00019733333333333332, Utility=80.75538812326184]"
33,59,"[39.643467083333334, -82.81711236111111]",/home/boubin/Images/Photos_16SEP2018/North_Path/Images/33.6Feet/Sorte_3/DJI_0061.JPG,65,12,24,[],[],[],[],[],"[Latitude=39.643467083333334, Longitude=-82.81711236111111, BrightnessTotal=0.6055543215238096, exposureTime=0.003057, xResolution=4000, yResolution=3000, SaturationTotalRed=0.6953952094771242, SaturationTotalGreen=0.5787728803921569, SaturationTotalBlue=0.5241905794117647, time=0.5077314814814815, GreenIndex=-15.789712, LAI=0.0, Utility=-127.68219925502652]"
33,60,"[39.6434665, -82.81732669444445]",/home/boubin/Images/Photos_16SEP2018/North_Path/Images/33.6Feet/Sorte_3/DJI_0059.JPG,52,65,48,[],[],[],[],[],"[Latitude=39.6434665, Longitude=-82.81732669444445, BrightnessTotal=0.5892345287915018, exposureTime=0.002943, xResolution=4000, yResolution=3000, SaturationTotalRed=0.6793104794117647, SaturationTotalGreen=0.5620406797385621, SaturationTotalBlue=0.5102625068627451, time=0.5075462962962963, GreenIndex=-16.677914666666666, LAI=0.0, Utility=-134.87486862623646]"
33,61,"[39.64357236111111, -82.81659066666667]",/home/boubin/Images/Photos_16SEP2018/North_Path/Images/33.6Feet/Sorte_3/DJI_0025.JPG,89,33,[],49,[],[],[],[],"[Latitude=39.64357236111111, Longitude=-82.81659066666667, BrightnessTotal=0.6066296706610693, exposureTime=0.003298, xResolution=4000, yResolution=3000, SaturationTotalRed=0.7043300369281046, SaturationTotalGreen=0.5772300696078432, SaturationTotalBlue=0.5174406473856209, time=0.504537037037037, GreenIndex=-17.152096, LAI=0.0, Utility=-138.7131000078934]"
33,62,"[39.64346644444444, -82.81846499999999]",/home/boubin/Images/Photos_16SEP2018/North_Path/Images/33.6Feet/Sorte_3/DJI_0048.JPG,3,5,71,[],[],[],[],[],"[Latitude=39.64346644444444, Longitude=-82.81846499999999, BrightnessTotal=0.5967089598597678, exposureTime=0.002991, xResolution=4000, yResolution=3000, SaturationTotalRed=0.6924602598039216, SaturationTotalGreen=0.5680518183006537, SaturationTotalBlue=0.5077043032679739, time=0.5065740740740741, GreenIndex=-16.296746666666667, LAI=0.0, Utility=-131.78801461447122]"
33,63,"[39.64357152777778, -82.81804469444444]",/home/boubin/Images/Photos_16SEP2018/North_Path/Images/33.6Feet/Sorte_3/DJI_0039.JPG,75,87,[],10,[],[],[],[],"[Latitude=39.64357152777778, Longitude=-82.81804469444444, BrightnessTotal=0.600242941492837, exposureTime=0.002865, xResolution=4000, yResolution=3000, SaturationTotalRed=0.6892605153594771, SaturationTotalGreen=0.5749961163398692, SaturationTotalBlue=0.5049534918300653, time=0.5057754629629629, GreenIndex=-11.256730666666666, LAI=0.0, Utility=-90.97794523868758]"
33,64,"[39.643465444444445, -82.81815733333333]",/home/boubin/Images/Photos_16SEP2018/North_Path/Images/33.6Feet/Sorte_3/DJI_0051.JPG,39,10,75,[],[],[],[],[],"[Latitude=39.643465444444445, Longitude=-82.81815733333333, BrightnessTotal=0.5950108894312045, exposureTime=0.002728, xResolution=4000, yResolution=3000, SaturationTotalRed=0.6899061748366013, SaturationTotalGreen=0.5674804816993464, SaturationTotalBlue=0.4971018905228758, time=0.5068402777777777, GreenIndex=-13.250106666666667, LAI=0.0, Utility=-107.11906033203944]"
33,65,"[39.64346647222222, -82.81722055555555]",/home/boubin/Images/Photos_16SEP2018/North_Path/Images/33.6Feet/Sorte_3/DJI_0060.JPG,60,59,29,[],[],[],[],[],"[Latitude=39.64346647222222, Longitude=-82.81722055555555, BrightnessTotal=0.5804405294003426, exposureTime=0.002758, xResolution=4000, yResolution=3000, SaturationTotalRed=0.6719571369281047, SaturationTotalGreen=0.552830666013072, SaturationTotalBlue=0.4986558588235294, time=0.5076388888888889, GreenIndex=-16.576, LAI=0.0, Utility=-134.05010536459764]"
33,66,"[39.64346555555556, -82.81523422222222]",/home/boubin/Images/Photos_16SEP2018/North_Path/Images/33.6Feet/Sorte_3/DJI_0079.JPG,22,82,9,[],[],[],[],[],"[Latitude=39.64346555555556, Longitude=-82.81523422222222, BrightnessTotal=0.599318693898713, exposureTime=0.002849, xResolution=4000, yResolution=3000, SaturationTotalRed=0.6965943950980392, SaturationTotalGreen=0.5702288013071896, SaturationTotalBlue=0.5080669924836602, time=0.5093402777777778, GreenIndex=-16.332976, LAI=0.0, Utility=-132.08170007518194]"
33,67,"[39.643572138888885, -82.81513113888889]",/home/boubin/Images/Photos_16SEP2018/North_Path/Images/33.6Feet/Sorte_3/DJI_0011.JPG,9,1,37,82,[],[],[],[],"[Latitude=39.643572138888885, Longitude=-82.81513113888889, BrightnessTotal=0.5900825551773745, exposureTime=0.002896, xResolution=4000, yResolution=3000, SaturationTotalRed=0.685630535620915, SaturationTotalGreen=0.5617625950980392, SaturationTotalBlue=0.4976719745098039, time=0.5032523148148148, GreenIndex=-15.22408, LAI=0.0, Utility=-123.10226504878976]"
33,68,"[39.64346586111111, -82.81867155555555]",/home/boubin/Images/Photos_16SEP2018/North_Path/Images/33.6Feet/Sorte_3/DJI_0046.JPG,[],3,21,[],[],[],[],[],"[Latitude=39.64346586111111, Longitude=-82.81867155555555, BrightnessTotal=0.5995411508971629, exposureTime=0.002959, xResolution=4000, yResolution=3000, SaturationTotalRed=0.689574804248366, SaturationTotalGreen=0.5741511866013073, SaturationTotalBlue=0.5009255604575164, time=0.5063888888888889, GreenIndex=-10.753088, LAI=0.0, Utility=-86.90002026537472]"
33,69,"[39.643466277777776, -82.81565527777778]",/home/boubin/Images/Photos_16SEP2018/North_Path/Images/33.6Feet/Sorte_3/DJI_0075.JPG,7,15,20,[],[],[],[],[],"[Latitude=39.643466277777776, Longitude=-82.81565527777778, BrightnessTotal=0.5928978271285154, exposureTime=0.002896, xResolution=4000, yResolution=3000, SaturationTotalRed=0.6918396199346406, SaturationTotalGreen=0.5627804019607844, SaturationTotalBlue=0.5046889908496732, time=0.5089814814814815, GreenIndex=-18.094586666666668, LAI=0.0, Utility=-146.34597808746693]"
33,70,"[39.64346413888889, -82.81502458333333]",/home/boubin/Images/Photos_16SEP2018/North_Path/Images/33.6Feet/Sorte_3/DJI_0081.JPG,82,81,1,[],[],[],[],[],"[Latitude=39.64346413888889, Longitude=-82.81502458333333, BrightnessTotal=0.6086272824150825, exposureTime=0.003107, xResolution=4000, yResolution=3000, SaturationTotalRed=0.7051362055555556, SaturationTotalGreen=0.5797634202614379, SaturationTotalBlue=0.5192620555555555, time=0.509525462962963, GreenIndex=-16.524485333333335, LAI=0.0, Utility=-133.6319497899917]"
33,71,"[39.64357013888889, -82.81846330555555]",/home/boubin/Images/Photos_16SEP2018/North_Path/Images/33.6Feet/Sorte_3/DJI_0043.JPG,53,55,[],62,[],[],[],[],"[Latitude=39.64357013888889, Longitude=-82.81846330555555, BrightnessTotal=0.5862969628248503, exposureTime=0.002743, xResolution=4000, yResolution=3000, SaturationTotalRed=0.6826031921568628, SaturationTotalGreen=0.5570613624183006, SaturationTotalBlue=0.5003171993464053, time=0.5061226851851852, GreenIndex=-17.519818666666666, LAI=0.0, Utility=-141.69184006257467]"
33,72,"[39.64346591666666, -82.81763802777778]",/home/boubin/Images/Photos_16SEP2018/North_Path/Images/33.6Feet/Sorte_3/DJI_0056.JPG,42,57,56,[],[],[],[],[],"[Latitude=39.64346591666666, Longitude=-82.81763802777778, BrightnessTotal=0.6025293612478575, exposureTime=0.002728, xResolution=4000, yResolution=3000, SaturationTotalRed=0.6883312228758169, SaturationTotalGreen=0.5789406388888889, SaturationTotalBlue=0.5036897379084968, time=0.5072916666666667, GreenIndex=-8.661365333333332, LAI=0.0, Utility=-69.96301714156478]"
33,73,"[39.643466527777775, -82.81691036111111]",/home/boubin/Images/Photos_16SEP2018/North_Path/Images/33.6Feet/Sorte_3/DJI_0063.JPG,12,8,76,[],[],[],[],[],"[Latitude=39.643466527777775, Longitude=-82.81691036111111, BrightnessTotal=0.5923270629518284, exposureTime=0.002684, xResolution=4000, yResolution=3000, SaturationTotalRed=0.6936795176470588, SaturationTotalGreen=0.5611113794117647, SaturationTotalBlue=0.5047666964052288, time=0.5079166666666667, GreenIndex=-19.43552, LAI=0.0, Utility=-157.20357728381387]"
33,74,"[39.643572666666664, -82.81742397222222]",/home/boubin/Images/Photos_16SEP2018/North_Path/Images/33.6Feet/Sorte_3/DJI_0033.JPG,17,48,[],52,[],[],[],[],"[Latitude=39.643572666666664, Longitude=-82.81742397222222, BrightnessTotal=0.578275617392649, exposureTime=0.002927, xResolution=4000, yResolution=3000, SaturationTotalRed=0.6709677653594771, SaturationTotalGreen=0.550190681372549, SaturationTotalBlue=0.4960516424836601, time=0.5052430555555556, GreenIndex=-16.944304, LAI=0.0, Utility=-137.03203906210297]"
33,75,"[39.643573833333335, -82.81814899999999]",/home/boubin/Images/Photos_16SEP2018/North_Path/Images/33.6Feet/Sorte_3/DJI_0040.JPG,55,63,[],64,[],[],[],[],"[Latitude=39.643573833333335, Longitude=-82.81814899999999, BrightnessTotal=0.5986054507613305, exposureTime=0.002773, xResolution=4000, yResolution=3000, SaturationTotalRed=0.6908390133986928, SaturationTotalGreen=0.5718932493464052, SaturationTotalBlue=0.5045296571895426, time=0.5058564814814814, GreenIndex=-13.117557333333334, LAI=0.0, Utility=-106.04543631328538]"
33,76,"[39.64357152777778, -82.81689813888889]",/home/boubin/Images/Photos_16SEP2018/North_Path/Images/33.6Feet/Sorte_3/DJI_0028.JPG,28,25,[],73,[],[],[],[],"[Latitude=39.64357152777778, Longitude=-82.81689813888889, BrightnessTotal=0.5898593532542004, exposureTime=0.002896, xResolution=4000, yResolution=3000, SaturationTotalRed=0.6882498598039216, SaturationTotalGreen=0.559899347385621, SaturationTotalBlue=0.5022825859477125, time=0.5048032407407408, GreenIndex=-18.024138666666666, LAI=0.0, Utility=-145.77501798889534]"
33,77,"[39.64357161111111, -82.81606811111111]",/home/boubin/Images/Photos_16SEP2018/North_Path/Images/33.6Feet/Sorte_3/DJI_0020.JPG,19,23,35,32,[],[],[],[],"[Latitude=39.64357161111111, Longitude=-82.81606811111111, BrightnessTotal=0.599615764562259, exposureTime=0.003057, xResolution=4000, yResolution=3000, SaturationTotalRed=0.7017709179738562, SaturationTotalGreen=0.5683547539215686, SaturationTotalBlue=0.5093112029411765, time=0.5040972222222222, GreenIndex=-18.953648, LAI=0.0, Utility=-153.3008231601289]"
33,78,"[39.64346555555556, -82.81450602777778]",/home/boubin/Images/Photos_16SEP2018/North_Path/Images/33.6Feet/Sorte_3/DJI_0086.JPG,31,47,41,[],[],[],[],[],"[Latitude=39.64346555555556, Longitude=-82.81450602777778, BrightnessTotal=0.5939771301925064, exposureTime=0.003024, xResolution=4000, yResolution=3000, SaturationTotalRed=0.688322918627451, SaturationTotalGreen=0.5660783140522876, SaturationTotalBlue=0.5029115032679738, time=0.5099652777777778, GreenIndex=-15.040037333333334, LAI=0.0, Utility=-121.61293437054545]"
33,79,"[39.643572194444445, -82.81585941666667]",/home/boubin/Images/Photos_16SEP2018/North_Path/Images/33.6Feet/Sorte_3/DJI_0018.JPG,23,6,35,84,[],[],[],[],"[Latitude=39.643572194444445, Longitude=-82.81585941666667, BrightnessTotal=0.6111188281814315, exposureTime=0.003057, xResolution=4000, yResolution=3000, SaturationTotalRed=0.7113106352941176, SaturationTotalGreen=0.5807538967320262, SaturationTotalBlue=0.5211990751633987, time=0.5038888888888889, GreenIndex=-18.076629333333333, LAI=0.0, Utility=-146.19887037262652]"
33,80,"[39.64346638888889, -82.81628375]",/home/boubin/Images/Photos_16SEP2018/North_Path/Images/33.6Feet/Sorte_3/DJI_0069.JPG,11,14,83,[],[],[],[],[],"[Latitude=39.64346638888889, Longitude=-82.81628375, BrightnessTotal=0.5909823830112522, exposureTime=0.003024, xResolution=4000, yResolution=3000, SaturationTotalRed=0.6874443107843138, SaturationTotalGreen=0.5616320045751634, SaturationTotalBlue=0.5059352526143791, time=0.508449074074074, GreenIndex=-17.87399466666667, LAI=0.0, Utility=-144.5598031532886]"
33,81,"[39.643464333333334, -82.81491802777778]",/home/boubin/Images/Photos_16SEP2018/North_Path/Images/33.6Feet/Sorte_3/DJI_0082.JPG,70,4,46,[],[],[],[],[],"[Latitude=39.643464333333334, Longitude=-82.81491802777778, BrightnessTotal=0.5852187443759351, exposureTime=0.002849, xResolution=4000, yResolution=3000, SaturationTotalRed=0.6830860454248365, SaturationTotalGreen=0.5555445421568628, SaturationTotalBlue=0.49654174836601306, time=0.5096064814814815, GreenIndex=-17.445498666666666, LAI=0.0, Utility=-141.09068799779124]"
33,82,"[39.64346386111111, -82.81512641666666]",/home/boubin/Images/Photos_16SEP2018/North_Path/Images/33.6Feet/Sorte_3/DJI_0080.JPG,66,70,67,[],[],[],[],[],"[Latitude=39.64346386111111, Longitude=-82.81512641666666, BrightnessTotal=0.6017001914307725, exposureTime=0.002975, xResolution=4000, yResolution=3000, SaturationTotalRed=0.6983235692810458, SaturationTotalGreen=0.5727779696078431, SaturationTotalBlue=0.5118955614379085, time=0.5094328703703703, GreenIndex=-16.484469333333333, LAI=0.0, Utility=-133.30825824345038]"
33,83,"[39.64357088888889, -82.81627644444444]",/home/boubin/Images/Photos_16SEP2018/North_Path/Images/33.6Feet/Sorte_3/DJI_0022.JPG,44,19,[],80,[],[],[],[],"[Latitude=39.64357088888889, Longitude=-82.81627644444444, BrightnessTotal=0.5843703256366575, exposureTime=0.002959, xResolution=4000, yResolution=3000, SaturationTotalRed=0.6873046611111111, SaturationTotalGreen=0.5526076843137255, SaturationTotalBlue=0.4945131712418301, time=0.5042708333333333, GreenIndex=-19.51965866666667, LAI=0.0, Utility=-157.88466839546362]"
33,84,"[39.64346713888889, -82.8158658611111]",/home/boubin/Images/Photos_16SEP2018/North_Path/Images/33.6Feet/Sorte_3/DJI_0073.JPG,30,7,79,[],[],[],[],[],"[Latitude=39.64346713888889, Longitude=-82.8158658611111, BrightnessTotal=0.5945262718170424, exposureTime=0.003008, xResolution=4000, yResolution=3000, SaturationTotalRed=0.6891102607843137, SaturationTotalGreen=0.5662796359477125, SaturationTotalBlue=0.5063177614379085, time=0.5088078703703703, GreenIndex=-15.982805333333333, LAI=0.0, Utility=-129.24644699811432]"
33,85,"[39.643465444444445, -82.81418966666666]",/home/boubin/Images/Photos_16SEP2018/North_Path/Images/33.6Feet/Sorte_3/DJI_0089.JPG,2,[],58,[],[],[],[],[],"[Latitude=39.643465444444445, Longitude=-82.81418966666666, BrightnessTotal=0.6991148968564603, exposureTime=0.001394, xResolution=4000, yResolution=3000, SaturationTotalRed=0.7463764320261438, SaturationTotalGreen=0.6932200261437909, SaturationTotalBlue=0.5744956513071895, time=0.5102314814814815, GreenIndex=16.783557333333334, LAI=6.933333333333333e-05, Utility=136.0725841336336]"
33,86,"[39.64357147222222, -82.81554583333333]",/home/boubin/Images/Photos_16SEP2018/North_Path/Images/33.6Feet/Sorte_3/DJI_0015.JPG,20,43,35,15,[],[],[],[],"[Latitude=39.64357147222222, Longitude=-82.81554583333333, BrightnessTotal=0.581515388157003, exposureTime=0.00267, xResolution=4000, yResolution=3000, SaturationTotalRed=0.6848159418300653, SaturationTotalGreen=0.5498259836601307, SaturationTotalBlue=0.48873234705882357, time=0.5035995370370371, GreenIndex=-18.832112, LAI=0.0, Utility=-152.3175390307993]"
33,87,"[39.64357141666667, -82.81794158333334]",/home/boubin/Images/Photos_16SEP2018/North_Path/Images/33.6Feet/Sorte_3/DJI_0038.JPG,63,36,[],51,[],[],[],[],"[Latitude=39.64357141666667, Longitude=-82.81794158333334, BrightnessTotal=0.6023571084299955, exposureTime=0.002849, xResolution=4000, yResolution=3000, SaturationTotalRed=0.6927867977124182, SaturationTotalGreen=0.5761870062091503, SaturationTotalBlue=0.5110424486928105, time=0.5056828703703704, GreenIndex=-13.120693333333334, LAI=0.0, Utility=-106.07060650334279]"
33,88,"[39.64346691666667, -82.816493]",/home/boubin/Images/Photos_16SEP2018/North_Path/Images/33.6Feet/Sorte_3/DJI_0067.JPG,49,11,33,[],[],[],[],[],"[Latitude=39.64346691666667, Longitude=-82.816493, BrightnessTotal=0.5921685245290554, exposureTime=0.002943, xResolution=4000, yResolution=3000, SaturationTotalRed=0.690327401633987, SaturationTotalGreen=0.5622376558823529, SaturationTotalBlue=0.5055823931372548, time=0.508275462962963, GreenIndex=-18.204789333333334, LAI=0.0, Utility=-147.2382201584482]"
33,89,"[39.64357119444444, -82.81669049999999]",/home/boubin/Images/Photos_16SEP2018/North_Path/Images/33.6Feet/Sorte_3/DJI_0026.JPG,25,61,[],54,[],[],[],[],"[Latitude=39.64357119444444, Longitude=-82.81669049999999, BrightnessTotal=0.578494027617028, exposureTime=0.002927, xResolution=4000, yResolution=3000, SaturationTotalRed=0.678955010130719, SaturationTotalGreen=0.5477209098039216, SaturationTotalBlue=0.4890030362745098, time=0.5046296296296297, GreenIndex=-18.479306666666666, LAI=0.0, Utility=-149.46111820421214]"
