33,"[20,0]","[39.645712, -82.8141896]",/data/chumley/tmp/Photos_20AUG2018//Center_Path/Images/33.6Feet/Sorte_1/DJI_0003.JPG,"[19,0]","[21,0]","[20,1]",[],"['Links/Photos_20AUG2018_67', [12, 0]]",[],"['Links/Photos_16SEP2018_33', '[24, 0]']","['Links/Photos_02Aug2018_33', '[24, 0]']","[Latitude=39.6457108333, Longitude=-82.8143986389, BrightnessTotal=0.721992994498, exposureTime=0.002025, xResolution=4000, yResolution=3000, SaturationTotalRed=0.765390102288, SaturationTotalGreen=0.72473205915, SaturationTotalBlue=0.502234986275, time=0.532627314815, GreenIndex=46.666496, LAI=0.00229333333333, Utility=378.0364517395539]"
33,"[20,3]","[39.645712, -82.8145021]",/data/chumley/tmp/Photos_20AUG2018//Center_Path/Images/33.6Feet/Sorte_1/DJI_0004.JPG,"[19,3]","[21,3]","[20,4]","[20,2]","['Links/Photos_20AUG2018_67', [12, 1]]",[],"['Links/Photos_16SEP2018_33', '[24, 3]']","['Links/Photos_02Aug2018_33', '[24, 3]']","[Latitude=39.6457131944, Longitude=-82.8144999444, BrightnessTotal=0.69066835909, exposureTime=0.002529, xResolution=4000, yResolution=3000, SaturationTotalRed=0.724891572876, SaturationTotalGreen=0.698203561765, SaturationTotalBlue=0.446072544771, time=0.532731481481, GreenIndex=57.9927146667, LAI=0.012864, Utility=469.7449490674256]"
33,"[20,4]","[39.645712, -82.8146062]",/data/chumley/tmp/Photos_20AUG2018//Center_Path/Images/33.6Feet/Sorte_1/DJI_0005.JPG,"[19,4]","[21,4]","[20,5]","[20,3]","['Links/Photos_20AUG2018_67', [12, 2]]",[],"['Links/Photos_16SEP2018_33', '[24, 4]']","['Links/Photos_02Aug2018_33', '[24, 4]']","[Latitude=39.6457127222, Longitude=-82.8146028333, BrightnessTotal=0.668826843063, exposureTime=0.002991, xResolution=4000, yResolution=3000, SaturationTotalRed=0.682283815686, SaturationTotalGreen=0.681816476471, SaturationTotalBlue=0.452337289869, time=0.532824074074, GreenIndex=58.897392, LAI=0.0412213333333, Utility=477.0692990820221]"
33,"[20,5]","[39.645712, -82.8147104]",/data/chumley/tmp/Photos_20AUG2018//Center_Path/Images/33.6Feet/Sorte_1/DJI_0006.JPG,"[19,5]","[21,5]","[20,6]","[20,4]","['Links/Photos_20AUG2018_67', [12, 2]]",[],"['Links/Photos_16SEP2018_33', '[24, 5]']","['Links/Photos_02Aug2018_33', '[24, 5]']","[Latitude=39.6457125, Longitude=-82.8147045, BrightnessTotal=0.66981977172, exposureTime=0.00304, xResolution=4000, yResolution=3000, SaturationTotalRed=0.681889645752, SaturationTotalGreen=0.683875977778, SaturationTotalBlue=0.444387315033, time=0.532905092593, GreenIndex=62.0524853333, LAI=0.0389333333333, Utility=502.6165736332134]"
33,"[20,6]","[39.645712, -82.8148146]",/data/chumley/tmp/Photos_20AUG2018//Center_Path/Images/33.6Feet/Sorte_1/DJI_0007.JPG,"[19,6]","[21,6]","[20,7]","[20,5]","['Links/Photos_20AUG2018_67', [12, 3]]",[],"['Links/Photos_16SEP2018_33', '[24, 6]']","['Links/Photos_02Aug2018_33', '[24, 6]']","[Latitude=39.6457123333, Longitude=-82.8148072778, BrightnessTotal=0.668569389215, exposureTime=0.002282, xResolution=4000, yResolution=3000, SaturationTotalRed=0.696085394118, SaturationTotalGreen=0.680810243791, SaturationTotalBlue=0.382173250654, time=0.532997685185, GreenIndex=72.8199093333, LAI=0.026736, Utility=589.8017340619637]"
33,"[20,7]","[39.645712, -82.8149187]",/data/chumley/tmp/Photos_20AUG2018//Center_Path/Images/33.6Feet/Sorte_1/DJI_0008.JPG,"[19,7]","[21,7]","[20,8]","[20,6]","['Links/Photos_20AUG2018_67', [12, 3]]",[],"['Links/Photos_16SEP2018_33', '[24, 7]']","['Links/Photos_02Aug2018_33', '[24, 7]']","[Latitude=39.6457141944, Longitude=-82.8149109167, BrightnessTotal=0.679204202321, exposureTime=0.002269, xResolution=4000, yResolution=3000, SaturationTotalRed=0.7135518, SaturationTotalGreen=0.689441156863, SaturationTotalBlue=0.38652480719, time=0.533090277778, GreenIndex=71.6623946667, LAI=0.014624, Utility=580.4296355588295]"
33,"[20,8]","[39.645712, -82.8150229]",/data/chumley/tmp/Photos_20AUG2018//Center_Path/Images/33.6Feet/Sorte_1/DJI_0009.JPG,"[19,8]","[21,8]","[20,9]","[20,7]","['Links/Photos_20AUG2018_67', [12, 4]]",[],"['Links/Photos_16SEP2018_33', '[24, 8]']","['Links/Photos_02Aug2018_33', '[24, 8]']","[Latitude=39.6457121389, Longitude=-82.8150151111, BrightnessTotal=0.676638808664, exposureTime=0.002461, xResolution=4000, yResolution=3000, SaturationTotalRed=0.704003475817, SaturationTotalGreen=0.68872456634, SaturationTotalBlue=0.395293001961, time=0.533171296296, GreenIndex=71.4775413333, LAI=0.01848, Utility=578.9327598772809]"
33,"[20,9]","[39.645712, -82.8151271]",/data/chumley/tmp/Photos_20AUG2018//Center_Path/Images/33.6Feet/Sorte_1/DJI_0010.JPG,"[19,9]","[21,9]","[20,10]","[20,8]","['Links/Photos_20AUG2018_67', [12, 4]]",[],"['Links/Photos_16SEP2018_33', '[24, 9]']","['Links/Photos_02Aug2018_33', '[24, 9]']","[Latitude=39.6457140278, Longitude=-82.8151243333, BrightnessTotal=0.706760490502, exposureTime=0.003334, xResolution=4000, yResolution=3000, SaturationTotalRed=0.734401049673, SaturationTotalGreen=0.719096520915, SaturationTotalBlue=0.423783785621, time=0.533263888889, GreenIndex=71.9557866667, LAI=0.0150186666667, Utility=582.8066311882586]"
33,"[20,10]","[39.645712, -82.8152313]",/data/chumley/tmp/Photos_20AUG2018//Center_Path/Images/33.6Feet/Sorte_1/DJI_0011.JPG,"[19,10]","[21,10]","[20,11]","[20,9]","['Links/Photos_20AUG2018_67', [12, 5]]",[],"['Links/Photos_16SEP2018_33', '[24, 10]']","['Links/Photos_02Aug2018_33', '[24, 10]']","[Latitude=39.6457144444, Longitude=-82.8152229167, BrightnessTotal=0.66727922657, exposureTime=0.002197, xResolution=4000, yResolution=3000, SaturationTotalRed=0.704639314379, SaturationTotalGreen=0.676868321569, SaturationTotalBlue=0.36418570817, time=0.533344907407, GreenIndex=73.250752, LAI=0.015008, Utility=593.2901427763214]"
33,"[20,11]","[39.645712, -82.8153354]",/data/chumley/tmp/Photos_20AUG2018//Center_Path/Images/33.6Feet/Sorte_1/DJI_0012.JPG,"[19,11]","[21,11]","[20,12]","[20,10]","['Links/Photos_20AUG2018_67', [12, 5]]",[],"['Links/Photos_16SEP2018_33', '[24, 11]']","['Links/Photos_02Aug2018_33', '[24, 11]']","[Latitude=39.6457135278, Longitude=-82.8153269167, BrightnessTotal=0.671209734613, exposureTime=0.002818, xResolution=4000, yResolution=3000, SaturationTotalRed=0.690745862418, SaturationTotalGreen=0.685337475817, SaturationTotalBlue=0.401837377778, time=0.5334375, GreenIndex=71.4421546667, LAI=0.0448853333333, Utility=578.6459713896344]"
33,"[20,12]","[39.645712, -82.8154396]",/data/chumley/tmp/Photos_20AUG2018//Center_Path/Images/33.6Feet/Sorte_1/DJI_0013.JPG,"[19,12]","[21,12]","[20,13]","[20,11]","['Links/Photos_20AUG2018_67', [12, 6]]",[],"['Links/Photos_16SEP2018_33', '[24, 12]']","['Links/Photos_02Aug2018_33', '[24, 12]']","[Latitude=39.6457133333, Longitude=-82.8154324167, BrightnessTotal=0.661197577116, exposureTime=0.004323, xResolution=4000, yResolution=3000, SaturationTotalRed=0.663396837582, SaturationTotalGreen=0.679723796078, SaturationTotalBlue=0.417632788235, time=0.533530092593, GreenIndex=71.5156693333, LAI=0.0650133333333, Utility=579.2408346364484]"
33,"[20,13]","[39.645712, -82.8155438]",/data/chumley/tmp/Photos_20AUG2018//Center_Path/Images/33.6Feet/Sorte_1/DJI_0014.JPG,"[19,13]","[21,13]","[20,14]","[20,12]","['Links/Photos_20AUG2018_67', [12, 6]]",[],"['Links/Photos_16SEP2018_33', '[24, 13]']","['Links/Photos_02Aug2018_33', '[24, 13]']","[Latitude=39.6457138611, Longitude=-82.8155403056, BrightnessTotal=0.656612716936, exposureTime=0.002529, xResolution=4000, yResolution=3000, SaturationTotalRed=0.678046166667, SaturationTotalGreen=0.670102896078, SaturationTotalBlue=0.384557529085, time=0.533622685185, GreenIndex=71.33472, LAI=0.053184, Utility=577.7753043808821]"
33,"[20,14]","[39.645712, -82.8156479]",/data/chumley/tmp/Photos_20AUG2018//Center_Path/Images/33.6Feet/Sorte_1/DJI_0015.JPG,"[19,14]","[21,14]","[20,15]","[20,13]","['Links/Photos_20AUG2018_67', [12, 7]]",[],"['Links/Photos_16SEP2018_33', '[24, 14]']","['Links/Photos_02Aug2018_33', '[24, 14]']","[Latitude=39.6457145278, Longitude=-82.8156387222, BrightnessTotal=0.669248867072, exposureTime=0.002758, xResolution=4000, yResolution=3000, SaturationTotalRed=0.683724319935, SaturationTotalGreen=0.684857430719, SaturationTotalBlue=0.404607601961, time=0.533715277778, GreenIndex=72.250384, LAI=0.054144, Utility=585.1902075335892]"
33,"[20,15]","[39.645712, -82.8157521]",/data/chumley/tmp/Photos_20AUG2018//Center_Path/Images/33.6Feet/Sorte_1/DJI_0016.JPG,"[19,15]","[21,15]","[20,16]","[20,14]","['Links/Photos_20AUG2018_67', [12, 7]]",[],"['Links/Photos_16SEP2018_33', '[24, 15]']","['Links/Photos_02Aug2018_33', '[24, 15]']","[Latitude=39.64571375, Longitude=-82.8157445833, BrightnessTotal=0.668570034363, exposureTime=0.002598, xResolution=4000, yResolution=3000, SaturationTotalRed=0.69030335098, SaturationTotalGreen=0.682485179085, SaturationTotalBlue=0.388941637255, time=0.533796296296, GreenIndex=73.440576, LAI=0.040016, Utility=594.8272673226273]"
33,"[20,16]","[39.645712, -82.8158563]",/data/chumley/tmp/Photos_20AUG2018//Center_Path/Images/33.6Feet/Sorte_1/DJI_0017.JPG,"[19,16]","[21,16]","[20,17]","[20,15]","['Links/Photos_20AUG2018_67', [12, 8]]",[],"['Links/Photos_16SEP2018_33', '[24, 16]']","['Links/Photos_02Aug2018_33', '[24, 16]']","[Latitude=39.6457136667, Longitude=-82.8158456944, BrightnessTotal=0.654298799506, exposureTime=0.002613, xResolution=4000, yResolution=3000, SaturationTotalRed=0.673236653922, SaturationTotalGreen=0.668581410784, SaturationTotalBlue=0.383415134641, time=0.533888888889, GreenIndex=72.0967253333, LAI=0.0493546666667, Utility=583.9452282195958]"
33,"[20,17]","[39.645712, -82.8159604]",/data/chumley/tmp/Photos_20AUG2018//Center_Path/Images/33.6Feet/Sorte_1/DJI_0018.JPG,"[19,17]","[21,17]","[20,18]","[20,16]","['Links/Photos_20AUG2018_67', [12, 8]]",[],"['Links/Photos_16SEP2018_33', '[24, 17]']","['Links/Photos_02Aug2018_33', '[24, 17]']","[Latitude=39.6457134167, Longitude=-82.8159535556, BrightnessTotal=0.681242876182, exposureTime=0.002991, xResolution=4000, yResolution=3000, SaturationTotalRed=0.702852289542, SaturationTotalGreen=0.695442923856, SaturationTotalBlue=0.399295311111, time=0.533969907407, GreenIndex=74.165696, LAI=0.0288266666667, Utility=600.6992544210924]"
33,"[20,18]","[39.645712, -82.8160646]",/data/chumley/tmp/Photos_20AUG2018//Center_Path/Images/33.6Feet/Sorte_1/DJI_0019.JPG,"[19,18]","[21,18]","[20,19]","[20,17]","['Links/Photos_20AUG2018_67', [12, 9]]",[],"['Links/Photos_16SEP2018_33', '[24, 18]']","['Links/Photos_02Aug2018_33', '[24, 18]']","[Latitude=39.6457133889, Longitude=-82.8160571667, BrightnessTotal=0.679522273828, exposureTime=0.002758, xResolution=4000, yResolution=3000, SaturationTotalRed=0.700968420915, SaturationTotalGreen=0.693306565359, SaturationTotalBlue=0.405618986601, time=0.5340625, GreenIndex=71.952192, LAI=0.0341333333333, Utility=582.7761069699947]"
33,"[20,19]","[39.645712, -82.8161688]",/data/chumley/tmp/Photos_20AUG2018//Center_Path/Images/33.6Feet/Sorte_1/DJI_0020.JPG,"[19,19]","[21,19]","[20,20]","[20,18]","['Links/Photos_20AUG2018_67', [12, 9]]",[],"['Links/Photos_16SEP2018_33', '[24, 19]']","['Links/Photos_02Aug2018_33', '[24, 19]']","[Latitude=39.6457174444, Longitude=-82.8161596944, BrightnessTotal=0.661411932974, exposureTime=0.002488, xResolution=4000, yResolution=3000, SaturationTotalRed=0.684573223203, SaturationTotalGreen=0.67470086732, SaturationTotalBlue=0.382820303595, time=0.534143518519, GreenIndex=72.461248, LAI=0.0391786666667, Utility=586.8970968406693]"
33,"[20,20]","[39.645712, -82.8162729]",/data/chumley/tmp/Photos_20AUG2018//Center_Path/Images/33.6Feet/Sorte_1/DJI_0021.JPG,"[19,20]","[21,20]","[20,21]","[20,19]","['Links/Photos_20AUG2018_67', [12, 10]]",[],"['Links/Photos_16SEP2018_33', '[24, 20]']","['Links/Photos_02Aug2018_33', '[24, 20]']","[Latitude=39.6457148333, Longitude=-82.8162652778, BrightnessTotal=0.680124909064, exposureTime=0.002865, xResolution=4000, yResolution=3000, SaturationTotalRed=0.699753686928, SaturationTotalGreen=0.694341905229, SaturationTotalBlue=0.409887045425, time=0.534236111111, GreenIndex=71.657824, LAI=0.0377973333333, Utility=580.3925800416401]"
33,"[20,21]","[39.645712, -82.8163771]",/data/chumley/tmp/Photos_20AUG2018//Center_Path/Images/33.6Feet/Sorte_1/DJI_0022.JPG,"[19,21]","[21,21]","[20,22]","[20,20]","['Links/Photos_20AUG2018_67', [12, 10]]",[],"['Links/Photos_16SEP2018_33', '[24, 21]']","['Links/Photos_02Aug2018_33', '[24, 21]']","[Latitude=39.6457136944, Longitude=-82.8163705556, BrightnessTotal=0.657456944205, exposureTime=0.002728, xResolution=4000, yResolution=3000, SaturationTotalRed=0.672013470588, SaturationTotalGreen=0.672376441176, SaturationTotalBlue=0.402552187255, time=0.53431712963, GreenIndex=69.4540426667, LAI=0.0596373333333, Utility=562.5471711501136]"
33,"[20,22]","[39.645712, -82.8164813]",/data/chumley/tmp/Photos_20AUG2018//Center_Path/Images/33.6Feet/Sorte_1/DJI_0023.JPG,"[19,22]","[21,22]","[20,23]","[20,21]","['Links/Photos_20AUG2018_67', [12, 11]]",[],"['Links/Photos_16SEP2018_33', '[24, 22]']","['Links/Photos_02Aug2018_33', '[24, 22]']","[Latitude=39.6457153056, Longitude=-82.8164704722, BrightnessTotal=0.66473366518, exposureTime=0.0025, xResolution=4000, yResolution=3000, SaturationTotalRed=0.692367354575, SaturationTotalGreen=0.676418445098, SaturationTotalBlue=0.386929815686, time=0.534409722222, GreenIndex=70.303808, LAI=0.035808, Utility=569.4280949163276]"
33,"[20,23]","[39.645712, -82.8165855]",/data/chumley/tmp/Photos_20AUG2018//Center_Path/Images/33.6Feet/Sorte_1/DJI_0024.JPG,"[19,23]","[21,23]","[20,24]","[20,22]","['Links/Photos_20AUG2018_67', [12, 11]]",[],"['Links/Photos_16SEP2018_33', '[24, 23]']","['Links/Photos_02Aug2018_33', '[24, 23]']","[Latitude=39.6457160556, Longitude=-82.8165738333, BrightnessTotal=0.645735930993, exposureTime=0.002004, xResolution=4000, yResolution=3000, SaturationTotalRed=0.683594772222, SaturationTotalGreen=0.654301793464, SaturationTotalBlue=0.354188538562, time=0.534513888889, GreenIndex=69.695824, LAI=0.0224586666667, Utility=564.5041539685785]"
33,"[20,24]","[39.645712, -82.8166896]",/data/chumley/tmp/Photos_20AUG2018//Center_Path/Images/33.6Feet/Sorte_1/DJI_0025.JPG,"[19,24]","[21,24]","[20,25]","[20,23]","['Links/Photos_20AUG2018_67', [12, 12]]",[],"['Links/Photos_16SEP2018_33', '[24, 24]']","['Links/Photos_02Aug2018_33', '[24, 24]']","[Latitude=39.6457126389, Longitude=-82.8166801667, BrightnessTotal=0.682534753602, exposureTime=0.002161, xResolution=4000, yResolution=3000, SaturationTotalRed=0.724967097386, SaturationTotalGreen=0.690303891503, SaturationTotalBlue=0.381841778105, time=0.534606481481, GreenIndex=70.3985386667, LAI=0.009792, Utility=570.1958805999853]"
33,"[20,25]","[39.645712, -82.8167938]",/data/chumley/tmp/Photos_20AUG2018//Center_Path/Images/33.6Feet/Sorte_1/DJI_0026.JPG,"[19,25]","[21,25]","[20,26]","[20,24]","['Links/Photos_20AUG2018_67', [12, 12]]",[],"['Links/Photos_16SEP2018_33', '[24, 25]']","['Links/Photos_02Aug2018_33', '[24, 25]']","[Latitude=39.6457132222, Longitude=-82.8167823889, BrightnessTotal=0.670958865701, exposureTime=0.002083, xResolution=4000, yResolution=3000, SaturationTotalRed=0.712307483333, SaturationTotalGreen=0.679101773203, SaturationTotalBlue=0.36846081732, time=0.5346875, GreenIndex=71.37536, LAI=0.0161546666667, Utility=578.1047692038135]"
33,"[20,26]","[39.645712, -82.816898]",/data/chumley/tmp/Photos_20AUG2018//Center_Path/Images/33.6Feet/Sorte_1/DJI_0027.JPG,"[19,26]","[21,26]","[20,27]","[20,25]","['Links/Photos_20AUG2018_67', [12, 13]]",[],"['Links/Photos_16SEP2018_33', '[24, 26]']","['Links/Photos_02Aug2018_33', '[24, 26]']","[Latitude=39.6457153056, Longitude=-82.8168876111, BrightnessTotal=0.672192172334, exposureTime=0.002127, xResolution=4000, yResolution=3000, SaturationTotalRed=0.711686610131, SaturationTotalGreen=0.68074147451, SaturationTotalBlue=0.374965709804, time=0.534791666667, GreenIndex=70.6335626667, LAI=0.0142826666667, Utility=572.0983870743166]"
33,"[20,27]","[39.645712, -82.8170021]",/data/chumley/tmp/Photos_20AUG2018//Center_Path/Images/33.6Feet/Sorte_1/DJI_0028.JPG,"[19,27]","[21,27]","[20,28]","[20,26]","['Links/Photos_20AUG2018_67', [12, 13]]",[],"['Links/Photos_16SEP2018_33', '[24, 27]']","['Links/Photos_02Aug2018_33', '[24, 27]']","[Latitude=39.6457129722, Longitude=-82.8169933611, BrightnessTotal=0.680521378688, exposureTime=0.002221, xResolution=4000, yResolution=3000, SaturationTotalRed=0.720201974183, SaturationTotalGreen=0.689452262418, SaturationTotalBlue=0.37655263268, time=0.534872685185, GreenIndex=72.5144266667, LAI=0.0103413333333, Utility=587.3283966315922]"
33,"[20,28]","[39.645712, -82.8171063]",/data/chumley/tmp/Photos_20AUG2018//Center_Path/Images/33.6Feet/Sorte_1/DJI_0029.JPG,"[19,28]","[21,28]","[20,29]","[20,27]","['Links/Photos_20AUG2018_67', [12, 14]]",[],"['Links/Photos_16SEP2018_33', '[24, 28]']","['Links/Photos_02Aug2018_33', '[24, 28]']","[Latitude=39.6457133889, Longitude=-82.8171, BrightnessTotal=0.690215970288, exposureTime=0.002307, xResolution=4000, yResolution=3000, SaturationTotalRed=0.73205700098, SaturationTotalGreen=0.698535478105, SaturationTotalBlue=0.38481634183, time=0.534965277778, GreenIndex=72.0541813333, LAI=0.007904, Utility=583.6021707245037]"
33,"[20,29]","[39.645712, -82.8172105]",/data/chumley/tmp/Photos_20AUG2018//Center_Path/Images/33.6Feet/Sorte_1/DJI_0030.JPG,"[19,29]","[21,29]","[20,30]","[20,28]","['Links/Photos_20AUG2018_67', [12, 14]]",[],"['Links/Photos_16SEP2018_33', '[24, 29]']","['Links/Photos_02Aug2018_33', '[24, 29]']","[Latitude=39.6457144444, Longitude=-82.8172028611, BrightnessTotal=0.67262225649, exposureTime=0.002357, xResolution=4000, yResolution=3000, SaturationTotalRed=0.716993431373, SaturationTotalGreen=0.679002871895, SaturationTotalBlue=0.382435982026, time=0.53505787037, GreenIndex=66.5166613333, LAI=0.00853866666667, Utility=538.7632103234604]"
33,"[20,30]","[39.645712, -82.8173146]",/data/chumley/tmp/Photos_20AUG2018//Center_Path/Images/33.6Feet/Sorte_1/DJI_0031.JPG,"[19,30]","[21,30]","[20,31]","[20,29]","['Links/Photos_20AUG2018_67', [12, 15]]",[],"['Links/Photos_16SEP2018_33', '[24, 30]']","['Links/Photos_02Aug2018_33', '[24, 30]']","[Latitude=39.6457130833, Longitude=-82.8173061111, BrightnessTotal=0.711727749622, exposureTime=0.004614, xResolution=4000, yResolution=3000, SaturationTotalRed=0.740840106863, SaturationTotalGreen=0.722795265033, SaturationTotalBlue=0.441983672222, time=0.535150462963, GreenIndex=67.5446933333, LAI=0.00823466666667, Utility=547.0893208610019]"
33,"[20,31]","[39.645712, -82.8174188]",/data/chumley/tmp/Photos_20AUG2018//Center_Path/Images/33.6Feet/Sorte_1/DJI_0032.JPG,"[19,31]","[21,31]","[20,32]","[20,30]","['Links/Photos_20AUG2018_67', [12, 15]]",[],"['Links/Photos_16SEP2018_33', '[24, 31]']","['Links/Photos_02Aug2018_33', '[24, 31]']","[Latitude=39.6457128056, Longitude=-82.8174133056, BrightnessTotal=0.680913959639, exposureTime=0.004977, xResolution=4000, yResolution=3000, SaturationTotalRed=0.698295502614, SaturationTotalGreen=0.695317073203, SaturationTotalBlue=0.421016409477, time=0.535231481481, GreenIndex=69.7124533333, LAI=0.0307306666667, Utility=564.6405350164745]"
33,"[20,32]","[39.645712, -82.817523]",/data/chumley/tmp/Photos_20AUG2018//Center_Path/Images/33.6Feet/Sorte_1/DJI_0033.JPG,"[19,32]","[21,32]","[20,33]","[20,31]","['Links/Photos_20AUG2018_67', [12, 16]]",[],"['Links/Photos_16SEP2018_33', '[24, 32]']","['Links/Photos_02Aug2018_33', '[24, 32]']","[Latitude=39.6457112222, Longitude=-82.8175199444, BrightnessTotal=0.70658713977, exposureTime=0.005699, xResolution=4000, yResolution=3000, SaturationTotalRed=0.710745804248, SaturationTotalGreen=0.725101163725, SaturationTotalBlue=0.457192195425, time=0.535324074074, GreenIndex=72.4582933333, LAI=0.0198453333333, Utility=586.8753008291596]"
33,"[20,33]","[39.645712, -82.8176271]",/data/chumley/tmp/Photos_20AUG2018//Center_Path/Images/33.6Feet/Sorte_1/DJI_0034.JPG,"[19,33]","[21,33]","[20,34]","[20,32]","['Links/Photos_20AUG2018_67', [12, 16]]",[],"['Links/Photos_16SEP2018_33', '[24, 33]']","['Links/Photos_02Aug2018_33', '[24, 33]']","[Latitude=39.6457123056, Longitude=-82.8176253333, BrightnessTotal=0.672789199317, exposureTime=0.005, xResolution=4000, yResolution=3000, SaturationTotalRed=0.672298701307, SaturationTotalGreen=0.692686265686, SaturationTotalBlue=0.422964592484, time=0.535416666667, GreenIndex=74.448016, LAI=0.0425706666667, Utility=602.9847286139601]"
33,"[20,34]","[39.645712, -82.8177313]",/data/chumley/tmp/Photos_20AUG2018//Center_Path/Images/33.6Feet/Sorte_1/DJI_0035.JPG,"[19,34]","[21,34]","[20,35]","[20,33]","['Links/Photos_20AUG2018_67', [12, 17]]",[],"['Links/Photos_16SEP2018_33', '[24, 34]']","['Links/Photos_02Aug2018_33', '[24, 34]']","[Latitude=39.6457128056, Longitude=-82.8177278611, BrightnessTotal=0.662340944791, exposureTime=0.003107, xResolution=4000, yResolution=3000, SaturationTotalRed=0.674503989542, SaturationTotalGreen=0.679307295098, SaturationTotalBlue=0.386984280065, time=0.535509259259, GreenIndex=76.32928, LAI=0.0521493333333, Utility=618.216984884323]"
33,"[20,35]","[39.645712, -82.8178355]",/data/chumley/tmp/Photos_20AUG2018//Center_Path/Images/33.6Feet/Sorte_1/DJI_0036.JPG,"[19,35]","[21,35]","[20,36]","[20,34]","['Links/Photos_20AUG2018_67', [12, 17]]",[],"['Links/Photos_16SEP2018_33', '[24, 35]']","['Links/Photos_02Aug2018_33', '[24, 35]']","[Latitude=39.6457080556, Longitude=-82.8178292222, BrightnessTotal=0.679666213744, exposureTime=0.002475, xResolution=4000, yResolution=3000, SaturationTotalRed=0.705555949346, SaturationTotalGreen=0.69243665719, SaturationTotalBlue=0.395961139542, time=0.535590277778, GreenIndex=72.8408693333, LAI=0.0285066666667, Utility=589.971582835075]"
33,"[20,36]","[39.645712, -82.8179397]",/data/chumley/tmp/Photos_20AUG2018//Center_Path/Images/33.6Feet/Sorte_1/DJI_0037.JPG,"[19,36]","[21,36]","[20,37]","[20,35]","['Links/Photos_20AUG2018_67', [12, 18]]",[],"['Links/Photos_16SEP2018_33', '[24, 36]']","['Links/Photos_02Aug2018_33', '[24, 36]']","[Latitude=39.6457138333, Longitude=-82.8179344167, BrightnessTotal=0.689428319303, exposureTime=0.002475, xResolution=4000, yResolution=3000, SaturationTotalRed=0.716622013399, SaturationTotalGreen=0.70127863268, SaturationTotalBlue=0.415127105882, time=0.53568287037, GreenIndex=69.5878773333, LAI=0.0226613333333, Utility=563.6321051708702]"
33,"[20,37]","[39.645712, -82.8180438]",/data/chumley/tmp/Photos_20AUG2018//Center_Path/Images/33.6Feet/Sorte_1/DJI_0038.JPG,"[19,37]","[21,37]","[20,38]","[20,36]","['Links/Photos_20AUG2018_67', [12, 18]]",[],"['Links/Photos_16SEP2018_33', '[24, 37]']","['Links/Photos_02Aug2018_33', '[24, 37]']","[Latitude=39.6457133056, Longitude=-82.818037, BrightnessTotal=0.688332901832, exposureTime=0.002344, xResolution=4000, yResolution=3000, SaturationTotalRed=0.716162865686, SaturationTotalGreen=0.698951715359, SaturationTotalBlue=0.430786313725, time=0.535763888889, GreenIndex=64.542736, LAI=0.0193706666667, Utility=522.7808228487651]"
33,"[20,38]","[39.645712, -82.818148]",/data/chumley/tmp/Photos_20AUG2018//Center_Path/Images/33.6Feet/Sorte_1/DJI_0039.JPG,"[19,38]","[21,38]","[20,39]","[20,37]","['Links/Photos_20AUG2018_67', [12, 19]]",[],"['Links/Photos_16SEP2018_33', '[24, 38]']","['Links/Photos_02Aug2018_33', '[24, 38]']","[Latitude=39.6457136111, Longitude=-82.8181443056, BrightnessTotal=0.715778067464, exposureTime=0.002943, xResolution=4000, yResolution=3000, SaturationTotalRed=0.73773583268, SaturationTotalGreen=0.727769015359, SaturationTotalBlue=0.472577435948, time=0.535856481481, GreenIndex=62.9995946667, LAI=0.022832, Utility=510.2871494215122]"
33,"[20,39]","[39.645712, -82.8182522]",/data/chumley/tmp/Photos_20AUG2018//Center_Path/Images/33.6Feet/Sorte_1/DJI_0040.JPG,"[19,39]","[21,39]","[20,40]","[20,38]","['Links/Photos_20AUG2018_67', [12, 19]]",[],"['Links/Photos_16SEP2018_33', '[24, 39]']","['Links/Photos_02Aug2018_33', '[24, 39]']","[Latitude=39.64571225, Longitude=-82.8182469444, BrightnessTotal=0.700519567562, exposureTime=0.005, xResolution=4000, yResolution=3000, SaturationTotalRed=0.703714903268, SaturationTotalGreen=0.719210956863, SaturationTotalBlue=0.452951586928, time=0.5359375, GreenIndex=72.3533333333, LAI=0.0362453333333, Utility=586.0250365947347]"
33,"[20,40]","[39.645712, -82.8183563]",/data/chumley/tmp/Photos_20AUG2018//Center_Path/Images/33.6Feet/Sorte_1/DJI_0041.JPG,"[19,40]","[21,40]","[20,41]","[20,39]","['Links/Photos_20AUG2018_67', [12, 20]]",[],"['Links/Photos_16SEP2018_33', '[24, 40]']","['Links/Photos_02Aug2018_33', '[24, 40]']","[Latitude=39.6457127222, Longitude=-82.8183538333, BrightnessTotal=0.694504791633, exposureTime=0.004664, xResolution=4000, yResolution=3000, SaturationTotalRed=0.704399415686, SaturationTotalGreen=0.71095240817, SaturationTotalBlue=0.445395222549, time=0.536030092593, GreenIndex=69.909648, LAI=0.0338826666667, Utility=566.2378272029914]"
33,"[20,41]","[39.645712, -82.8184605]",/data/chumley/tmp/Photos_20AUG2018//Center_Path/Images/33.6Feet/Sorte_1/DJI_0042.JPG,"[19,41]","[21,41]","[20,42]","[20,40]","['Links/Photos_20AUG2018_67', [12, 20]]",[],"['Links/Photos_16SEP2018_33', '[24, 41]']","['Links/Photos_02Aug2018_33', '[24, 41]']","[Latitude=39.6457124167, Longitude=-82.81845575, BrightnessTotal=0.696915244772, exposureTime=0.005576, xResolution=4000, yResolution=3000, SaturationTotalRed=0.705723901961, SaturationTotalGreen=0.713554104902, SaturationTotalBlue=0.451020585948, time=0.536122685185, GreenIndex=69.4412373333, LAI=0.035952, Utility=562.4451491815662]"
33,"[20,42]","[39.645712, -82.8185647]",/data/chumley/tmp/Photos_20AUG2018//Center_Path/Images/33.6Feet/Sorte_1/DJI_0043.JPG,"[19,42]","[21,42]","[20,43]","[20,41]","['Links/Photos_20AUG2018_67', [12, 21]]",[],"['Links/Photos_16SEP2018_33', '[24, 42]']","['Links/Photos_02Aug2018_33', '[24, 42]']","[Latitude=39.6457116111, Longitude=-82.8185613056, BrightnessTotal=0.677964819317, exposureTime=0.004977, xResolution=4000, yResolution=3000, SaturationTotalRed=0.693963464379, SaturationTotalGreen=0.691998409804, SaturationTotalBlue=0.431834972222, time=0.536203703704, GreenIndex=66.327056, LAI=0.020896, Utility=537.2282074269657]"
33,"[20,43]","[39.645712, -82.8186688]",/data/chumley/tmp/Photos_20AUG2018//Center_Path/Images/33.6Feet/Sorte_1/DJI_0044.JPG,"[19,43]","[21,43]",[],"[20,42]","['Links/Photos_20AUG2018_67', [12, 21]]",[],"['Links/Photos_16SEP2018_33', '[24, 43]']","['Links/Photos_02Aug2018_33', '[24, 43]']","[Latitude=39.6457135, Longitude=-82.8186616389, BrightnessTotal=0.688458374493, exposureTime=0.004614, xResolution=4000, yResolution=3000, SaturationTotalRed=0.720182902614, SaturationTotalGreen=0.697682098693, SaturationTotalBlue=0.430896398693, time=0.536296296296, GreenIndex=62.8123733333, LAI=0.0125493333333, Utility=508.7697291003851]"
33,"[21,2]","[39.645605, -82.8143979]",/data/chumley/tmp/Photos_20AUG2018//Center_Path/Images/33.6Feet/Sorte_1/DJI_0085.JPG,"[20,2]","[22,2]","[21,3]","[21,1]","['Links/Photos_20AUG2018_67', [12, 1]]",[],"['Links/Photos_16SEP2018_33', '[25, 2]']","['Links/Photos_02Aug2018_33', '[25, 2]']","[Latitude=39.6456063611, Longitude=-82.8144998611, BrightnessTotal=0.704315193664, exposureTime=0.002319, xResolution=4000, yResolution=3000, SaturationTotalRed=0.735478474183, SaturationTotalGreen=0.709334214706, SaturationTotalBlue=0.514724060131, time=0.539930555556, GreenIndex=43.3597386667, LAI=0.020512, Utility=351.2592108333513]"
33,"[21,3]","[39.645605, -82.8145021]",/data/chumley/tmp/Photos_20AUG2018//Center_Path/Images/33.6Feet/Sorte_1/DJI_0086.JPG,"[20,3]","[22,3]","[21,4]","[21,2]","['Links/Photos_20AUG2018_67', [12, 1]]",[],"['Links/Photos_16SEP2018_33', '[25, 3]']","['Links/Photos_02Aug2018_33', '[25, 3]']","[Latitude=39.6456064444, Longitude=-82.8145001111, BrightnessTotal=0.706829700737, exposureTime=0.002332, xResolution=4000, yResolution=3000, SaturationTotalRed=0.737900399673, SaturationTotalGreen=0.711917037255, SaturationTotalBlue=0.516887946405, time=0.539930555556, GreenIndex=43.4857173333, LAI=0.02, Utility=352.2794001350155]"
33,"[21,4]","[39.645605, -82.8146062]",/data/chumley/tmp/Photos_20AUG2018//Center_Path/Images/33.6Feet/Sorte_1/DJI_0084.JPG,"[20,4]","[22,4]","[21,5]","[21,3]","['Links/Photos_20AUG2018_67', [12, 2]]",[],"['Links/Photos_16SEP2018_33', '[25, 4]']","['Links/Photos_02Aug2018_33', '[25, 4]']","[Latitude=39.6456058056, Longitude=-82.8146069722, BrightnessTotal=0.672564471372, exposureTime=0.003124, xResolution=4000, yResolution=3000, SaturationTotalRed=0.694037746405, SaturationTotalGreen=0.684228868954, SaturationTotalBlue=0.43303284183, time=0.539837962963, GreenIndex=62.042656, LAI=0.033824, Utility=502.5359371142676]"
33,"[21,5]","[39.645605, -82.8147104]",/data/chumley/tmp/Photos_20AUG2018//Center_Path/Images/33.6Feet/Sorte_1/DJI_0083.JPG,"[20,5]","[22,5]","[21,6]","[21,4]","['Links/Photos_20AUG2018_67', [12, 2]]",[],"['Links/Photos_16SEP2018_33', '[25, 5]']","['Links/Photos_02Aug2018_33', '[25, 5]']","[Latitude=39.6456074444, Longitude=-82.8147090833, BrightnessTotal=0.663848047959, exposureTime=0.002865, xResolution=4000, yResolution=3000, SaturationTotalRed=0.687997428758, SaturationTotalGreen=0.674658965686, SaturationTotalBlue=0.421836983007, time=0.539756944444, GreenIndex=61.604224, LAI=0.028864, Utility=498.98546476625455]"
33,"[21,6]","[39.645605, -82.8148146]",/data/chumley/tmp/Photos_20AUG2018//Center_Path/Images/33.6Feet/Sorte_1/DJI_0082.JPG,"[20,6]","[22,6]","[21,7]","[21,5]","['Links/Photos_20AUG2018_67', [12, 3]]",[],"['Links/Photos_16SEP2018_33', '[25, 6]']","['Links/Photos_02Aug2018_33', '[25, 6]']","[Latitude=39.6456050278, Longitude=-82.8148164722, BrightnessTotal=0.692870833289, exposureTime=0.002803, xResolution=4000, yResolution=3000, SaturationTotalRed=0.711204343137, SaturationTotalGreen=0.707643135948, SaturationTotalBlue=0.422615378105, time=0.539664351852, GreenIndex=72.2950506667, LAI=0.0348533333333, Utility=585.5520441702026]"
33,"[21,7]","[39.645605, -82.8149187]",/data/chumley/tmp/Photos_20AUG2018//Center_Path/Images/33.6Feet/Sorte_1/DJI_0081.JPG,"[20,7]","[22,7]","[21,8]","[21,6]","['Links/Photos_20AUG2018_67', [12, 3]]",[],"['Links/Photos_16SEP2018_33', '[25, 7]']","['Links/Photos_02Aug2018_33', '[25, 7]']","[Latitude=39.6456021111, Longitude=-82.8149196944, BrightnessTotal=0.687950829469, exposureTime=0.002332, xResolution=4000, yResolution=3000, SaturationTotalRed=0.718389833007, SaturationTotalGreen=0.699527144118, SaturationTotalBlue=0.397924718954, time=0.539571759259, GreenIndex=72.6474986667, LAI=0.0155466666667, Utility=588.4055621514113]"
33,"[21,8]","[39.645605, -82.8150229]",/data/chumley/tmp/Photos_20AUG2018//Center_Path/Images/33.6Feet/Sorte_1/DJI_0080.JPG,"[20,8]","[22,8]","[21,9]","[21,7]","['Links/Photos_20AUG2018_67', [12, 4]]",[],"['Links/Photos_16SEP2018_33', '[25, 8]']","['Links/Photos_02Aug2018_33', '[25, 8]']","[Latitude=39.6456043611, Longitude=-82.8150217222, BrightnessTotal=0.691632553992, exposureTime=0.002332, xResolution=4000, yResolution=3000, SaturationTotalRed=0.722973675817, SaturationTotalGreen=0.702972629739, SaturationTotalBlue=0.400647383007, time=0.539479166667, GreenIndex=72.5339626667, LAI=0.0167253333333, Utility=587.4864338033782]"
33,"[21,9]","[39.645605, -82.8151271]",/data/chumley/tmp/Photos_20AUG2018//Center_Path/Images/33.6Feet/Sorte_1/DJI_0079.JPG,"[20,9]","[22,9]","[21,10]","[21,8]","['Links/Photos_20AUG2018_67', [12, 4]]",[],"['Links/Photos_16SEP2018_33', '[25, 9]']","['Links/Photos_02Aug2018_33', '[25, 9]']","[Latitude=39.6456048889, Longitude=-82.8151240556, BrightnessTotal=0.689296107117, exposureTime=0.002344, xResolution=4000, yResolution=3000, SaturationTotalRed=0.717312416993, SaturationTotalGreen=0.701627533333, SaturationTotalBlue=0.401456451634, time=0.539398148148, GreenIndex=73.0992586667, LAI=0.0231893333333, Utility=592.0636355340919]"
33,"[21,10]","[39.645605, -82.8152313]",/data/chumley/tmp/Photos_20AUG2018//Center_Path/Images/33.6Feet/Sorte_1/DJI_0078.JPG,"[20,10]","[22,10]","[21,11]","[21,9]","['Links/Photos_20AUG2018_67', [12, 5]]",[],"['Links/Photos_16SEP2018_33', '[25, 10]']","['Links/Photos_02Aug2018_33', '[25, 10]']","[Latitude=39.6456035, Longitude=-82.8152302222, BrightnessTotal=0.677824196582, exposureTime=0.002115, xResolution=4000, yResolution=3000, SaturationTotalRed=0.71365423366, SaturationTotalGreen=0.687976310131, SaturationTotalBlue=0.376625726471, time=0.539305555556, GreenIndex=73.4838613333, LAI=0.0144906666667, Utility=595.1772222756995]"
33,"[21,11]","[39.645605, -82.8153354]",/data/chumley/tmp/Photos_20AUG2018//Center_Path/Images/33.6Feet/Sorte_1/DJI_0077.JPG,"[20,11]","[22,11]","[21,12]","[21,10]","['Links/Photos_20AUG2018_67', [12, 5]]",[],"['Links/Photos_16SEP2018_33', '[25, 11]']","['Links/Photos_02Aug2018_33', '[25, 11]']","[Latitude=39.6456034444, Longitude=-82.8153331944, BrightnessTotal=0.678266622348, exposureTime=0.002209, xResolution=4000, yResolution=3000, SaturationTotalRed=0.708559042157, SaturationTotalGreen=0.68970769902, SaturationTotalBlue=0.390017128431, time=0.539212962963, GreenIndex=72.1920426667, LAI=0.018304, Utility=584.7172590378735]"
33,"[21,12]","[39.645605, -82.8154396]",/data/chumley/tmp/Photos_20AUG2018//Center_Path/Images/33.6Feet/Sorte_1/DJI_0076.JPG,"[20,12]","[22,12]","[21,13]","[21,11]","['Links/Photos_20AUG2018_67', [12, 6]]",[],"['Links/Photos_16SEP2018_33', '[25, 12]']","['Links/Photos_02Aug2018_33', '[25, 12]']","[Latitude=39.6456056389, Longitude=-82.8154355278, BrightnessTotal=0.675846024731, exposureTime=0.002435, xResolution=4000, yResolution=3000, SaturationTotalRed=0.702947240196, SaturationTotalGreen=0.687676775817, SaturationTotalBlue=0.400512676144, time=0.539131944444, GreenIndex=69.8876693333, LAI=0.0206826666667, Utility=566.0583430702628]"
33,"[21,13]","[39.645605, -82.8155438]",/data/chumley/tmp/Photos_20AUG2018//Center_Path/Images/33.6Feet/Sorte_1/DJI_0075.JPG,"[20,13]","[22,13]","[21,14]","[21,12]","['Links/Photos_20AUG2018_67', [12, 6]]",[],"['Links/Photos_16SEP2018_33', '[25, 13]']","['Links/Photos_02Aug2018_33', '[25, 13]']","[Latitude=39.6456056667, Longitude=-82.8155461944, BrightnessTotal=0.673357274142, exposureTime=0.002422, xResolution=4000, yResolution=3000, SaturationTotalRed=0.699307723529, SaturationTotalGreen=0.685520063725, SaturationTotalBlue=0.399015085294, time=0.539039351852, GreenIndex=70.1174453333, LAI=0.0183893333333, Utility=567.9187729632221]"
33,"[21,14]","[39.645605, -82.8156479]",/data/chumley/tmp/Photos_20AUG2018//Center_Path/Images/33.6Feet/Sorte_1/DJI_0074.JPG,"[20,14]","[22,14]","[21,15]","[21,13]","['Links/Photos_20AUG2018_67', [12, 7]]",[],"['Links/Photos_16SEP2018_33', '[25, 14]']","['Links/Photos_02Aug2018_33', '[25, 14]']","[Latitude=39.6456052222, Longitude=-82.8156459167, BrightnessTotal=0.678804736936, exposureTime=0.002529, xResolution=4000, yResolution=3000, SaturationTotalRed=0.703032384967, SaturationTotalGreen=0.691725133007, SaturationTotalBlue=0.402717228758, time=0.538946759259, GreenIndex=71.378576, LAI=0.0217493333333, Utility=578.1306150103024]"
33,"[21,15]","[39.645605, -82.8157521]",/data/chumley/tmp/Photos_20AUG2018//Center_Path/Images/33.6Feet/Sorte_1/DJI_0073.JPG,"[20,15]","[22,15]","[21,16]","[21,14]","['Links/Photos_20AUG2018_67', [12, 7]]",[],"['Links/Photos_16SEP2018_33', '[25, 15]']","['Links/Photos_02Aug2018_33', '[25, 15]']","[Latitude=39.64560525, Longitude=-82.8157471111, BrightnessTotal=0.675830670073, exposureTime=0.002233, xResolution=4000, yResolution=3000, SaturationTotalRed=0.706100365033, SaturationTotalGreen=0.687334025817, SaturationTotalBlue=0.386196978105, time=0.538865740741, GreenIndex=72.5516746667, LAI=0.0144106666667, Utility=587.6291860345292]"
33,"[21,16]","[39.645605, -82.8158563]",/data/chumley/tmp/Photos_20AUG2018//Center_Path/Images/33.6Feet/Sorte_1/DJI_0072.JPG,"[20,16]","[22,16]","[21,17]","[21,15]","['Links/Photos_20AUG2018_67', [12, 8]]",[],"['Links/Photos_16SEP2018_33', '[25, 16]']","['Links/Photos_02Aug2018_33', '[25, 16]']","[Latitude=39.6456059722, Longitude=-82.8158563056, BrightnessTotal=0.684527759106, exposureTime=0.002422, xResolution=4000, yResolution=3000, SaturationTotalRed=0.71368519183, SaturationTotalGreen=0.69609244281, SaturationTotalBlue=0.402297695752, time=0.538773148148, GreenIndex=70.971488, LAI=0.0199413333333, Utility=574.8346412602814]"
33,"[21,17]","[39.645605, -82.8159604]",/data/chumley/tmp/Photos_20AUG2018//Center_Path/Images/33.6Feet/Sorte_1/DJI_0071.JPG,"[20,17]","[22,17]","[21,18]","[21,16]","['Links/Photos_20AUG2018_67', [12, 8]]",[],"['Links/Photos_16SEP2018_33', '[25, 17]']","['Links/Photos_02Aug2018_33', '[25, 17]']","[Latitude=39.6456046944, Longitude=-82.8159531667, BrightnessTotal=0.675211766813, exposureTime=0.002269, xResolution=4000, yResolution=3000, SaturationTotalRed=0.706824380065, SaturationTotalGreen=0.686033981046, SaturationTotalBlue=0.389061988889, time=0.538680555556, GreenIndex=70.96928, LAI=0.0232, Utility=574.8163072432333]"
33,"[21,18]","[39.645605, -82.8160646]",/data/chumley/tmp/Photos_20AUG2018//Center_Path/Images/33.6Feet/Sorte_1/DJI_0070.JPG,"[20,18]","[22,18]","[21,19]","[21,17]","['Links/Photos_20AUG2018_67', [12, 9]]",[],"['Links/Photos_16SEP2018_33', '[25, 18]']","['Links/Photos_02Aug2018_33', '[25, 18]']","[Latitude=39.6456053333, Longitude=-82.8160640278, BrightnessTotal=0.674661557224, exposureTime=0.002257, xResolution=4000, yResolution=3000, SaturationTotalRed=0.70762148268, SaturationTotalGreen=0.685203089869, SaturationTotalBlue=0.38474527451, time=0.538599537037, GreenIndex=71.4813013333, LAI=0.017376, Utility=578.9621934986071]"
33,"[21,19]","[39.645605, -82.8161688]",/data/chumley/tmp/Photos_20AUG2018//Center_Path/Images/33.6Feet/Sorte_1/DJI_0069.JPG,"[20,19]","[22,19]","[21,20]","[21,18]","['Links/Photos_20AUG2018_67', [12, 9]]",[],"['Links/Photos_16SEP2018_33', '[25, 19]']","['Links/Photos_02Aug2018_33', '[25, 19]']","[Latitude=39.6456035, Longitude=-82.8161640278, BrightnessTotal=0.679384874819, exposureTime=0.002357, xResolution=4000, yResolution=3000, SaturationTotalRed=0.708085727778, SaturationTotalGreen=0.691068393464, SaturationTotalBlue=0.397144955229, time=0.538506944444, GreenIndex=71.1796586667, LAI=0.027104, Utility=576.5200241417979]"
33,"[21,20]","[39.645605, -82.8162729]",/data/chumley/tmp/Photos_20AUG2018//Center_Path/Images/33.6Feet/Sorte_1/DJI_0068.JPG,"[20,20]","[22,20]","[21,21]","[21,19]","['Links/Photos_20AUG2018_67', [12, 10]]",[],"['Links/Photos_16SEP2018_33', '[25, 20]']","['Links/Photos_02Aug2018_33', '[25, 20]']","[Latitude=39.6456031111, Longitude=-82.8162704444, BrightnessTotal=0.66808773729, exposureTime=0.002059, xResolution=4000, yResolution=3000, SaturationTotalRed=0.706585098693, SaturationTotalGreen=0.677364932353, SaturationTotalBlue=0.363239002614, time=0.538414351852, GreenIndex=73.2562933333, LAI=0.008256, Utility=593.3342226599876]"
33,"[21,21]","[39.645605, -82.8163771]",/data/chumley/tmp/Photos_20AUG2018//Center_Path/Images/33.6Feet/Sorte_1/DJI_0067.JPG,"[20,21]","[22,21]","[21,22]","[21,20]","['Links/Photos_20AUG2018_67', [12, 10]]",[],"['Links/Photos_16SEP2018_33', '[25, 21]']","['Links/Photos_02Aug2018_33', '[25, 21]']","[Latitude=39.6456048889, Longitude=-82.8163753056, BrightnessTotal=0.680541897423, exposureTime=0.002627, xResolution=4000, yResolution=3000, SaturationTotalRed=0.701929661765, SaturationTotalGreen=0.694616909804, SaturationTotalBlue=0.402069769608, time=0.538333333333, GreenIndex=73.277408, LAI=0.0267893333333, Utility=593.5059236871804]"
33,"[21,22]","[39.645605, -82.8164813]",/data/chumley/tmp/Photos_20AUG2018//Center_Path/Images/33.6Feet/Sorte_1/DJI_0066.JPG,"[20,22]","[22,22]","[21,23]","[21,21]","['Links/Photos_20AUG2018_67', [12, 11]]",[],"['Links/Photos_16SEP2018_33', '[25, 22]']","['Links/Photos_02Aug2018_33', '[25, 22]']","[Latitude=39.645606, Longitude=-82.8164790833, BrightnessTotal=0.660675569464, exposureTime=0.002036, xResolution=4000, yResolution=3000, SaturationTotalRed=0.698533959804, SaturationTotalGreen=0.669939916013, SaturationTotalBlue=0.35896222451, time=0.538240740741, GreenIndex=72.5693173333, LAI=0.010368, Utility=587.7713520752542]"
33,"[21,23]","[39.645605, -82.8165855]",/data/chumley/tmp/Photos_20AUG2018//Center_Path/Images/33.6Feet/Sorte_1/DJI_0065.JPG,"[20,23]","[22,23]","[21,24]","[21,22]","['Links/Photos_20AUG2018_67', [12, 11]]",[],"['Links/Photos_16SEP2018_33', '[25, 23]']","['Links/Photos_02Aug2018_33', '[25, 23]']","[Latitude=39.6456082778, Longitude=-82.8165816111, BrightnessTotal=0.672512756381, exposureTime=0.002173, xResolution=4000, yResolution=3000, SaturationTotalRed=0.705507286928, SaturationTotalGreen=0.683077808824, SaturationTotalBlue=0.381571670588, time=0.538159722222, GreenIndex=71.7680586667, LAI=0.0172, Utility=581.2840742290772]"
33,"[21,24]","[39.645605, -82.8166896]",/data/chumley/tmp/Photos_20AUG2018//Center_Path/Images/33.6Feet/Sorte_1/DJI_0064.JPG,"[20,24]","[22,24]","[21,25]","[21,23]","['Links/Photos_20AUG2018_67', [12, 12]]",[],"['Links/Photos_16SEP2018_33', '[25, 24]']","['Links/Photos_02Aug2018_33', '[25, 24]']","[Latitude=39.6456053611, Longitude=-82.8166894167, BrightnessTotal=0.68407995784, exposureTime=0.002409, xResolution=4000, yResolution=3000, SaturationTotalRed=0.709188695098, SaturationTotalGreen=0.696401335621, SaturationTotalBlue=0.413684556863, time=0.53806712963, GreenIndex=69.397968, LAI=0.0236426666667, Utility=562.093750379502]"
33,"[21,25]","[39.645605, -82.8167938]",/data/chumley/tmp/Photos_20AUG2018//Center_Path/Images/33.6Feet/Sorte_1/DJI_0063.JPG,"[20,25]","[22,25]","[21,26]","[21,24]","['Links/Photos_20AUG2018_67', [12, 12]]",[],"['Links/Photos_16SEP2018_33', '[25, 25]']","['Links/Photos_02Aug2018_33', '[25, 25]']","[Latitude=39.6456050556, Longitude=-82.8167962222, BrightnessTotal=0.702706126874, exposureTime=0.002461, xResolution=4000, yResolution=3000, SaturationTotalRed=0.731137391503, SaturationTotalGreen=0.714465977778, SaturationTotalBlue=0.424220699346, time=0.537974537037, GreenIndex=70.312016, LAI=0.014576, Utility=569.4958255199069]"
33,"[21,26]","[39.645605, -82.816898]",/data/chumley/tmp/Photos_20AUG2018//Center_Path/Images/33.6Feet/Sorte_1/DJI_0062.JPG,"[20,26]","[22,26]","[21,27]","[21,25]","['Links/Photos_20AUG2018_67', [12, 13]]",[],"['Links/Photos_16SEP2018_33', '[25, 26]']","['Links/Photos_02Aug2018_33', '[25, 26]']","[Latitude=39.6456053889, Longitude=-82.81689375, BrightnessTotal=0.686132249318, exposureTime=0.002307, xResolution=4000, yResolution=3000, SaturationTotalRed=0.723502970588, SaturationTotalGreen=0.695346494444, SaturationTotalBlue=0.393350483007, time=0.537881944444, GreenIndex=70.4261653333, LAI=0.010496, Utility=570.4192574178713]"
33,"[21,27]","[39.645605, -82.8170021]",/data/chumley/tmp/Photos_20AUG2018//Center_Path/Images/33.6Feet/Sorte_1/DJI_0061.JPG,"[20,27]","[22,27]","[21,28]","[21,26]","['Links/Photos_20AUG2018_67', [12, 13]]",[],"['Links/Photos_16SEP2018_33', '[25, 27]']","['Links/Photos_02Aug2018_33', '[25, 27]']","[Latitude=39.6456060278, Longitude=-82.81700725, BrightnessTotal=0.701009043221, exposureTime=0.002104, xResolution=4000, yResolution=3000, SaturationTotalRed=0.743289654902, SaturationTotalGreen=0.708890617647, SaturationTotalBlue=0.402578348693, time=0.537800925926, GreenIndex=69.8912533333, LAI=0.00311466666667, Utility=566.0887052674688]"
33,"[21,28]","[39.645605, -82.8171063]",/data/chumley/tmp/Photos_20AUG2018//Center_Path/Images/33.6Feet/Sorte_1/DJI_0060.JPG,"[20,28]","[22,28]","[21,29]","[21,27]","['Links/Photos_20AUG2018_67', [12, 14]]",[],"['Links/Photos_16SEP2018_33', '[25, 28]']","['Links/Photos_02Aug2018_33', '[25, 28]']","[Latitude=39.6456046111, Longitude=-82.8171001111, BrightnessTotal=0.702483359326, exposureTime=0.002083, xResolution=4000, yResolution=3000, SaturationTotalRed=0.748645724837, SaturationTotalGreen=0.709467305556, SaturationTotalBlue=0.394798775163, time=0.537708333333, GreenIndex=70.767568, LAI=0.003152, Utility=573.1844064390029]"
33,"[21,29]","[39.645605, -82.8172105]",/data/chumley/tmp/Photos_20AUG2018//Center_Path/Images/33.6Feet/Sorte_1/DJI_0059.JPG,"[20,29]","[22,29]","[21,30]","[21,28]","['Links/Photos_20AUG2018_67', [12, 14]]",[],"['Links/Photos_16SEP2018_33', '[25, 29]']","['Links/Photos_02Aug2018_33', '[25, 29]']","[Latitude=39.6456045556, Longitude=-82.8172105833, BrightnessTotal=0.679431179261, exposureTime=0.001898, xResolution=4000, yResolution=3000, SaturationTotalRed=0.732509793791, SaturationTotalGreen=0.68438355719, SaturationTotalBlue=0.356907542157, time=0.537615740741, GreenIndex=71.818016, LAI=0.008288, Utility=581.6888727094421]"
33,"[21,30]","[39.645605, -82.8173146]",/data/chumley/tmp/Photos_20AUG2018//Center_Path/Images/33.6Feet/Sorte_1/DJI_0058.JPG,"[20,30]","[22,30]","[21,31]","[21,29]","['Links/Photos_20AUG2018_67', [12, 15]]",[],"['Links/Photos_16SEP2018_33', '[25, 30]']","['Links/Photos_02Aug2018_33', '[25, 30]']","[Latitude=39.6456041667, Longitude=-82.8173151389, BrightnessTotal=0.69798094494, exposureTime=0.002282, xResolution=4000, yResolution=3000, SaturationTotalRed=0.74474992549, SaturationTotalGreen=0.704578524837, SaturationTotalBlue=0.392435989542, time=0.537534722222, GreenIndex=69.9229333333, LAI=0.0169493333333, Utility=566.3450878229169]"
33,"[21,31]","[39.645605, -82.8174188]",/data/chumley/tmp/Photos_20AUG2018//Center_Path/Images/33.6Feet/Sorte_1/DJI_0057.JPG,"[20,31]","[22,31]","[21,32]","[21,30]","['Links/Photos_20AUG2018_67', [12, 15]]",[],"['Links/Photos_16SEP2018_33', '[25, 31]']","['Links/Photos_02Aug2018_33', '[25, 31]']","[Latitude=39.6456069722, Longitude=-82.8174173611, BrightnessTotal=0.680587150513, exposureTime=0.00195, xResolution=4000, yResolution=3000, SaturationTotalRed=0.728897777778, SaturationTotalGreen=0.686752907843, SaturationTotalBlue=0.369050472222, time=0.53744212963, GreenIndex=70.8635413333, LAI=0.0104586666667, Utility=573.9604773547918]"
33,"[21,32]","[39.645605, -82.817523]",/data/chumley/tmp/Photos_20AUG2018//Center_Path/Images/33.6Feet/Sorte_1/DJI_0056.JPG,"[20,32]","[22,32]","[21,33]","[21,31]","['Links/Photos_20AUG2018_67', [12, 16]]",[],"['Links/Photos_16SEP2018_33', '[25, 32]']","['Links/Photos_02Aug2018_33', '[25, 32]']","[Latitude=39.6456030833, Longitude=-82.8175231667, BrightnessTotal=0.687499858419, exposureTime=0.002138, xResolution=4000, yResolution=3000, SaturationTotalRed=0.719830921895, SaturationTotalGreen=0.698510905229, SaturationTotalBlue=0.39536549281, time=0.537361111111, GreenIndex=72.443968, LAI=0.018336, Utility=586.7578703212386]"
33,"[21,33]","[39.645605, -82.8176271]",/data/chumley/tmp/Photos_20AUG2018//Center_Path/Images/33.6Feet/Sorte_1/DJI_0055.JPG,"[20,33]","[22,33]","[21,34]","[21,32]","['Links/Photos_20AUG2018_67', [12, 16]]",[],"['Links/Photos_16SEP2018_33', '[25, 33]']","['Links/Photos_02Aug2018_33', '[25, 33]']","[Latitude=39.6456052222, Longitude=-82.8176244444, BrightnessTotal=0.679011307896, exposureTime=0.002294, xResolution=4000, yResolution=3000, SaturationTotalRed=0.704088965033, SaturationTotalGreen=0.691654902614, SaturationTotalBlue=0.402522113725, time=0.537268518519, GreenIndex=71.1312213333, LAI=0.026528, Utility=576.128026419714]"
33,"[21,34]","[39.645605, -82.8177313]",/data/chumley/tmp/Photos_20AUG2018//Center_Path/Images/33.6Feet/Sorte_1/DJI_0054.JPG,"[20,34]","[22,34]","[21,35]","[21,33]","['Links/Photos_20AUG2018_67', [12, 17]]",[],"['Links/Photos_16SEP2018_33', '[25, 34]']","['Links/Photos_02Aug2018_33', '[25, 34]']","[Latitude=39.6456068889, Longitude=-82.8177316944, BrightnessTotal=0.675754196628, exposureTime=0.002282, xResolution=4000, yResolution=3000, SaturationTotalRed=0.697383266993, SaturationTotalGreen=0.690246781046, SaturationTotalBlue=0.387573564706, time=0.5371875, GreenIndex=75.9266826667, LAI=0.0303413333333, Utility=614.9574201044747]"
33,"[21,35]","[39.645605, -82.8178355]",/data/chumley/tmp/Photos_20AUG2018//Center_Path/Images/33.6Feet/Sorte_1/DJI_0053.JPG,"[20,35]","[22,35]","[21,36]","[21,34]","['Links/Photos_20AUG2018_67', [12, 17]]",[],"['Links/Photos_16SEP2018_33', '[25, 35]']","['Links/Photos_02Aug2018_33', '[25, 35]']","[Latitude=39.645604, Longitude=-82.8178364167, BrightnessTotal=0.692703274337, exposureTime=0.002543, xResolution=4000, yResolution=3000, SaturationTotalRed=0.713783686275, SaturationTotalGreen=0.706949736601, SaturationTotalBlue=0.414886115686, time=0.537094907407, GreenIndex=73.2609066667, LAI=0.0191786666667, Utility=593.3731052462625]"
33,"[21,36]","[39.645605, -82.8179397]",/data/chumley/tmp/Photos_20AUG2018//Center_Path/Images/33.6Feet/Sorte_1/DJI_0052.JPG,"[20,36]","[22,36]","[21,37]","[21,35]","['Links/Photos_20AUG2018_67', [12, 18]]",[],"['Links/Photos_16SEP2018_33', '[25, 36]']","['Links/Photos_02Aug2018_33', '[25, 36]']","[Latitude=39.6456061389, Longitude=-82.8179379722, BrightnessTotal=0.682572983636, exposureTime=0.002307, xResolution=4000, yResolution=3000, SaturationTotalRed=0.707574781373, SaturationTotalGreen=0.695149371242, SaturationTotalBlue=0.408234340523, time=0.537002314815, GreenIndex=70.516256, LAI=0.018048, Utility=571.1487824384433]"
33,"[21,37]","[39.645605, -82.8180438]",/data/chumley/tmp/Photos_20AUG2018//Center_Path/Images/33.6Feet/Sorte_1/DJI_0051.JPG,"[20,37]","[22,37]","[21,38]","[21,36]","['Links/Photos_20AUG2018_67', [12, 18]]",[],"['Links/Photos_16SEP2018_33', '[25, 37]']","['Links/Photos_02Aug2018_33', '[25, 37]']","[Latitude=39.6456048333, Longitude=-82.8180392778, BrightnessTotal=0.701758180734, exposureTime=0.002422, xResolution=4000, yResolution=3000, SaturationTotalRed=0.726100806536, SaturationTotalGreen=0.712960682026, SaturationTotalBlue=0.456323428758, time=0.536909722222, GreenIndex=62.6181653333, LAI=0.016128, Utility=507.1977959377739]"
33,"[21,38]","[39.645605, -82.818148]",/data/chumley/tmp/Photos_20AUG2018//Center_Path/Images/33.6Feet/Sorte_1/DJI_0050.JPG,"[20,38]","[22,38]","[21,39]","[21,37]","['Links/Photos_20AUG2018_67', [12, 19]]",[],"['Links/Photos_16SEP2018_33', '[25, 38]']","['Links/Photos_02Aug2018_33', '[25, 38]']","[Latitude=39.6456060833, Longitude=-82.81814575, BrightnessTotal=0.682241263918, exposureTime=0.002357, xResolution=4000, yResolution=3000, SaturationTotalRed=0.702714316013, SaturationTotalGreen=0.691333544444, SaturationTotalBlue=0.487906485948, time=0.53681712963, GreenIndex=49.3848586667, LAI=0.0375733333333, Utility=400.04494738660367]"
33,"[21,39]","[39.645605, -82.8182522]",/data/chumley/tmp/Photos_20AUG2018//Center_Path/Images/33.6Feet/Sorte_1/DJI_0049.JPG,"[20,39]","[22,39]","[21,40]","[21,38]","['Links/Photos_20AUG2018_67', [12, 19]]",[],"['Links/Photos_16SEP2018_33', '[25, 39]']","['Links/Photos_02Aug2018_33', '[25, 39]']","[Latitude=39.6456058889, Longitude=-82.8182476111, BrightnessTotal=0.691809057163, exposureTime=0.002743, xResolution=4000, yResolution=3000, SaturationTotalRed=0.711798995752, SaturationTotalGreen=0.704485397059, SaturationTotalBlue=0.4464264, time=0.536736111111, GreenIndex=64.4503573333, LAI=0.0270293333333, Utility=522.0328805590452]"
33,"[21,40]","[39.645605, -82.8183563]",/data/chumley/tmp/Photos_20AUG2018//Center_Path/Images/33.6Feet/Sorte_1/DJI_0048.JPG,"[20,40]","[22,40]","[21,41]","[21,39]","['Links/Photos_20AUG2018_67', [12, 20]]",[],"['Links/Photos_16SEP2018_33', '[25, 40]']","['Links/Photos_02Aug2018_33', '[25, 40]']","[Latitude=39.6456068056, Longitude=-82.8183561111, BrightnessTotal=0.688325150906, exposureTime=0.002641, xResolution=4000, yResolution=3000, SaturationTotalRed=0.71589075915, SaturationTotalGreen=0.700007647386, SaturationTotalBlue=0.414475513725, time=0.536643518519, GreenIndex=69.2668853333, LAI=0.0193546666667, Utility=561.0327758081182]"
33,"[21,41]","[39.645605, -82.8184605]",/data/chumley/tmp/Photos_20AUG2018//Center_Path/Images/33.6Feet/Sorte_1/DJI_0047.JPG,"[20,41]","[22,41]","[21,42]","[21,40]","['Links/Photos_20AUG2018_67', [12, 20]]",[],"['Links/Photos_16SEP2018_33', '[25, 41]']","['Links/Photos_02Aug2018_33', '[25, 41]']","[Latitude=39.6456074444, Longitude=-82.8184576667, BrightnessTotal=0.691262232655, exposureTime=0.003298, xResolution=4000, yResolution=3000, SaturationTotalRed=0.71056823268, SaturationTotalGreen=0.705391354902, SaturationTotalBlue=0.425909995752, time=0.5365625, GreenIndex=70.5153813333, LAI=0.0232106666667, Utility=571.1422327091602]"
33,"[21,42]","[39.645605, -82.8185647]",/data/chumley/tmp/Photos_20AUG2018//Center_Path/Images/33.6Feet/Sorte_1/DJI_0046.JPG,"[20,42]","[22,42]","[21,43]","[21,41]","['Links/Photos_20AUG2018_67', [12, 21]]",[],"['Links/Photos_16SEP2018_33', '[25, 42]']","['Links/Photos_02Aug2018_33', '[25, 42]']","[Latitude=39.645606, Longitude=-82.8185625278, BrightnessTotal=0.690710619758, exposureTime=0.005169, xResolution=4000, yResolution=3000, SaturationTotalRed=0.695936574837, SaturationTotalGreen=0.706982809477, SaturationTotalBlue=0.469344315033, time=0.536469907407, GreenIndex=63.885664, LAI=0.0275306666667, Utility=517.4605586834856]"
33,"[21,43]","[39.645605, -82.8186688]",/data/chumley/tmp/Photos_20AUG2018//Center_Path/Images/33.6Feet/Sorte_1/DJI_0045.JPG,"[20,43]","[22,43]",[],"[21,42]","['Links/Photos_20AUG2018_67', [12, 21]]",[],"['Links/Photos_16SEP2018_33', '[25, 43]']","['Links/Photos_02Aug2018_33', '[25, 43]']","[Latitude=39.6456065833, Longitude=-82.8186653889, BrightnessTotal=0.703959936382, exposureTime=0.005031, xResolution=4000, yResolution=3000, SaturationTotalRed=0.724739285621, SaturationTotalGreen=0.716297029739, SaturationTotalBlue=0.460750440196, time=0.536377314815, GreenIndex=63.5079466667, LAI=0.013872, Utility=514.4026946313231]"
