33,"[46,0]","[39.6427174, -82.8141896]",/data/chumley/tmp/Photos_01JUN2018//South_Path/Images/33.6Feet/Sorte_7/DJI_0003.JPG,"[45,0]","[47,0]","[46,1]",[],"['Links/Photos_01JUN2018_67', [26, 0]]",[],"['Links/Photos_02Aug2018_33', '[52, 0]']",[],"[Latitude=39.6427200278, Longitude=-82.8141891667, BrightnessTotal=0.943321912904, exposureTime=0.004466, xResolution=4000, yResolution=3000, SaturationTotalRed=0.953478864052, SaturationTotalGreen=0.946243388235, SaturationTotalBlue=0.874917197059, time=0.574155092593, GreenIndex=16.4442506667, LAI=0.0, Utility=133.3269001622364]"
33,"[46,1]","[39.6427174, -82.8142937]",/data/chumley/tmp/Photos_01JUN2018//South_Path/Images/33.6Feet/Sorte_7/DJI_0004.JPG,"[45,1]","[47,1]","[46,2]","[46,0]","['Links/Photos_01JUN2018_67', [26, 0]]",[],"['Links/Photos_02Aug2018_33', '[52, 1]']",[],"[Latitude=39.6427187222, Longitude=-82.8142947222, BrightnessTotal=0.970034827844, exposureTime=0.005792, xResolution=4000, yResolution=3000, SaturationTotalRed=0.98371390719, SaturationTotalGreen=0.970243260458, SaturationTotalBlue=0.917681706863, time=0.574236111111, GreenIndex=10.056976, LAI=0.0, Utility=81.60949814684876]"
33,"[46,2]","[39.6427174, -82.8143979]",/data/chumley/tmp/Photos_01JUN2018//South_Path/Images/33.6Feet/Sorte_7/DJI_0005.JPG,"[45,2]","[47,2]","[46,3]","[46,1]","['Links/Photos_01JUN2018_67', [26, 1]]",[],"['Links/Photos_02Aug2018_33', '[52, 2]']",[],"[Latitude=39.642719, Longitude=-82.8143984444, BrightnessTotal=0.979507546044, exposureTime=0.006704, xResolution=4000, yResolution=3000, SaturationTotalRed=0.991985758497, SaturationTotalGreen=0.979200761438, SaturationTotalBlue=0.937205118627, time=0.574328703704, GreenIndex=7.62281066667, LAI=0.0, Utility=61.90017009613452]"
33,"[46,3]","[39.6427174, -82.8145021]",/data/chumley/tmp/Photos_01JUN2018//South_Path/Images/33.6Feet/Sorte_7/DJI_0006.JPG,"[45,3]","[47,3]","[46,4]","[46,2]","['Links/Photos_01JUN2018_67', [26, 1]]",[],"['Links/Photos_02Aug2018_33', '[52, 3]']",[],"[Latitude=39.6427186944, Longitude=-82.8145052778, BrightnessTotal=0.978564752931, exposureTime=0.006851, xResolution=4000, yResolution=3000, SaturationTotalRed=0.990781536275, SaturationTotalGreen=0.978175035621, SaturationTotalBlue=0.938120401634, time=0.574421296296, GreenIndex=7.14593066667, LAI=0.0, Utility=58.038745036246176]"
33,"[46,4]","[39.6427174, -82.8146062]",/data/chumley/tmp/Photos_01JUN2018//South_Path/Images/33.6Feet/Sorte_7/DJI_0007.JPG,"[45,4]","[47,4]","[46,5]","[46,3]","['Links/Photos_01JUN2018_67', [26, 2]]",[],"['Links/Photos_02Aug2018_33', '[52, 4]']",[],"[Latitude=39.6427169167, Longitude=-82.8146071111, BrightnessTotal=0.966398833799, exposureTime=0.005887, xResolution=4000, yResolution=3000, SaturationTotalRed=0.98408724281, SaturationTotalGreen=0.964493231046, SaturationTotalBlue=0.921434461438, time=0.574502314815, GreenIndex=6.10530133333, LAI=0.0, Utility=49.611987841865506]"
33,"[46,5]","[39.6427174, -82.8147104]",/data/chumley/tmp/Photos_01JUN2018//South_Path/Images/33.6Feet/Sorte_7/DJI_0008.JPG,"[45,5]","[47,5]","[46,6]","[46,4]","['Links/Photos_01JUN2018_67', [26, 2]]",[],"['Links/Photos_02Aug2018_33', '[52, 5]']",[],"[Latitude=39.6427201389, Longitude=-82.8147109167, BrightnessTotal=0.963319888491, exposureTime=0.005487, xResolution=4000, yResolution=3000, SaturationTotalRed=0.983257882026, SaturationTotalGreen=0.960430953595, SaturationTotalBlue=0.920277079412, time=0.574594907407, GreenIndex=4.55046933333, LAI=0.0, Utility=37.02211628147664]"
33,"[46,6]","[39.6427174, -82.8148146]",/data/chumley/tmp/Photos_01JUN2018//South_Path/Images/33.6Feet/Sorte_7/DJI_0009.JPG,"[45,6]","[47,6]","[46,7]","[46,5]","['Links/Photos_01JUN2018_67', [26, 3]]",[],"['Links/Photos_02Aug2018_33', '[52, 6]']",[],"[Latitude=39.6427179722, Longitude=-82.8148141944, BrightnessTotal=0.97216387581, exposureTime=0.006181, xResolution=4000, yResolution=3000, SaturationTotalRed=0.986823758824, SaturationTotalGreen=0.971062476471, SaturationTotalBlue=0.930091208497, time=0.574675925926, GreenIndex=6.58807466667, LAI=0.0, Utility=53.521341030143326]"
33,"[46,7]","[39.6427174, -82.8149187]",/data/chumley/tmp/Photos_01JUN2018//South_Path/Images/33.6Feet/Sorte_7/DJI_0010.JPG,"[45,7]","[47,7]","[46,8]","[46,6]","['Links/Photos_01JUN2018_67', [26, 3]]",[],"['Links/Photos_02Aug2018_33', '[52, 7]']",[],"[Latitude=39.6427178333, Longitude=-82.8149170556, BrightnessTotal=0.964146516178, exposureTime=0.005919, xResolution=4000, yResolution=3000, SaturationTotalRed=0.980756191176, SaturationTotalGreen=0.96267525915, SaturationTotalBlue=0.918637954902, time=0.574768518519, GreenIndex=6.77704533333, LAI=0.0, Utility=55.05104835557393]"
33,"[46,8]","[39.6427174, -82.8150229]",/data/chumley/tmp/Photos_01JUN2018//South_Path/Images/33.6Feet/Sorte_7/DJI_0011.JPG,"[45,8]","[47,8]","[46,9]","[46,7]","['Links/Photos_01JUN2018_67', [26, 4]]",[],"['Links/Photos_02Aug2018_33', '[52, 8]']",[],"[Latitude=39.6427181111, Longitude=-82.8150218611, BrightnessTotal=0.965108873483, exposureTime=0.006081, xResolution=4000, yResolution=3000, SaturationTotalRed=0.981043613072, SaturationTotalGreen=0.963792855882, SaturationTotalBlue=0.920501108824, time=0.574861111111, GreenIndex=6.77271466667, LAI=0.0, Utility=55.016017074056734]"
33,"[46,9]","[39.6427174, -82.8151271]",/data/chumley/tmp/Photos_01JUN2018//South_Path/Images/33.6Feet/Sorte_7/DJI_0012.JPG,"[45,9]","[47,9]","[46,10]","[46,8]","['Links/Photos_01JUN2018_67', [26, 4]]",[],"['Links/Photos_02Aug2018_33', '[52, 9]']",[],"[Latitude=39.6427180556, Longitude=-82.8151267778, BrightnessTotal=0.967869925626, exposureTime=0.006316, xResolution=4000, yResolution=3000, SaturationTotalRed=0.983372088235, SaturationTotalGreen=0.966636884641, SaturationTotalBlue=0.924016870261, time=0.574953703704, GreenIndex=6.73111466667, LAI=0.0, Utility=54.679297394461]"
33,"[46,10]","[39.6427174, -82.8152313]",/data/chumley/tmp/Photos_01JUN2018//South_Path/Images/33.6Feet/Sorte_7/DJI_0013.JPG,"[45,10]","[47,10]","[46,11]","[46,9]","['Links/Photos_01JUN2018_67', [26, 5]]",[],"['Links/Photos_02Aug2018_33', '[52, 10]']",[],"[Latitude=39.6427161944, Longitude=-82.8152303333, BrightnessTotal=0.961088912039, exposureTime=0.005637, xResolution=4000, yResolution=3000, SaturationTotalRed=0.980144240196, SaturationTotalGreen=0.958905549673, SaturationTotalBlue=0.913887623203, time=0.575034722222, GreenIndex=6.18573333333, LAI=0.0, Utility=50.26290561161739]"
33,"[46,11]","[39.6427174, -82.8153354]",/data/chumley/tmp/Photos_01JUN2018//South_Path/Images/33.6Feet/Sorte_7/DJI_0014.JPG,"[45,11]","[47,11]","[46,12]","[46,10]","['Links/Photos_01JUN2018_67', [26, 5]]",[],"['Links/Photos_02Aug2018_33', '[52, 11]']",[],"[Latitude=39.6427171111, Longitude=-82.8153341667, BrightnessTotal=0.963293231105, exposureTime=0.005637, xResolution=4000, yResolution=3000, SaturationTotalRed=0.981653953268, SaturationTotalGreen=0.961368475163, SaturationTotalBlue=0.915977868954, time=0.575127314815, GreenIndex=6.52805866667, LAI=0.0, Utility=53.03485830254574]"
33,"[46,12]","[39.6427174, -82.8154396]",/data/chumley/tmp/Photos_01JUN2018//South_Path/Images/33.6Feet/Sorte_7/DJI_0015.JPG,"[45,12]","[47,12]","[46,13]","[46,11]","['Links/Photos_01JUN2018_67', [26, 6]]",[],"['Links/Photos_02Aug2018_33', '[52, 12]']",[],"[Latitude=39.6427180556, Longitude=-82.815437, BrightnessTotal=0.970472534155, exposureTime=0.006282, xResolution=4000, yResolution=3000, SaturationTotalRed=0.984814366667, SaturationTotalGreen=0.96958629085, SaturationTotalBlue=0.927309634641, time=0.575208333333, GreenIndex=7.04, LAI=0.0, Utility=57.180477418849904]"
33,"[46,13]","[39.6427174, -82.8155438]",/data/chumley/tmp/Photos_01JUN2018//South_Path/Images/33.6Feet/Sorte_7/DJI_0016.JPG,"[45,13]","[47,13]","[46,14]","[46,12]","['Links/Photos_01JUN2018_67', [26, 6]]",[],"['Links/Photos_02Aug2018_33', '[52, 13]']",[],"[Latitude=39.6427173333, Longitude=-82.8155436667, BrightnessTotal=0.975378902523, exposureTime=0.007886, xResolution=4000, yResolution=3000, SaturationTotalRed=0.989773807516, SaturationTotalGreen=0.97447109902, SaturationTotalBlue=0.932252372222, time=0.575300925926, GreenIndex=7.00419733333, LAI=0.0, Utility=56.890801204840535]"
33,"[46,14]","[39.6427174, -82.8156479]",/data/chumley/tmp/Photos_01JUN2018//South_Path/Images/33.6Feet/Sorte_7/DJI_0017.JPG,"[45,14]","[47,14]","[46,15]","[46,13]","['Links/Photos_01JUN2018_67', [26, 7]]",[],"['Links/Photos_02Aug2018_33', '[52, 14]']",[],"[Latitude=39.6427160278, Longitude=-82.8156471111, BrightnessTotal=0.97343885038, exposureTime=0.008694, xResolution=4000, yResolution=3000, SaturationTotalRed=0.987265853595, SaturationTotalGreen=0.972389451307, SaturationTotalBlue=0.933943044444, time=0.575381944444, GreenIndex=6.17352533333, LAI=0.0, Utility=50.1646284157215]"
33,"[46,15]","[39.6427174, -82.8157521]",/data/chumley/tmp/Photos_01JUN2018//South_Path/Images/33.6Feet/Sorte_7/DJI_0018.JPG,"[45,15]","[47,15]","[46,16]","[46,14]","['Links/Photos_01JUN2018_67', [26, 7]]",[],"['Links/Photos_02Aug2018_33', '[52, 15]']",[],"[Latitude=39.6427149722, Longitude=-82.81575425, BrightnessTotal=0.976001548061, exposureTime=0.009584, xResolution=4000, yResolution=3000, SaturationTotalRed=0.973850161111, SaturationTotalGreen=0.978836220588, SaturationTotalBlue=0.954534729412, time=0.575474537037, GreenIndex=7.535632, LAI=0.0, Utility=61.19398975720286]"
33,"[46,16]","[39.6427174, -82.8158563]",/data/chumley/tmp/Photos_01JUN2018//South_Path/Images/33.6Feet/Sorte_7/DJI_0019.JPG,"[45,16]","[47,16]","[46,17]","[46,15]","['Links/Photos_01JUN2018_67', [26, 8]]",[],"['Links/Photos_02Aug2018_33', '[52, 16]']",[],"[Latitude=39.6427181111, Longitude=-82.8158560278, BrightnessTotal=0.949544203911, exposureTime=0.007001, xResolution=4000, yResolution=3000, SaturationTotalRed=0.942621051307, SaturationTotalGreen=0.954710868301, SaturationTotalBlue=0.920914345425, time=0.57556712963, GreenIndex=11.7714453333, LAI=0.0, Utility=95.49069530027664]"
33,"[46,17]","[39.6427174, -82.8159604]",/data/chumley/tmp/Photos_01JUN2018//South_Path/Images/33.6Feet/Sorte_7/DJI_0020.JPG,"[45,17]","[47,17]","[46,18]","[46,16]","['Links/Photos_01JUN2018_67', [26, 8]]",[],"['Links/Photos_02Aug2018_33', '[52, 17]']",[],"[Latitude=39.6427158333, Longitude=-82.8159563333, BrightnessTotal=0.952220051953, exposureTime=0.006596, xResolution=4000, yResolution=3000, SaturationTotalRed=0.945591815033, SaturationTotalGreen=0.957742691176, SaturationTotalBlue=0.918759136928, time=0.575659722222, GreenIndex=13.10792, LAI=5.33333333333e-06, Utility=106.31243367898426]"
33,"[46,18]","[39.6427174, -82.8160646]",/data/chumley/tmp/Photos_01JUN2018//South_Path/Images/33.6Feet/Sorte_7/DJI_0021.JPG,"[45,18]","[47,18]","[46,19]","[46,17]","['Links/Photos_01JUN2018_67', [26, 9]]",[],"['Links/Photos_02Aug2018_33', '[52, 18]']",[],"[Latitude=39.6427167778, Longitude=-82.8160628056, BrightnessTotal=0.958190103743, exposureTime=0.006048, xResolution=4000, yResolution=3000, SaturationTotalRed=0.976086934967, SaturationTotalGreen=0.956258561438, SaturationTotalBlue=0.912697429085, time=0.575752314815, GreenIndex=6.14659733333, LAI=0.0, Utility=49.94576437465926]"
33,"[46,19]","[39.6427174, -82.8161688]",/data/chumley/tmp/Photos_01JUN2018//South_Path/Images/33.6Feet/Sorte_7/DJI_0022.JPG,"[45,19]","[47,19]","[46,20]","[46,18]","['Links/Photos_01JUN2018_67', [26, 9]]",[],"['Links/Photos_02Aug2018_33', '[52, 19]']",[],"[Latitude=39.6427163889, Longitude=-82.8161718611, BrightnessTotal=0.96228646078, exposureTime=0.006016, xResolution=4000, yResolution=3000, SaturationTotalRed=0.979317229412, SaturationTotalGreen=0.960781879085, SaturationTotalBlue=0.915534854248, time=0.575844907407, GreenIndex=6.93249066667, LAI=0.0, Utility=56.30944341592668]"
33,"[46,20]","[39.6427174, -82.8162729]",/data/chumley/tmp/Photos_01JUN2018//South_Path/Images/33.6Feet/Sorte_7/DJI_0023.JPG,"[45,20]","[47,20]","[46,21]","[46,19]","['Links/Photos_01JUN2018_67', [26, 10]]",[],"['Links/Photos_02Aug2018_33', '[52, 20]']",[],"[Latitude=39.6427172222, Longitude=-82.8162723889, BrightnessTotal=0.959678053486, exposureTime=0.005792, xResolution=4000, yResolution=3000, SaturationTotalRed=0.977999177124, SaturationTotalGreen=0.95792865817, SaturationTotalBlue=0.910633555882, time=0.5759375, GreenIndex=7.06008, LAI=0.0, Utility=57.34240360770554]"
33,"[46,21]","[39.6427174, -82.8163771]",/data/chumley/tmp/Photos_01JUN2018//South_Path/Images/33.6Feet/Sorte_7/DJI_0024.JPG,"[45,21]","[47,21]","[46,22]","[46,20]","['Links/Photos_01JUN2018_67', [26, 10]]",[],"['Links/Photos_02Aug2018_33', '[52, 21]']",[],"[Latitude=39.6427184444, Longitude=-82.8163748333, BrightnessTotal=0.96456828501, exposureTime=0.005855, xResolution=4000, yResolution=3000, SaturationTotalRed=0.981292511765, SaturationTotalGreen=0.963045766667, SaturationTotalBlue=0.919172847712, time=0.576018518519, GreenIndex=6.65122666667, LAI=0.0, Utility=54.03209321684852]"
33,"[46,22]","[39.6427174, -82.8164813]",/data/chumley/tmp/Photos_01JUN2018//South_Path/Images/33.6Feet/Sorte_7/DJI_0025.JPG,"[45,22]","[47,22]","[46,23]","[46,21]","['Links/Photos_01JUN2018_67', [26, 11]]",[],"['Links/Photos_02Aug2018_33', '[52, 22]']",[],"[Latitude=39.6427158611, Longitude=-82.8164763056, BrightnessTotal=0.959962290284, exposureTime=0.005427, xResolution=4000, yResolution=3000, SaturationTotalRed=0.977831558824, SaturationTotalGreen=0.958093664052, SaturationTotalBlue=0.913907361765, time=0.576122685185, GreenIndex=6.35248533333, LAI=0.0, Utility=51.612895539123826]"
33,"[46,23]","[39.6427174, -82.8165855]",/data/chumley/tmp/Photos_01JUN2018//South_Path/Images/33.6Feet/Sorte_7/DJI_0026.JPG,"[45,23]","[47,23]","[46,24]","[46,22]","['Links/Photos_01JUN2018_67', [26, 11]]",[],"['Links/Photos_02Aug2018_33', '[52, 23]']",[],"[Latitude=39.64271725, Longitude=-82.8165838611, BrightnessTotal=0.966663916661, exposureTime=0.005699, xResolution=4000, yResolution=3000, SaturationTotalRed=0.98117597549, SaturationTotalGreen=0.965676818627, SaturationTotalBlue=0.923926193464, time=0.576203703704, GreenIndex=6.80829866667, LAI=0.0, Utility=55.30401103913752]"
33,"[46,24]","[39.6427174, -82.8166896]",/data/chumley/tmp/Photos_01JUN2018//South_Path/Images/33.6Feet/Sorte_7/DJI_0027.JPG,"[45,24]","[47,24]","[46,25]","[46,23]","['Links/Photos_01JUN2018_67', [26, 12]]",[],"['Links/Photos_02Aug2018_33', '[52, 24]']",[],"[Latitude=39.6427170278, Longitude=-82.8166889167, BrightnessTotal=0.967358409399, exposureTime=0.005919, xResolution=4000, yResolution=3000, SaturationTotalRed=0.961515307843, SaturationTotalGreen=0.972571296078, SaturationTotalBlue=0.934325659477, time=0.576296296296, GreenIndex=12.6693066667, LAI=1.06666666667e-05, Utility=102.76154840700951]"
33,"[46,25]","[39.6427174, -82.8167938]",/data/chumley/tmp/Photos_01JUN2018//South_Path/Images/33.6Feet/Sorte_7/DJI_0028.JPG,"[45,25]","[47,25]","[46,26]","[46,24]","['Links/Photos_01JUN2018_67', [26, 12]]",[],"['Links/Photos_02Aug2018_33', '[52, 25]']",[],"[Latitude=39.6427191944, Longitude=-82.8167935, BrightnessTotal=0.962192813602, exposureTime=0.005951, xResolution=4000, yResolution=3000, SaturationTotalRed=0.958106437908, SaturationTotalGreen=0.966979621895, SaturationTotalBlue=0.927246630719, time=0.576388888889, GreenIndex=12.484208, LAI=5.33333333333e-06, Utility=101.26250310407731]"
33,"[46,26]","[39.6427174, -82.816898]",/data/chumley/tmp/Photos_01JUN2018//South_Path/Images/33.6Feet/Sorte_7/DJI_0029.JPG,"[45,26]","[47,26]","[46,27]","[46,25]","['Links/Photos_01JUN2018_67', [26, 13]]",[],"['Links/Photos_02Aug2018_33', '[52, 26]']",[],"[Latitude=39.642718, Longitude=-82.8168956667, BrightnessTotal=0.966632826974, exposureTime=0.006596, xResolution=4000, yResolution=3000, SaturationTotalRed=0.958566441176, SaturationTotalGreen=0.972516319281, SaturationTotalBlue=0.934602473529, time=0.576469907407, GreenIndex=13.304016, LAI=0.0, Utility=107.9008274134961]"
33,"[46,27]","[39.6427174, -82.8170021]",/data/chumley/tmp/Photos_01JUN2018//South_Path/Images/33.6Feet/Sorte_7/DJI_0030.JPG,"[45,27]","[47,27]","[46,28]","[46,26]","['Links/Photos_01JUN2018_67', [26, 13]]",[],"['Links/Photos_02Aug2018_33', '[52, 27]']",[],"[Latitude=39.6427165556, Longitude=-82.8169999444, BrightnessTotal=0.949869056677, exposureTime=0.005792, xResolution=4000, yResolution=3000, SaturationTotalRed=0.939470809477, SaturationTotalGreen=0.957041119935, SaturationTotalBlue=0.912634185621, time=0.5765625, GreenIndex=15.8987466667, LAI=0.0, Utility=128.90991230757135]"
33,"[46,28]","[39.6427174, -82.8171063]",/data/chumley/tmp/Photos_01JUN2018//South_Path/Images/33.6Feet/Sorte_7/DJI_0031.JPG,"[45,28]","[47,28]","[46,29]","[46,27]","['Links/Photos_01JUN2018_67', [26, 14]]",[],"['Links/Photos_02Aug2018_33', '[52, 28]']",[],"[Latitude=39.6427164722, Longitude=-82.8171037778, BrightnessTotal=0.958628680583, exposureTime=0.005311, xResolution=4000, yResolution=3000, SaturationTotalRed=0.950148652941, SaturationTotalGreen=0.965061526144, SaturationTotalBlue=0.922272154248, time=0.576643518519, GreenIndex=14.8235466667, LAI=0.0, Utility=120.20426854011903]"
33,"[46,29]","[39.6427174, -82.8172105]",/data/chumley/tmp/Photos_01JUN2018//South_Path/Images/33.6Feet/Sorte_7/DJI_0032.JPG,"[45,29]","[47,29]","[46,30]","[46,28]","['Links/Photos_01JUN2018_67', [26, 14]]",[],"['Links/Photos_02Aug2018_33', '[52, 29]']",[],"[Latitude=39.6427178889, Longitude=-82.8172112222, BrightnessTotal=0.969193296046, exposureTime=0.004277, xResolution=4000, yResolution=3000, SaturationTotalRed=0.965948715686, SaturationTotalGreen=0.974119765359, SaturationTotalBlue=0.929678856863, time=0.576736111111, GreenIndex=13.5488746667, LAI=5.33333333333e-06, Utility=109.88354066156941]"
33,"[46,30]","[39.6427174, -82.8173146]",/data/chumley/tmp/Photos_01JUN2018//South_Path/Images/33.6Feet/Sorte_7/DJI_0033.JPG,"[45,30]","[47,30]","[46,31]","[46,29]","['Links/Photos_01JUN2018_67', [26, 15]]",[],"['Links/Photos_02Aug2018_33', '[52, 30]']",[],"[Latitude=39.6427190278, Longitude=-82.8173134722, BrightnessTotal=0.951126810284, exposureTime=0.00449, xResolution=4000, yResolution=3000, SaturationTotalRed=0.945210481373, SaturationTotalGreen=0.956900947386, SaturationTotalBlue=0.912387301961, time=0.576828703704, GreenIndex=14.4250293333, LAI=3.2e-05, Utility=116.97700921771249]"
33,"[46,31]","[39.6427174, -82.8174188]",/data/chumley/tmp/Photos_01JUN2018//South_Path/Images/33.6Feet/Sorte_7/DJI_0034.JPG,"[45,31]","[47,31]","[46,32]","[46,30]","['Links/Photos_01JUN2018_67', [26, 15]]",[],"['Links/Photos_02Aug2018_33', '[52, 31]']",[],"[Latitude=39.6427168056, Longitude=-82.8174182778, BrightnessTotal=0.979748531542, exposureTime=0.006081, xResolution=4000, yResolution=3000, SaturationTotalRed=0.977363430719, SaturationTotalGreen=0.983089116013, SaturationTotalBlue=0.953844777778, time=0.576921296296, GreenIndex=9.03896, LAI=0.0, Utility=73.36660013759688]"
33,"[46,32]","[39.6427174, -82.817523]",/data/chumley/tmp/Photos_01JUN2018//South_Path/Images/33.6Feet/Sorte_7/DJI_0035.JPG,"[45,32]","[47,32]","[46,33]","[46,31]","['Links/Photos_01JUN2018_67', [26, 16]]",[],"['Links/Photos_02Aug2018_33', '[52, 32]']",[],"[Latitude=39.64271625, Longitude=-82.8175226389, BrightnessTotal=0.972170244285, exposureTime=0.006777, xResolution=4000, yResolution=3000, SaturationTotalRed=0.966700835294, SaturationTotalGreen=0.977117916013, SaturationTotalBlue=0.94058173268, time=0.577002314815, GreenIndex=12.096496, LAI=0.0, Utility=98.12353736777766]"
33,"[46,33]","[39.6427174, -82.8176271]",/data/chumley/tmp/Photos_01JUN2018//South_Path/Images/33.6Feet/Sorte_7/DJI_0036.JPG,"[45,33]","[47,33]","[46,34]","[46,32]","['Links/Photos_01JUN2018_67', [26, 16]]",[],"['Links/Photos_02Aug2018_33', '[52, 33]']",[],"[Latitude=39.642719, Longitude=-82.8176261944, BrightnessTotal=0.950724870488, exposureTime=0.004923, xResolution=4000, yResolution=3000, SaturationTotalRed=0.940194753268, SaturationTotalGreen=0.957500969608, SaturationTotalBlue=0.918178580719, time=0.577094907407, GreenIndex=14.5681493333, LAI=2.13333333333e-05, Utility=118.13583387908436]"
33,"[46,34]","[39.6427174, -82.8177313]",/data/chumley/tmp/Photos_01JUN2018//South_Path/Images/33.6Feet/Sorte_7/DJI_0037.JPG,"[45,34]","[47,34]","[46,35]","[46,33]","['Links/Photos_01JUN2018_67', [26, 17]]",[],"['Links/Photos_02Aug2018_33', '[52, 34]']",[],"[Latitude=39.6427181944, Longitude=-82.8177305278, BrightnessTotal=0.960813711101, exposureTime=0.004715, xResolution=4000, yResolution=3000, SaturationTotalRed=0.953199574837, SaturationTotalGreen=0.966654538562, SaturationTotalBlue=0.927584038235, time=0.5771875, GreenIndex=13.5043893333, LAI=1.06666666667e-05, Utility=109.52287823955413]"
33,"[46,35]","[39.6427174, -82.8178355]",/data/chumley/tmp/Photos_01JUN2018//South_Path/Images/33.6Feet/Sorte_7/DJI_0038.JPG,"[45,35]","[47,35]","[46,36]","[46,34]","['Links/Photos_01JUN2018_67', [26, 17]]",[],"['Links/Photos_02Aug2018_33', '[52, 35]']",[],"[Latitude=39.6427168056, Longitude=-82.8178355556, BrightnessTotal=0.970962703291, exposureTime=0.005487, xResolution=4000, yResolution=3000, SaturationTotalRed=0.968358362092, SaturationTotalGreen=0.974276598366, SaturationTotalBlue=0.946130385294, time=0.577268518519, GreenIndex=8.78965333333, LAI=0.0, Utility=71.3474462867631]"
33,"[46,36]","[39.6427174, -82.8179397]",/data/chumley/tmp/Photos_01JUN2018//South_Path/Images/33.6Feet/Sorte_7/DJI_0039.JPG,"[45,36]","[47,36]","[46,37]","[46,35]","['Links/Photos_01JUN2018_67', [26, 18]]",[],"['Links/Photos_02Aug2018_33', '[52, 36]']",[],"[Latitude=39.6427161667, Longitude=-82.81794125, BrightnessTotal=0.980073848734, exposureTime=0.006596, xResolution=4000, yResolution=3000, SaturationTotalRed=0.975948097059, SaturationTotalGreen=0.984305265359, SaturationTotalBlue=0.951146846732, time=0.577361111111, GreenIndex=10.6965546667, LAI=0.0, Utility=86.78833252010634]"
33,"[46,37]","[39.6427174, -82.8180438]",/data/chumley/tmp/Photos_01JUN2018//South_Path/Images/33.6Feet/Sorte_7/DJI_0040.JPG,"[45,37]","[47,37]","[46,38]","[46,36]","['Links/Photos_01JUN2018_67', [26, 18]]",[],"['Links/Photos_02Aug2018_33', '[52, 37]']",[],"[Latitude=39.6427191667, Longitude=-82.8180396111, BrightnessTotal=0.964362056632, exposureTime=0.004897, xResolution=4000, yResolution=3000, SaturationTotalRed=0.961407505556, SaturationTotalGreen=0.967710487908, SaturationTotalBlue=0.940435430065, time=0.57744212963, GreenIndex=8.628384, LAI=0.0, Utility=70.0412777085087]"
33,"[46,38]","[39.6427174, -82.818148]",/data/chumley/tmp/Photos_01JUN2018//South_Path/Images/33.6Feet/Sorte_7/DJI_0041.JPG,"[45,38]","[47,38]","[46,39]","[46,37]","['Links/Photos_01JUN2018_67', [26, 19]]",[],"['Links/Photos_02Aug2018_33', '[52, 38]']",[],"[Latitude=39.6427177222, Longitude=-82.8181493889, BrightnessTotal=0.986424574022, exposureTime=0.00743, xResolution=4000, yResolution=3000, SaturationTotalRed=0.993005576144, SaturationTotalGreen=0.98650400817, SaturationTotalBlue=0.961911111438, time=0.577534722222, GreenIndex=4.7352, LAI=0.0, Utility=38.51862348156581]"
33,"[46,39]","[39.6427174, -82.8182522]",/data/chumley/tmp/Photos_01JUN2018//South_Path/Images/33.6Feet/Sorte_7/DJI_0042.JPG,"[45,39]","[47,39]","[46,40]","[46,38]","['Links/Photos_01JUN2018_67', [26, 19]]",[],"['Links/Photos_02Aug2018_33', '[52, 39]']",[],"[Latitude=39.6427173333, Longitude=-82.8182504444, BrightnessTotal=0.971196728541, exposureTime=0.005792, xResolution=4000, yResolution=3000, SaturationTotalRed=0.969175626471, SaturationTotalGreen=0.974332454575, SaturationTotalBlue=0.946112405556, time=0.577627314815, GreenIndex=8.584512, LAI=0.0, Utility=69.68633736336781]"
33,"[46,40]","[39.6427174, -82.8183563]",/data/chumley/tmp/Photos_01JUN2018//South_Path/Images/33.6Feet/Sorte_7/DJI_0043.JPG,"[45,40]","[47,40]","[46,41]","[46,39]","['Links/Photos_01JUN2018_67', [26, 20]]",[],"['Links/Photos_02Aug2018_33', '[52, 40]']",[],"[Latitude=39.6427177778, Longitude=-82.8183536944, BrightnessTotal=0.971482923053, exposureTime=0.005668, xResolution=4000, yResolution=3000, SaturationTotalRed=0.967645640523, SaturationTotalGreen=0.975387916993, SaturationTotalBlue=0.944931630065, time=0.577708333333, GreenIndex=9.83893333333, LAI=0.0, Utility=79.8435755515796]"
33,"[46,41]","[39.6427174, -82.8184605]",/data/chumley/tmp/Photos_01JUN2018//South_Path/Images/33.6Feet/Sorte_7/DJI_0044.JPG,"[45,41]","[47,41]","[46,42]","[46,40]","['Links/Photos_01JUN2018_67', [26, 20]]",[],"['Links/Photos_02Aug2018_33', '[52, 41]']",[],"[Latitude=39.6427171944, Longitude=-82.8184591667, BrightnessTotal=0.96197314669, exposureTime=0.005311, xResolution=4000, yResolution=3000, SaturationTotalRed=0.956338230392, SaturationTotalGreen=0.966955791503, SaturationTotalBlue=0.93061062451, time=0.577800925926, GreenIndex=12.0720533333, LAI=5.33333333333e-06, Utility=97.92499707585387]"
33,"[46,42]","[39.6427174, -82.8185647]",/data/chumley/tmp/Photos_01JUN2018//South_Path/Images/33.6Feet/Sorte_7/DJI_0045.JPG,"[45,42]","[47,42]","[46,43]","[46,41]","['Links/Photos_01JUN2018_67', [26, 21]]",[],"['Links/Photos_02Aug2018_33', '[52, 42]']",[],"[Latitude=39.6427180556, Longitude=-82.8185639722, BrightnessTotal=0.966225194006, exposureTime=0.005031, xResolution=4000, yResolution=3000, SaturationTotalRed=0.981009916993, SaturationTotalGreen=0.964776097712, SaturationTotalBlue=0.927358111111, time=0.577881944444, GreenIndex=5.52819733333, LAI=0.0, Utility=44.938554770436866]"
33,"[46,43]","[39.6427174, -82.8186688]",/data/chumley/tmp/Photos_01JUN2018//South_Path/Images/33.6Feet/Sorte_7/DJI_0046.JPG,"[45,43]","[47,43]",[],"[46,42]","['Links/Photos_01JUN2018_67', [26, 21]]",[],"['Links/Photos_02Aug2018_33', '[52, 43]']",[],"[Latitude=39.6427177222, Longitude=-82.8186691667, BrightnessTotal=0.960609781709, exposureTime=0.004515, xResolution=4000, yResolution=3000, SaturationTotalRed=0.978207069608, SaturationTotalGreen=0.958448384641, SaturationTotalBlue=0.918696183987, time=0.577974537037, GreenIndex=5.210672, LAI=0.0, Utility=42.36720396957589]"
33,"[47,0]","[39.6426105, -82.8141896]",/data/chumley/tmp/Photos_01JUN2018//South_Path/Images/33.6Feet/Sorte_7/DJI_0090.JPG,"[46,0]","[48,0]","[47,1]",[],"['Links/Photos_01JUN2018_67', [26, 0]]",[],"['Links/Photos_02Aug2018_33', '[53, 0]']",[],"[Latitude=39.6426100833, Longitude=-82.8141926389, BrightnessTotal=0.955563827215, exposureTime=0.005398, xResolution=4000, yResolution=3000, SaturationTotalRed=0.932452967974, SaturationTotalGreen=0.969234343137, SaturationTotalBlue=0.894627748039, time=0.581921296296, GreenIndex=28.57832, LAI=0.0, Utility=231.57768891186134]"
33,"[47,1]","[39.6426105, -82.8142937]",/data/chumley/tmp/Photos_01JUN2018//South_Path/Images/33.6Feet/Sorte_7/DJI_0089.JPG,"[46,1]","[48,1]","[47,2]","[47,0]","['Links/Photos_01JUN2018_67', [26, 0]]",[],"['Links/Photos_02Aug2018_33', '[53, 1]']",[],"[Latitude=39.6426093611, Longitude=-82.8142978056, BrightnessTotal=0.982444091888, exposureTime=0.005792, xResolution=4000, yResolution=3000, SaturationTotalRed=0.992036927778, SaturationTotalGreen=0.982703548693, SaturationTotalBlue=0.944926730065, time=0.581828703704, GreenIndex=7.358176, LAI=0.0, Utility=59.75632733123984]"
33,"[47,2]","[39.6426105, -82.8143979]",/data/chumley/tmp/Photos_01JUN2018//South_Path/Images/33.6Feet/Sorte_7/DJI_0088.JPG,"[46,2]","[48,2]","[47,3]","[47,1]","['Links/Photos_01JUN2018_67', [26, 1]]",[],"['Links/Photos_02Aug2018_33', '[53, 2]']",[],"[Latitude=39.6426091667, Longitude=-82.8144013056, BrightnessTotal=0.986509382799, exposureTime=0.007759, xResolution=4000, yResolution=3000, SaturationTotalRed=0.993858079085, SaturationTotalGreen=0.987158897712, SaturationTotalBlue=0.953203103268, time=0.581747685185, GreenIndex=7.08477333333, LAI=0.0, Utility=57.54277026603045]"
33,"[47,3]","[39.6426105, -82.8145021]",/data/chumley/tmp/Photos_01JUN2018//South_Path/Images/33.6Feet/Sorte_7/DJI_0087.JPG,"[46,3]","[48,3]","[47,4]","[47,2]","['Links/Photos_01JUN2018_67', [26, 1]]",[],"['Links/Photos_02Aug2018_33', '[53, 3]']",[],"[Latitude=39.6426091944, Longitude=-82.8145059444, BrightnessTotal=0.980273735896, exposureTime=0.00735, xResolution=4000, yResolution=3000, SaturationTotalRed=0.98940541634, SaturationTotalGreen=0.981169050327, SaturationTotalBlue=0.937734097386, time=0.581655092593, GreenIndex=9.15990933333, LAI=0.0, Utility=74.3451446255051]"
33,"[47,4]","[39.6426105, -82.8146062]",/data/chumley/tmp/Photos_01JUN2018//South_Path/Images/33.6Feet/Sorte_7/DJI_0086.JPG,"[46,4]","[48,4]","[47,5]","[47,3]","['Links/Photos_01JUN2018_67', [26, 2]]",[],"['Links/Photos_02Aug2018_33', '[53, 4]']",[],"[Latitude=39.64261, Longitude=-82.8146115556, BrightnessTotal=0.984223718815, exposureTime=0.007676, xResolution=4000, yResolution=3000, SaturationTotalRed=0.990738762092, SaturationTotalGreen=0.985256326144, SaturationTotalBlue=0.949962268301, time=0.5815625, GreenIndex=7.74561066667, LAI=0.0, Utility=62.89358741038853]"
33,"[47,5]","[39.6426105, -82.8147104]",/data/chumley/tmp/Photos_01JUN2018//South_Path/Images/33.6Feet/Sorte_7/DJI_0085.JPG,"[46,5]","[48,5]","[47,6]","[47,4]","['Links/Photos_01JUN2018_67', [26, 2]]",[],"['Links/Photos_02Aug2018_33', '[53, 5]']",[],"[Latitude=39.6426093889, Longitude=-82.8147168056, BrightnessTotal=0.97826632885, exposureTime=0.007001, xResolution=4000, yResolution=3000, SaturationTotalRed=0.987994306536, SaturationTotalGreen=0.978765744118, SaturationTotalBlue=0.93770050098, time=0.581481481481, GreenIndex=8.29605866667, LAI=0.0, Utility=67.3503505795835]"
33,"[47,6]","[39.6426105, -82.8148146]",/data/chumley/tmp/Photos_01JUN2018//South_Path/Images/33.6Feet/Sorte_7/DJI_0084.JPG,"[46,6]","[48,6]","[47,7]","[47,5]","['Links/Photos_01JUN2018_67', [26, 3]]",[],"['Links/Photos_02Aug2018_33', '[53, 6]']",[],"[Latitude=39.64260925, Longitude=-82.8148197222, BrightnessTotal=0.981541350166, exposureTime=0.007271, xResolution=4000, yResolution=3000, SaturationTotalRed=0.990272260458, SaturationTotalGreen=0.982270972222, SaturationTotalBlue=0.942257218954, time=0.581388888889, GreenIndex=8.352416, LAI=0.0, Utility=67.80686353622956]"
33,"[47,7]","[39.6426105, -82.8149187]",/data/chumley/tmp/Photos_01JUN2018//South_Path/Images/33.6Feet/Sorte_7/DJI_0083.JPG,"[46,7]","[48,7]","[47,8]","[47,6]","['Links/Photos_01JUN2018_67', [26, 3]]",[],"['Links/Photos_02Aug2018_33', '[53, 7]']",[],"[Latitude=39.6426101667, Longitude=-82.8149242778, BrightnessTotal=0.980247572234, exposureTime=0.007232, xResolution=4000, yResolution=3000, SaturationTotalRed=0.988618863725, SaturationTotalGreen=0.981214281046, SaturationTotalBlue=0.939788784314, time=0.581296296296, GreenIndex=8.82709333333, LAI=0.0, Utility=71.65034633238758]"
33,"[47,8]","[39.6426105, -82.8150229]",/data/chumley/tmp/Photos_01JUN2018//South_Path/Images/33.6Feet/Sorte_7/DJI_0082.JPG,"[46,8]","[48,8]","[47,9]","[47,7]","['Links/Photos_01JUN2018_67', [26, 4]]",[],"['Links/Photos_02Aug2018_33', '[53, 8]']",[],"[Latitude=39.6426098056, Longitude=-82.8150268333, BrightnessTotal=0.980281857975, exposureTime=0.00649, xResolution=4000, yResolution=3000, SaturationTotalRed=0.988304362092, SaturationTotalGreen=0.981033834967, SaturationTotalBlue=0.943394445098, time=0.581215277778, GreenIndex=7.87606933333, LAI=0.0, Utility=63.94978628332406]"
33,"[47,9]","[39.6426105, -82.8151271]",/data/chumley/tmp/Photos_01JUN2018//South_Path/Images/33.6Feet/Sorte_7/DJI_0081.JPG,"[46,9]","[48,9]","[47,10]","[47,8]","['Links/Photos_01JUN2018_67', [26, 4]]",[],"['Links/Photos_02Aug2018_33', '[53, 9]']",[],"[Latitude=39.6426105, Longitude=-82.815132, BrightnessTotal=0.96449478093, exposureTime=0.005699, xResolution=4000, yResolution=3000, SaturationTotalRed=0.978406455882, SaturationTotalGreen=0.964166307516, SaturationTotalBlue=0.917002621895, time=0.581122685185, GreenIndex=8.519184, LAI=0.0, Utility=69.15639357104762]"
33,"[47,10]","[39.6426105, -82.8152313]",/data/chumley/tmp/Photos_01JUN2018//South_Path/Images/33.6Feet/Sorte_7/DJI_0080.JPG,"[46,10]","[48,10]","[47,11]","[47,9]","['Links/Photos_01JUN2018_67', [26, 5]]",[],"['Links/Photos_02Aug2018_33', '[53, 10]']",[],"[Latitude=39.6426112222, Longitude=-82.8152346111, BrightnessTotal=0.977595351198, exposureTime=0.006282, xResolution=4000, yResolution=3000, SaturationTotalRed=0.987813470915, SaturationTotalGreen=0.978042373203, SaturationTotalBlue=0.935752840523, time=0.581030092593, GreenIndex=8.44288533333, LAI=0.0, Utility=68.53926417988967]"
33,"[47,11]","[39.6426105, -82.8153354]",/data/chumley/tmp/Photos_01JUN2018//South_Path/Images/33.6Feet/Sorte_7/DJI_0079.JPG,"[46,11]","[48,11]","[47,12]","[47,10]","['Links/Photos_01JUN2018_67', [26, 5]]",[],"['Links/Photos_02Aug2018_33', '[53, 11]']",[],"[Latitude=39.6426118056, Longitude=-82.8153386111, BrightnessTotal=0.968671783827, exposureTime=0.005516, xResolution=4000, yResolution=3000, SaturationTotalRed=0.981510377451, SaturationTotalGreen=0.968700354902, SaturationTotalBlue=0.921426261765, time=0.5809375, GreenIndex=8.906144, LAI=0.0, Utility=72.28990204328419]"
33,"[47,12]","[39.6426105, -82.8154396]",/data/chumley/tmp/Photos_01JUN2018//South_Path/Images/33.6Feet/Sorte_7/DJI_0078.JPG,"[46,12]","[48,12]","[47,13]","[47,11]","['Links/Photos_01JUN2018_67', [26, 6]]",[],"['Links/Photos_02Aug2018_33', '[53, 12]']",[],"[Latitude=39.6426093056, Longitude=-82.8154427222, BrightnessTotal=0.973467790713, exposureTime=0.006114, xResolution=4000, yResolution=3000, SaturationTotalRed=0.967226672549, SaturationTotalGreen=0.978878062745, SaturationTotalBlue=0.939803363399, time=0.580856481481, GreenIndex=13.0655946667, LAI=0.0, Utility=105.96990970478711]"
33,"[47,13]","[39.6426105, -82.8155438]",/data/chumley/tmp/Photos_01JUN2018//South_Path/Images/33.6Feet/Sorte_7/DJI_0077.JPG,"[46,13]","[48,13]","[47,14]","[47,12]","['Links/Photos_01JUN2018_67', [26, 6]]",[],"['Links/Photos_02Aug2018_33', '[53, 13]']",[],"[Latitude=39.6426090278, Longitude=-82.8155498333, BrightnessTotal=0.979424247891, exposureTime=0.00739, xResolution=4000, yResolution=3000, SaturationTotalRed=0.99146032549, SaturationTotalGreen=0.979251532026, SaturationTotalBlue=0.937356367647, time=0.580763888889, GreenIndex=7.760224, LAI=0.0, Utility=63.01178188818668]"
33,"[47,14]","[39.6426105, -82.8156479]",/data/chumley/tmp/Photos_01JUN2018//South_Path/Images/33.6Feet/Sorte_7/DJI_0076.JPG,"[46,14]","[48,14]","[47,15]","[47,13]","['Links/Photos_01JUN2018_67', [26, 7]]",[],"['Links/Photos_02Aug2018_33', '[53, 14]']",[],"[Latitude=39.6426101389, Longitude=-82.8156533611, BrightnessTotal=0.98633398516, exposureTime=0.009379, xResolution=4000, yResolution=3000, SaturationTotalRed=0.994606216667, SaturationTotalGreen=0.986219022549, SaturationTotalBlue=0.957644182026, time=0.580671296296, GreenIndex=5.27758933333, LAI=0.0, Utility=42.90990590105912]"
33,"[47,15]","[39.6426105, -82.8157521]",/data/chumley/tmp/Photos_01JUN2018//South_Path/Images/33.6Feet/Sorte_7/DJI_0075.JPG,"[46,15]","[48,15]","[47,16]","[47,14]","['Links/Photos_01JUN2018_67', [26, 7]]",[],"['Links/Photos_02Aug2018_33', '[53, 15]']",[],"[Latitude=39.64260975, Longitude=-82.8157628333, BrightnessTotal=0.960117901534, exposureTime=0.007311, xResolution=4000, yResolution=3000, SaturationTotalRed=0.955943908497, SaturationTotalGreen=0.964338894118, SaturationTotalBlue=0.931464282353, time=0.580578703704, GreenIndex=10.5715306667, LAI=0.0, Utility=85.77450359040881]"
33,"[47,16]","[39.6426105, -82.8158563]",/data/chumley/tmp/Photos_01JUN2018//South_Path/Images/33.6Feet/Sorte_7/DJI_0074.JPG,"[46,16]","[48,16]","[47,17]","[47,15]","['Links/Photos_01JUN2018_67', [26, 8]]",[],"['Links/Photos_02Aug2018_33', '[53, 16]']",[],"[Latitude=39.6426088056, Longitude=-82.815864, BrightnessTotal=0.965326890506, exposureTime=0.006596, xResolution=4000, yResolution=3000, SaturationTotalRed=0.961327074837, SaturationTotalGreen=0.968988308497, SaturationTotalBlue=0.941912343791, time=0.580486111111, GreenIndex=8.927808, LAI=5.33333333333e-06, Utility=72.46531567754188]"
33,"[47,17]","[39.6426105, -82.8159604]",/data/chumley/tmp/Photos_01JUN2018//South_Path/Images/33.6Feet/Sorte_7/DJI_0073.JPG,"[46,17]","[48,17]","[47,18]","[47,16]","['Links/Photos_01JUN2018_67', [26, 8]]",[],"['Links/Photos_02Aug2018_33', '[53, 17]']",[],"[Latitude=39.6426124444, Longitude=-82.8159671111, BrightnessTotal=0.960851632836, exposureTime=0.006214, xResolution=4000, yResolution=3000, SaturationTotalRed=0.955601994444, SaturationTotalGreen=0.965232304902, SaturationTotalBlue=0.934425923529, time=0.580393518519, GreenIndex=10.4123733333, LAI=0.0, Utility=84.48585650243726]"
33,"[47,18]","[39.6426105, -82.8160646]",/data/chumley/tmp/Photos_01JUN2018//South_Path/Images/33.6Feet/Sorte_7/DJI_0072.JPG,"[46,18]","[48,18]","[47,19]","[47,17]","['Links/Photos_01JUN2018_67', [26, 9]]",[],"['Links/Photos_02Aug2018_33', '[53, 18]']",[],"[Latitude=39.6426113611, Longitude=-82.8160701111, BrightnessTotal=0.962845861189, exposureTime=0.005457, xResolution=4000, yResolution=3000, SaturationTotalRed=0.958891736275, SaturationTotalGreen=0.967093648693, SaturationTotalBlue=0.933111616013, time=0.5803125, GreenIndex=10.8497173333, LAI=0.0, Utility=88.02719609623115]"
33,"[47,19]","[39.6426105, -82.8161688]",/data/chumley/tmp/Photos_01JUN2018//South_Path/Images/33.6Feet/Sorte_7/DJI_0071.JPG,"[46,19]","[48,19]","[47,20]","[47,18]","['Links/Photos_01JUN2018_67', [26, 9]]",[],"['Links/Photos_02Aug2018_33', '[53, 19]']",[],"[Latitude=39.6426105, Longitude=-82.8161711667, BrightnessTotal=0.964393256469, exposureTime=0.005637, xResolution=4000, yResolution=3000, SaturationTotalRed=0.980986769608, SaturationTotalGreen=0.962821211111, SaturationTotalBlue=0.920018789216, time=0.580219907407, GreenIndex=6.40157866667, LAI=0.0, Utility=52.00996983855223]"
33,"[47,20]","[39.6426105, -82.8162729]",/data/chumley/tmp/Photos_01JUN2018//South_Path/Images/33.6Feet/Sorte_7/DJI_0070.JPG,"[46,20]","[48,20]","[47,21]","[47,19]","['Links/Photos_01JUN2018_67', [26, 10]]",[],"['Links/Photos_02Aug2018_33', '[53, 20]']",[],"[Latitude=39.6426101667, Longitude=-82.8162738611, BrightnessTotal=0.962551219014, exposureTime=0.005823, xResolution=4000, yResolution=3000, SaturationTotalRed=0.979848728431, SaturationTotalGreen=0.960761677451, SaturationTotalBlue=0.917824832353, time=0.580127314815, GreenIndex=6.21343466667, LAI=0.0, Utility=50.48646323294718]"
33,"[47,21]","[39.6426105, -82.8163771]",/data/chumley/tmp/Photos_01JUN2018//South_Path/Images/33.6Feet/Sorte_7/DJI_0069.JPG,"[46,21]","[48,21]","[47,22]","[47,20]","['Links/Photos_01JUN2018_67', [26, 10]]",[],"['Links/Photos_02Aug2018_33', '[53, 21]']",[],"[Latitude=39.6426110556, Longitude=-82.8163801111, BrightnessTotal=0.96493771616, exposureTime=0.006016, xResolution=4000, yResolution=3000, SaturationTotalRed=0.961597987582, SaturationTotalGreen=0.969119528431, SaturationTotalBlue=0.933660030065, time=0.580046296296, GreenIndex=11.069168, LAI=1.6e-05, Utility=89.80426125318733]"
33,"[47,22]","[39.6426105, -82.8164813]",/data/chumley/tmp/Photos_01JUN2018//South_Path/Images/33.6Feet/Sorte_7/DJI_0068.JPG,"[46,22]","[48,22]","[47,23]","[47,21]","['Links/Photos_01JUN2018_67', [26, 11]]",[],"['Links/Photos_02Aug2018_33', '[53, 22]']",[],"[Latitude=39.642611, Longitude=-82.8164856667, BrightnessTotal=0.968875721514, exposureTime=0.006048, xResolution=4000, yResolution=3000, SaturationTotalRed=0.965427378758, SaturationTotalGreen=0.97289095, SaturationTotalBlue=0.939751209477, time=0.579953703704, GreenIndex=10.4466133333, LAI=0.0, Utility=84.76355429901778]"
33,"[47,23]","[39.6426105, -82.8165855]",/data/chumley/tmp/Photos_01JUN2018//South_Path/Images/33.6Feet/Sorte_7/DJI_0067.JPG,"[46,23]","[48,23]","[47,24]","[47,22]","['Links/Photos_01JUN2018_67', [26, 11]]",[],"['Links/Photos_02Aug2018_33', '[53, 23]']",[],"[Latitude=39.6426104444, Longitude=-82.8165926667, BrightnessTotal=0.97327362852, exposureTime=0.006147, xResolution=4000, yResolution=3000, SaturationTotalRed=0.984875023203, SaturationTotalGreen=0.972615412418, SaturationTotalBlue=0.937957502288, time=0.579861111111, GreenIndex=5.86191466667, LAI=0.0, Utility=47.64075071474695]"
33,"[47,24]","[39.6426105, -82.8166896]",/data/chumley/tmp/Photos_01JUN2018//South_Path/Images/33.6Feet/Sorte_7/DJI_0066.JPG,"[46,24]","[48,24]","[47,25]","[47,23]","['Links/Photos_01JUN2018_67', [26, 12]]",[],"['Links/Photos_02Aug2018_33', '[53, 24]']",[],"[Latitude=39.6426098889, Longitude=-82.8166931389, BrightnessTotal=0.962011792369, exposureTime=0.005637, xResolution=4000, yResolution=3000, SaturationTotalRed=0.956034527124, SaturationTotalGreen=0.966912762418, SaturationTotalBlue=0.932755895098, time=0.579768518519, GreenIndex=11.5825066667, LAI=5.33333333333e-06, Utility=93.96075331895842]"
33,"[47,25]","[39.6426105, -82.8167938]",/data/chumley/tmp/Photos_01JUN2018//South_Path/Images/33.6Feet/Sorte_7/DJI_0065.JPG,"[46,25]","[48,25]","[47,26]","[47,24]","['Links/Photos_01JUN2018_67', [26, 12]]",[],"['Links/Photos_02Aug2018_33', '[53, 25]']",[],"[Latitude=39.6426113611, Longitude=-82.8167967778, BrightnessTotal=0.969849241211, exposureTime=0.00649, xResolution=4000, yResolution=3000, SaturationTotalRed=0.963092976797, SaturationTotalGreen=0.974659194118, SaturationTotalBlue=0.944377530392, time=0.579675925926, GreenIndex=10.7497173333, LAI=0.0, Utility=87.21793920814913]"
33,"[47,26]","[39.6426105, -82.816898]",/data/chumley/tmp/Photos_01JUN2018//South_Path/Images/33.6Feet/Sorte_7/DJI_0064.JPG,"[46,26]","[48,26]","[47,27]","[47,25]","['Links/Photos_01JUN2018_67', [26, 13]]",[],"['Links/Photos_02Aug2018_33', '[53, 26]']",[],"[Latitude=39.6426111111, Longitude=-82.8169022222, BrightnessTotal=0.965660018762, exposureTime=0.006454, xResolution=4000, yResolution=3000, SaturationTotalRed=0.959197964052, SaturationTotalGreen=0.970430994118, SaturationTotalBlue=0.939530872222, time=0.579583333333, GreenIndex=10.8320373333, LAI=5.33333333333e-06, Utility=87.88430612566816]"
33,"[47,27]","[39.6426105, -82.8170021]",/data/chumley/tmp/Photos_01JUN2018//South_Path/Images/33.6Feet/Sorte_7/DJI_0063.JPG,"[46,27]","[48,27]","[47,28]","[47,26]","['Links/Photos_01JUN2018_67', [26, 13]]",[],"['Links/Photos_02Aug2018_33', '[53, 27]']",[],"[Latitude=39.6426116667, Longitude=-82.81700575, BrightnessTotal=0.953055148715, exposureTime=0.005792, xResolution=4000, yResolution=3000, SaturationTotalRed=0.945376034967, SaturationTotalGreen=0.958783078431, SaturationTotalBlue=0.921249695752, time=0.579490740741, GreenIndex=13.096112, LAI=0.0, Utility=106.21624906429534]"
33,"[47,28]","[39.6426105, -82.8171063]",/data/chumley/tmp/Photos_01JUN2018//South_Path/Images/33.6Feet/Sorte_7/DJI_0062.JPG,"[46,28]","[48,28]","[47,29]","[47,27]","['Links/Photos_01JUN2018_67', [26, 14]]",[],"['Links/Photos_02Aug2018_33', '[53, 28]']",[],"[Latitude=39.6426109722, Longitude=-82.8171081389, BrightnessTotal=0.956029929453, exposureTime=0.005761, xResolution=4000, yResolution=3000, SaturationTotalRed=0.949858754575, SaturationTotalGreen=0.961236938562, SaturationTotalBlue=0.924245869935, time=0.579409722222, GreenIndex=12.4348106667, LAI=5.33333333333e-06, Utility=100.86174820734406]"
33,"[47,29]","[39.6426105, -82.8172105]",/data/chumley/tmp/Photos_01JUN2018//South_Path/Images/33.6Feet/Sorte_7/DJI_0061.JPG,"[46,29]","[48,29]","[47,30]","[47,28]","['Links/Photos_01JUN2018_67', [26, 14]]",[],"['Links/Photos_02Aug2018_33', '[53, 29]']",[],"[Latitude=39.6426109722, Longitude=-82.8172137222, BrightnessTotal=0.964405084846, exposureTime=0.006048, xResolution=4000, yResolution=3000, SaturationTotalRed=0.957192640523, SaturationTotalGreen=0.969538166993, SaturationTotalBlue=0.937187186275, time=0.57931712963, GreenIndex=11.4701386667, LAI=5.33333333333e-06, Utility=93.05108872352817]"
33,"[47,30]","[39.6426105, -82.8173146]",/data/chumley/tmp/Photos_01JUN2018//South_Path/Images/33.6Feet/Sorte_7/DJI_0060.JPG,"[46,30]","[48,30]","[47,31]","[47,29]","['Links/Photos_01JUN2018_67', [26, 15]]",[],"['Links/Photos_02Aug2018_33', '[53, 30]']",[],"[Latitude=39.6426091944, Longitude=-82.8173135, BrightnessTotal=0.913214564016, exposureTime=0.004029, xResolution=4000, yResolution=3000, SaturationTotalRed=0.905985474837, SaturationTotalGreen=0.91901029085, SaturationTotalBlue=0.879011693137, time=0.579224537037, GreenIndex=13.6507946667, LAI=0.000117333333333, Utility=110.70569900494033]"
33,"[47,31]","[39.6426105, -82.8174188]",/data/chumley/tmp/Photos_01JUN2018//South_Path/Images/33.6Feet/Sorte_7/DJI_0059.JPG,"[46,31]","[48,31]","[47,32]","[47,30]","['Links/Photos_01JUN2018_67', [26, 15]]",[],"['Links/Photos_02Aug2018_33', '[53, 31]']",[],"[Latitude=39.6426117778, Longitude=-82.8174222778, BrightnessTotal=0.942885489654, exposureTime=0.004818, xResolution=4000, yResolution=3000, SaturationTotalRed=0.937304303268, SaturationTotalGreen=0.947734725163, SaturationTotalBlue=0.912721327451, time=0.579143518519, GreenIndex=11.690976, LAI=3.73333333333e-05, Utility=94.83821495104827]"
33,"[47,32]","[39.6426105, -82.817523]",/data/chumley/tmp/Photos_01JUN2018//South_Path/Images/33.6Feet/Sorte_7/DJI_0058.JPG,"[46,32]","[48,32]","[47,33]","[47,31]","['Links/Photos_01JUN2018_67', [26, 16]]",[],"['Links/Photos_02Aug2018_33', '[53, 32]']",[],"[Latitude=39.6426111944, Longitude=-82.8175255833, BrightnessTotal=0.941582878179, exposureTime=0.004766, xResolution=4000, yResolution=3000, SaturationTotalRed=0.936788614052, SaturationTotalGreen=0.946239244771, SaturationTotalBlue=0.910586982026, time=0.579050925926, GreenIndex=11.5969973333, LAI=2.13333333333e-05, Utility=94.0772038725252]"
33,"[47,33]","[39.6426105, -82.8176271]",/data/chumley/tmp/Photos_01JUN2018//South_Path/Images/33.6Feet/Sorte_7/DJI_0057.JPG,"[46,33]","[48,33]","[47,34]","[47,32]","['Links/Photos_01JUN2018_67', [26, 16]]",[],"['Links/Photos_02Aug2018_33', '[53, 33]']",[],"[Latitude=39.6426112222, Longitude=-82.8176301111, BrightnessTotal=0.941587801675, exposureTime=0.004418, xResolution=4000, yResolution=3000, SaturationTotalRed=0.937803369608, SaturationTotalGreen=0.945396451307, SaturationTotalBlue=0.915840417974, time=0.578958333333, GreenIndex=9.56994133333, LAI=2.13333333333e-05, Utility=77.66385401058504]"
33,"[47,34]","[39.6426105, -82.8177313]",/data/chumley/tmp/Photos_01JUN2018//South_Path/Images/33.6Feet/Sorte_7/DJI_0056.JPG,"[46,34]","[48,34]","[47,35]","[47,33]","['Links/Photos_01JUN2018_67', [26, 17]]",[],"['Links/Photos_02Aug2018_33', '[53, 34]']",[],"[Latitude=39.6426112778, Longitude=-82.8177343333, BrightnessTotal=0.926750604913, exposureTime=0.003964, xResolution=4000, yResolution=3000, SaturationTotalRed=0.922479422222, SaturationTotalGreen=0.930964861438, SaturationTotalBlue=0.898501088889, time=0.578865740741, GreenIndex=10.5730933333, LAI=4.8e-05, Utility=85.78581551151795]"
33,"[47,35]","[39.6426105, -82.8178355]",/data/chumley/tmp/Photos_01JUN2018//South_Path/Images/33.6Feet/Sorte_7/DJI_0055.JPG,"[46,35]","[48,35]","[47,36]","[47,34]","['Links/Photos_01JUN2018_67', [26, 17]]",[],"['Links/Photos_02Aug2018_33', '[53, 35]']",[],"[Latitude=39.6426111944, Longitude=-82.8178380833, BrightnessTotal=0.932261036661, exposureTime=0.004118, xResolution=4000, yResolution=3000, SaturationTotalRed=0.930929498693, SaturationTotalGreen=0.935690178431, SaturationTotalBlue=0.901561090196, time=0.578784722222, GreenIndex=10.02592, LAI=2.66666666667e-05, Utility=81.35554064318106]"
33,"[47,36]","[39.6426105, -82.8179397]",/data/chumley/tmp/Photos_01JUN2018//South_Path/Images/33.6Feet/Sorte_7/DJI_0054.JPG,"[46,36]","[48,36]","[47,37]","[47,35]","['Links/Photos_01JUN2018_67', [26, 18]]",[],"['Links/Photos_02Aug2018_33', '[53, 36]']",[],"[Latitude=39.6426112222, Longitude=-82.8179431111, BrightnessTotal=0.937035998182, exposureTime=0.004095, xResolution=4000, yResolution=3000, SaturationTotalRed=0.935560358497, SaturationTotalGreen=0.941002153595, SaturationTotalBlue=0.901187556209, time=0.57869212963, GreenIndex=11.6376426667, LAI=5.33333333333e-05, Utility=94.40613507830159]"
33,"[47,37]","[39.6426105, -82.8180438]",/data/chumley/tmp/Photos_01JUN2018//South_Path/Images/33.6Feet/Sorte_7/DJI_0053.JPG,"[46,37]","[48,37]","[47,38]","[47,36]","['Links/Photos_01JUN2018_67', [26, 18]]",[],"['Links/Photos_02Aug2018_33', '[53, 37]']",[],"[Latitude=39.6426114167, Longitude=-82.8180480556, BrightnessTotal=0.947685367939, exposureTime=0.004664, xResolution=4000, yResolution=3000, SaturationTotalRed=0.940279421242, SaturationTotalGreen=0.953676475817, SaturationTotalBlue=0.912089171242, time=0.578599537037, GreenIndex=14.124864, LAI=4.8e-05, Utility=114.5460818658411]"
33,"[47,38]","[39.6426105, -82.818148]",/data/chumley/tmp/Photos_01JUN2018//South_Path/Images/33.6Feet/Sorte_7/DJI_0052.JPG,"[46,38]","[48,38]","[47,39]","[47,37]","['Links/Photos_01JUN2018_67', [26, 19]]",[],"['Links/Photos_02Aug2018_33', '[53, 38]']",[],"[Latitude=39.64261, Longitude=-82.8181523333, BrightnessTotal=0.946351685032, exposureTime=0.004539, xResolution=4000, yResolution=3000, SaturationTotalRed=0.963459595098, SaturationTotalGreen=0.944748423529, SaturationTotalBlue=0.900330340196, time=0.578518518519, GreenIndex=6.727312, LAI=0.0, Utility=54.646876299947685]"
33,"[47,39]","[39.6426105, -82.8182522]",/data/chumley/tmp/Photos_01JUN2018//South_Path/Images/33.6Feet/Sorte_7/DJI_0051.JPG,"[46,39]","[48,39]","[47,40]","[47,38]","['Links/Photos_01JUN2018_67', [26, 19]]",[],"['Links/Photos_02Aug2018_33', '[53, 39]']",[],"[Latitude=39.6426095278, Longitude=-82.8182550556, BrightnessTotal=0.964141958117, exposureTime=0.004766, xResolution=4000, yResolution=3000, SaturationTotalRed=0.982880446732, SaturationTotalGreen=0.96091135915, SaturationTotalBlue=0.929226557516, time=0.578425925926, GreenIndex=2.565344, LAI=0.0, Utility=20.947699803394563]"
33,"[47,40]","[39.6426105, -82.8183563]",/data/chumley/tmp/Photos_01JUN2018//South_Path/Images/33.6Feet/Sorte_7/DJI_0050.JPG,"[46,40]","[48,40]","[47,41]","[47,39]","['Links/Photos_01JUN2018_67', [26, 20]]",[],"['Links/Photos_02Aug2018_33', '[53, 40]']",[],"[Latitude=39.6426102778, Longitude=-82.8183600833, BrightnessTotal=0.982611589851, exposureTime=0.005761, xResolution=4000, yResolution=3000, SaturationTotalRed=0.983770787582, SaturationTotalGreen=0.984153927778, SaturationTotalBlue=0.962612129739, time=0.578333333333, GreenIndex=5.65980266667, LAI=0.0, Utility=46.00497466897159]"
33,"[47,41]","[39.6426105, -82.8184605]",/data/chumley/tmp/Photos_01JUN2018//South_Path/Images/33.6Feet/Sorte_7/DJI_0049.JPG,"[46,41]","[48,41]","[47,42]","[47,40]","['Links/Photos_01JUN2018_67', [26, 20]]",[],"['Links/Photos_02Aug2018_33', '[53, 41]']",[],"[Latitude=39.6426095278, Longitude=-82.8184636389, BrightnessTotal=0.964929282608, exposureTime=0.004715, xResolution=4000, yResolution=3000, SaturationTotalRed=0.982217728105, SaturationTotalGreen=0.962877024837, SaturationTotalBlue=0.923030837908, time=0.578240740741, GreenIndex=5.33189333333, LAI=0.0, Utility=43.34891847735914]"
33,"[47,42]","[39.6426105, -82.8185647]",/data/chumley/tmp/Photos_01JUN2018//South_Path/Images/33.6Feet/Sorte_7/DJI_0048.JPG,"[46,42]","[48,42]","[47,43]","[47,41]","['Links/Photos_01JUN2018_67', [26, 21]]",[],"['Links/Photos_02Aug2018_33', '[53, 42]']",[],"[Latitude=39.6426115278, Longitude=-82.8185673889, BrightnessTotal=0.95763468669, exposureTime=0.004185, xResolution=4000, yResolution=3000, SaturationTotalRed=0.975671873856, SaturationTotalGreen=0.955949205229, SaturationTotalBlue=0.908983304902, time=0.578159722222, GreenIndex=7.06929066667, LAI=0.0, Utility=57.416526159268145]"
33,"[47,43]","[39.6426105, -82.8186688]",/data/chumley/tmp/Photos_01JUN2018//South_Path/Images/33.6Feet/Sorte_7/DJI_0047.JPG,"[46,43]","[48,43]",[],"[47,42]","['Links/Photos_01JUN2018_67', [26, 21]]",[],"['Links/Photos_02Aug2018_33', '[53, 43]']",[],"[Latitude=39.6426119722, Longitude=-82.8186678333, BrightnessTotal=0.957242269308, exposureTime=0.004254, xResolution=4000, yResolution=3000, SaturationTotalRed=0.976965153268, SaturationTotalGreen=0.954835917974, SaturationTotalBlue=0.909871889542, time=0.57806712963, GreenIndex=5.932192, LAI=0.0, Utility=48.20926362085917]"
