33,"[14,1]","[39.6462467, -82.8142937]",/data/chumley/tmp/Photos_16SEP2018//North_Path/Images/33.6Feet/Sorte_11/DJI_0002.JPG,"[13,1]","[15,1]","[14,2]","[14,0]","['Links/Photos_16SEP2018_67', [9, 0]]",[],[],"['Links/Photos_02Aug2018_33', '[19, 1]']","[Latitude=39.6461384167, Longitude=-82.8142975556, BrightnessTotal=0.675592926841, exposureTime=0.007634, xResolution=4000, yResolution=3000, SaturationTotalRed=0.754676803268, SaturationTotalGreen=0.654815093791, SaturationTotalBlue=0.580041168301, time=0.557083333333, GreenIndex=-6.08392, LAI=0.0, Utility=-49.09753323741519]"
33,"[14,2]","[39.6462467, -82.8143979]",/data/chumley/tmp/Photos_16SEP2018//North_Path/Images/33.6Feet/Sorte_11/DJI_0003.JPG,"[13,2]","[15,2]","[14,3]","[14,1]","['Links/Photos_16SEP2018_67', [9, 1]]",[],[],"['Links/Photos_02Aug2018_33', '[19, 2]']","[Latitude=39.6461395278, Longitude=-82.8144006389, BrightnessTotal=0.678760066023, exposureTime=0.006963, xResolution=4000, yResolution=3000, SaturationTotalRed=0.757291291176, SaturationTotalGreen=0.658810293464, SaturationTotalBlue=0.576356332353, time=0.557164351852, GreenIndex=-3.80888, LAI=0.0, Utility=-30.676069222040308]"
33,"[14,3]","[39.6462467, -82.8145021]",/data/chumley/tmp/Photos_16SEP2018//North_Path/Images/33.6Feet/Sorte_11/DJI_0004.JPG,"[13,3]","[15,3]","[14,4]","[14,2]","['Links/Photos_16SEP2018_67', [9, 1]]",[],[],"['Links/Photos_02Aug2018_33', '[19, 3]']","[Latitude=39.6461398611, Longitude=-82.8145006111, BrightnessTotal=0.659156482627, exposureTime=0.006248, xResolution=4000, yResolution=3000, SaturationTotalRed=0.750259369281, SaturationTotalGreen=0.633739979085, SaturationTotalBlue=0.559768529739, time=0.557256944444, GreenIndex=-10.5494506667, LAI=0.0, Utility=-85.2564742369465]"
33,"[14,4]","[39.6462467, -82.8146062]",/data/chumley/tmp/Photos_16SEP2018//North_Path/Images/33.6Feet/Sorte_11/DJI_0005.JPG,"[13,4]","[15,4]","[14,5]","[14,3]","['Links/Photos_16SEP2018_67', [9, 2]]",[],[],"['Links/Photos_02Aug2018_33', '[19, 4]']","[Latitude=39.6461413056, Longitude=-82.8146055556, BrightnessTotal=0.644334814632, exposureTime=0.005823, xResolution=4000, yResolution=3000, SaturationTotalRed=0.740241560784, SaturationTotalGreen=0.616194374183, SaturationTotalBlue=0.552267840523, time=0.557349537037, GreenIndex=-14.9438453333, LAI=0.0, Utility=-120.83927624146845]"
33,"[14,5]","[39.6462467, -82.8147104]",/data/chumley/tmp/Photos_16SEP2018//North_Path/Images/33.6Feet/Sorte_11/DJI_0006.JPG,"[13,5]","[15,5]","[14,6]","[14,4]","['Links/Photos_16SEP2018_67', [9, 2]]",[],[],"['Links/Photos_02Aug2018_33', '[19, 5]']","[Latitude=39.6461393056, Longitude=-82.8147114444, BrightnessTotal=0.64788830103, exposureTime=0.006181, xResolution=4000, yResolution=3000, SaturationTotalRed=0.742573154902, SaturationTotalGreen=0.620384922876, SaturationTotalBlue=0.554632129412, time=0.55744212963, GreenIndex=-13.9920906667, LAI=0.0, Utility=-113.13261744277182]"
33,"[14,6]","[39.6462467, -82.8148146]",/data/chumley/tmp/Photos_16SEP2018//North_Path/Images/33.6Feet/Sorte_11/DJI_0007.JPG,"[13,6]","[15,6]","[14,7]","[14,5]","['Links/Photos_16SEP2018_67', [9, 3]]",[],[],"['Links/Photos_02Aug2018_33', '[19, 6]']","[Latitude=39.6461394167, Longitude=-82.8148142222, BrightnessTotal=0.640717227154, exposureTime=0.00635, xResolution=4000, yResolution=3000, SaturationTotalRed=0.735306206536, SaturationTotalGreen=0.613566498039, SaturationTotalBlue=0.543400501634, time=0.557523148148, GreenIndex=-12.7682293333, LAI=0.0, Utility=-103.22320138765416]"
33,"[14,7]","[39.6462467, -82.8149187]",/data/chumley/tmp/Photos_16SEP2018//North_Path/Images/33.6Feet/Sorte_11/DJI_0008.JPG,"[13,7]","[15,7]","[14,8]","[14,6]","['Links/Photos_16SEP2018_67', [9, 3]]",[],[],"['Links/Photos_02Aug2018_33', '[19, 7]']","[Latitude=39.6461399444, Longitude=-82.8149166389, BrightnessTotal=0.618115298914, exposureTime=0.004515, xResolution=4000, yResolution=3000, SaturationTotalRed=0.718790964052, SaturationTotalGreen=0.588661312418, SaturationTotalBlue=0.515987845425, time=0.557615740741, GreenIndex=-14.2438346667, LAI=0.0, Utility=-115.17254409308649]"
33,"[14,8]","[39.6462467, -82.8150229]",/data/chumley/tmp/Photos_16SEP2018//North_Path/Images/33.6Feet/Sorte_11/DJI_0009.JPG,"[13,8]","[15,8]","[14,9]","[14,7]","['Links/Photos_16SEP2018_67', [9, 4]]",[],[],"['Links/Photos_02Aug2018_33', '[19, 8]']","[Latitude=39.6461405278, Longitude=-82.8150216389, BrightnessTotal=0.653818807156, exposureTime=0.006668, xResolution=4000, yResolution=3000, SaturationTotalRed=0.74532585817, SaturationTotalGreen=0.627449156536, SaturationTotalBlue=0.563073116667, time=0.557708333333, GreenIndex=-13.2609866667, LAI=0.0, Utility=-107.21249820901878]"
33,"[14,9]","[39.6462467, -82.8151271]",/data/chumley/tmp/Photos_16SEP2018//North_Path/Images/33.6Feet/Sorte_11/DJI_0010.JPG,"[13,9]","[15,9]","[14,10]","[14,8]","['Links/Photos_16SEP2018_67', [9, 4]]",[],[],"['Links/Photos_02Aug2018_33', '[19, 9]']","[Latitude=39.6461394167, Longitude=-82.8151261944, BrightnessTotal=0.650654358082, exposureTime=0.007001, xResolution=4000, yResolution=3000, SaturationTotalRed=0.743425061438, SaturationTotalGreen=0.623755377778, SaturationTotalBlue=0.559767712092, time=0.557789351852, GreenIndex=-13.8258186667, LAI=0.0, Utility=-111.78619872478936]"
33,"[14,10]","[39.6462467, -82.8152313]",/data/chumley/tmp/Photos_16SEP2018//North_Path/Images/33.6Feet/Sorte_11/DJI_0011.JPG,"[13,10]","[15,10]","[14,11]","[14,9]","['Links/Photos_16SEP2018_67', [9, 5]]",[],[],"['Links/Photos_02Aug2018_33', '[19, 10]']","[Latitude=39.6461413611, Longitude=-82.8152307222, BrightnessTotal=0.647142850027, exposureTime=0.007232, xResolution=4000, yResolution=3000, SaturationTotalRed=0.740193459477, SaturationTotalGreen=0.620134777778, SaturationTotalBlue=0.555948588562, time=0.557881944444, GreenIndex=-13.864176, LAI=0.0, Utility=-112.0969711215626]"
33,"[14,11]","[39.6462467, -82.8153354]",/data/chumley/tmp/Photos_16SEP2018//North_Path/Images/33.6Feet/Sorte_11/DJI_0012.JPG,"[13,11]","[15,11]","[14,12]","[14,10]","['Links/Photos_16SEP2018_67', [9, 5]]",[],[],"['Links/Photos_02Aug2018_33', '[19, 11]']","[Latitude=39.6461410833, Longitude=-82.8153348333, BrightnessTotal=0.641087496483, exposureTime=0.007193, xResolution=4000, yResolution=3000, SaturationTotalRed=0.733558440523, SaturationTotalGreen=0.614155553268, SaturationTotalBlue=0.551374038562, time=0.557974537037, GreenIndex=-14.0501706667, LAI=0.0, Utility=-113.60330208031529]"
33,"[14,12]","[39.6462467, -82.8154396]",/data/chumley/tmp/Photos_16SEP2018//North_Path/Images/33.6Feet/Sorte_11/DJI_0013.JPG,"[13,12]","[15,12]","[14,13]","[14,11]","['Links/Photos_16SEP2018_67', [9, 6]]",[],[],"['Links/Photos_02Aug2018_33', '[19, 12]']","[Latitude=39.6461399722, Longitude=-82.8154376111, BrightnessTotal=0.64958134114, exposureTime=0.007552, xResolution=4000, yResolution=3000, SaturationTotalRed=0.739725376797, SaturationTotalGreen=0.623734426797, SaturationTotalBlue=0.559048696732, time=0.55806712963, GreenIndex=-12.682336, LAI=0.0, Utility=-102.52733676169112]"
33,"[14,13]","[39.6462467, -82.8155438]",/data/chumley/tmp/Photos_16SEP2018//North_Path/Images/33.6Feet/Sorte_11/DJI_0014.JPG,"[13,13]","[15,13]","[14,14]","[14,12]","['Links/Photos_16SEP2018_67', [9, 6]]",[],[],"['Links/Photos_02Aug2018_33', '[19, 13]']","[Latitude=39.6461426944, Longitude=-82.8155444444, BrightnessTotal=0.647654580591, exposureTime=0.007511, xResolution=4000, yResolution=3000, SaturationTotalRed=0.737143049346, SaturationTotalGreen=0.621862210131, SaturationTotalBlue=0.559457371569, time=0.558148148148, GreenIndex=-13.1164426667, LAI=0.0, Utility=-106.04246318453555]"
33,"[14,14]","[39.6462467, -82.8156479]",/data/chumley/tmp/Photos_16SEP2018//North_Path/Images/33.6Feet/Sorte_11/DJI_0015.JPG,"[13,14]","[15,14]","[14,15]","[14,13]","['Links/Photos_16SEP2018_67', [9, 7]]",[],[],"['Links/Photos_02Aug2018_33', '[19, 14]']","[Latitude=39.6461395278, Longitude=-82.8156463056, BrightnessTotal=0.649863026684, exposureTime=0.007552, xResolution=4000, yResolution=3000, SaturationTotalRed=0.741780352941, SaturationTotalGreen=0.623073201961, SaturationTotalBlue=0.561699164706, time=0.558240740741, GreenIndex=-14.2522346667, LAI=0.0, Utility=-115.23905538230896]"
33,"[14,15]","[39.6462467, -82.8157521]",/data/chumley/tmp/Photos_16SEP2018//North_Path/Images/33.6Feet/Sorte_11/DJI_0016.JPG,"[13,15]","[15,15]","[14,16]","[14,14]","['Links/Photos_16SEP2018_67', [9, 7]]",[],[],"['Links/Photos_02Aug2018_33', '[19, 15]']","[Latitude=39.6461392222, Longitude=-82.8157521111, BrightnessTotal=0.650475553025, exposureTime=0.007593, xResolution=4000, yResolution=3000, SaturationTotalRed=0.741767803268, SaturationTotalGreen=0.623939192484, SaturationTotalBlue=0.562415637582, time=0.558333333333, GreenIndex=-14.0029866667, LAI=0.0, Utility=-113.22084035687652]"
33,"[14,16]","[39.6462467, -82.8158563]",/data/chumley/tmp/Photos_16SEP2018//North_Path/Images/33.6Feet/Sorte_11/DJI_0017.JPG,"[13,16]","[15,16]","[14,17]","[14,15]","['Links/Photos_16SEP2018_67', [9, 8]]",[],[],"['Links/Photos_02Aug2018_33', '[19, 16]']","[Latitude=39.6461398889, Longitude=-82.8158563889, BrightnessTotal=0.642737831941, exposureTime=0.00743, xResolution=4000, yResolution=3000, SaturationTotalRed=0.735968707516, SaturationTotalGreen=0.615408888562, SaturationTotalBlue=0.554038226797, time=0.558425925926, GreenIndex=-14.7141813333, LAI=0.0, Utility=-118.97988844129411]"
33,"[14,17]","[39.6462467, -82.8159604]",/data/chumley/tmp/Photos_16SEP2018//North_Path/Images/33.6Feet/Sorte_11/DJI_0018.JPG,"[13,17]","[15,17]","[14,18]","[14,16]","['Links/Photos_16SEP2018_67', [9, 8]]",[],[],"['Links/Photos_02Aug2018_33', '[19, 17]']","[Latitude=39.6461425833, Longitude=-82.8159598611, BrightnessTotal=0.644092541077, exposureTime=0.007676, xResolution=4000, yResolution=3000, SaturationTotalRed=0.73473397451, SaturationTotalGreen=0.617924173203, SaturationTotalBlue=0.554533165359, time=0.558506944444, GreenIndex=-13.231584, LAI=0.0, Utility=-106.9750175704662]"
33,"[14,18]","[39.6462467, -82.8160646]",/data/chumley/tmp/Photos_16SEP2018//North_Path/Images/33.6Feet/Sorte_11/DJI_0019.JPG,"[13,18]","[15,18]","[14,19]","[14,17]","['Links/Photos_16SEP2018_67', [9, 9]]",[],[],"['Links/Photos_02Aug2018_33', '[19, 18]']","[Latitude=39.6461406944, Longitude=-82.8160638611, BrightnessTotal=0.642207399128, exposureTime=0.007717, xResolution=4000, yResolution=3000, SaturationTotalRed=0.732520121895, SaturationTotalGreen=0.616371775163, SaturationTotalBlue=0.550300648366, time=0.558599537037, GreenIndex=-12.377952, LAI=0.0, Utility=-100.06314312548932]"
33,"[14,19]","[39.6462467, -82.8161688]",/data/chumley/tmp/Photos_16SEP2018//North_Path/Images/33.6Feet/Sorte_11/DJI_0020.JPG,"[13,19]","[15,19]","[14,20]","[14,18]","['Links/Photos_16SEP2018_67', [9, 9]]",[],[],"['Links/Photos_02Aug2018_33', '[19, 19]']","[Latitude=39.6461398889, Longitude=-82.8161692778, BrightnessTotal=0.63838516049, exposureTime=0.007676, xResolution=4000, yResolution=3000, SaturationTotalRed=0.729567778431, SaturationTotalGreen=0.611880823203, SaturationTotalBlue=0.549727654575, time=0.558680555556, GreenIndex=-13.796272, LAI=0.0, Utility=-111.54768647265941]"
33,"[14,20]","[39.6462467, -82.8162729]",/data/chumley/tmp/Photos_16SEP2018//North_Path/Images/33.6Feet/Sorte_11/DJI_0021.JPG,"[13,20]","[15,20]","[14,21]","[14,19]","['Links/Photos_16SEP2018_67', [9, 10]]",[],[],"['Links/Photos_02Aug2018_33', '[19, 20]']","[Latitude=39.6461416389, Longitude=-82.8162748333, BrightnessTotal=0.638751812023, exposureTime=0.007676, xResolution=4000, yResolution=3000, SaturationTotalRed=0.728343377778, SaturationTotalGreen=0.612911123856, SaturationTotalBlue=0.55008185817, time=0.558773148148, GreenIndex=-13.0206826667, LAI=0.0, Utility=-105.26761569123147]"
33,"[14,21]","[39.6462467, -82.8163771]",/data/chumley/tmp/Photos_16SEP2018//North_Path/Images/33.6Feet/Sorte_11/DJI_0022.JPG,"[13,21]","[15,21]","[14,22]","[14,20]","['Links/Photos_16SEP2018_67', [9, 10]]",[],[],"['Links/Photos_02Aug2018_33', '[19, 21]']","[Latitude=39.6461406389, Longitude=-82.8163779167, BrightnessTotal=0.633476261636, exposureTime=0.00735, xResolution=4000, yResolution=3000, SaturationTotalRed=0.722310872876, SaturationTotalGreen=0.608009301307, SaturationTotalBlue=0.54380038268, time=0.558865740741, GreenIndex=-12.3913066667, LAI=0.0, Utility=-100.17173629289918]"
33,"[14,22]","[39.6462467, -82.8164813]",/data/chumley/tmp/Photos_16SEP2018//North_Path/Images/33.6Feet/Sorte_11/DJI_0023.JPG,"[13,22]","[15,22]","[14,23]","[14,21]","['Links/Photos_16SEP2018_67', [9, 11]]",[],[],"['Links/Photos_02Aug2018_33', '[19, 22]']","[Latitude=39.6461404167, Longitude=-82.8164809444, BrightnessTotal=0.640971711352, exposureTime=0.007039, xResolution=4000, yResolution=3000, SaturationTotalRed=0.729571506536, SaturationTotalGreen=0.615661248039, SaturationTotalBlue=0.551078735294, time=0.558946759259, GreenIndex=-12.211856, LAI=0.0, Utility=-98.71834581830974]"
33,"[14,23]","[39.6462467, -82.8165855]",/data/chumley/tmp/Photos_16SEP2018//North_Path/Images/33.6Feet/Sorte_11/DJI_0024.JPG,"[13,23]","[15,23]","[14,24]","[14,22]","['Links/Photos_16SEP2018_67', [9, 11]]",[],[],"['Links/Photos_02Aug2018_33', '[19, 23]']","[Latitude=39.6461405556, Longitude=-82.8165848056, BrightnessTotal=0.653709192904, exposureTime=0.007077, xResolution=4000, yResolution=3000, SaturationTotalRed=0.742099195425, SaturationTotalGreen=0.62865515719, SaturationTotalBlue=0.56263634902, time=0.559039351852, GreenIndex=-11.718592, LAI=0.0, Utility=-94.72371067819184]"
33,"[14,24]","[39.6462467, -82.8166896]",/data/chumley/tmp/Photos_16SEP2018//North_Path/Images/33.6Feet/Sorte_11/DJI_0025.JPG,"[13,24]","[15,24]","[14,25]","[14,23]","['Links/Photos_16SEP2018_67', [9, 12]]",[],[],"['Links/Photos_02Aug2018_33', '[19, 24]']","[Latitude=39.64613925, Longitude=-82.8166900556, BrightnessTotal=0.655615762777, exposureTime=0.007271, xResolution=4000, yResolution=3000, SaturationTotalRed=0.741696163399, SaturationTotalGreen=0.631865115033, SaturationTotalBlue=0.560600553595, time=0.55912037037, GreenIndex=-9.465696, LAI=0.0, Utility=-76.48159836669669]"
33,"[14,25]","[39.6462467, -82.8167938]",/data/chumley/tmp/Photos_16SEP2018//North_Path/Images/33.6Feet/Sorte_11/DJI_0026.JPG,"[13,25]","[15,25]","[14,26]","[14,24]","['Links/Photos_16SEP2018_67', [9, 12]]",[],[],"['Links/Photos_02Aug2018_33', '[19, 25]']","[Latitude=39.6461391667, Longitude=-82.8167939444, BrightnessTotal=0.650209596413, exposureTime=0.007271, xResolution=4000, yResolution=3000, SaturationTotalRed=0.735858040523, SaturationTotalGreen=0.62674968366, SaturationTotalBlue=0.553582704575, time=0.559212962963, GreenIndex=-8.77935466667, LAI=0.0, Utility=-70.92447049968635]"
33,"[14,26]","[39.6462467, -82.816898]",/data/chumley/tmp/Photos_16SEP2018//North_Path/Images/33.6Feet/Sorte_11/DJI_0027.JPG,"[13,26]","[15,26]","[14,27]","[14,25]","['Links/Photos_16SEP2018_67', [9, 13]]",[],[],"['Links/Photos_02Aug2018_33', '[19, 26]']","[Latitude=39.6461407778, Longitude=-82.816897, BrightnessTotal=0.638481923295, exposureTime=0.007001, xResolution=4000, yResolution=3000, SaturationTotalRed=0.724457327124, SaturationTotalGreen=0.614304455556, SaturationTotalBlue=0.547862990523, time=0.559305555556, GreenIndex=-10.76232, LAI=1.06666666667e-05, Utility=-86.98140923536869]"
33,"[14,27]","[39.6462467, -82.8170021]",/data/chumley/tmp/Photos_16SEP2018//North_Path/Images/33.6Feet/Sorte_11/DJI_0028.JPG,"[13,27]","[15,27]","[14,28]","[14,26]","['Links/Photos_16SEP2018_67', [9, 13]]",[],[],"['Links/Photos_02Aug2018_33', '[19, 27]']","[Latitude=39.6461383333, Longitude=-82.8169988056, BrightnessTotal=0.647087004165, exposureTime=0.006925, xResolution=4000, yResolution=3000, SaturationTotalRed=0.734344341503, SaturationTotalGreen=0.622150976471, SaturationTotalBlue=0.55958102451, time=0.559398148148, GreenIndex=-12.2806773333, LAI=0.0, Utility=-99.27536808832372]"
33,"[14,28]","[39.6462467, -82.8171063]",/data/chumley/tmp/Photos_16SEP2018//North_Path/Images/33.6Feet/Sorte_11/DJI_0029.JPG,"[13,28]","[15,28]","[14,29]","[14,27]","['Links/Photos_16SEP2018_67', [9, 14]]",[],[],"['Links/Photos_02Aug2018_33', '[19, 28]']","[Latitude=39.6461401944, Longitude=-82.8171043889, BrightnessTotal=0.640440576258, exposureTime=0.006596, xResolution=4000, yResolution=3000, SaturationTotalRed=0.728464282353, SaturationTotalGreen=0.615295483007, SaturationTotalBlue=0.551339888562, time=0.559479166667, GreenIndex=-12.1828853333, LAI=0.0, Utility=-98.4838744554708]"
33,"[14,29]","[39.6462467, -82.8172105]",/data/chumley/tmp/Photos_16SEP2018//North_Path/Images/33.6Feet/Sorte_11/DJI_0030.JPG,"[13,29]","[15,29]","[14,30]","[14,28]","['Links/Photos_16SEP2018_67', [9, 14]]",[],[],"['Links/Photos_02Aug2018_33', '[19, 29]']","[Latitude=39.6461394444, Longitude=-82.8172096667, BrightnessTotal=0.648253816438, exposureTime=0.006632, xResolution=4000, yResolution=3000, SaturationTotalRed=0.734295164379, SaturationTotalGreen=0.624130221242, SaturationTotalBlue=0.557268041503, time=0.559571759259, GreenIndex=-10.667104, LAI=0.0, Utility=-86.20999984055662]"
33,"[14,30]","[39.6462467, -82.8173146]",/data/chumley/tmp/Photos_16SEP2018//North_Path/Images/33.6Feet/Sorte_11/DJI_0031.JPG,"[13,30]","[15,30]","[14,31]","[14,29]","['Links/Photos_16SEP2018_67', [9, 15]]",[],[],"['Links/Photos_02Aug2018_33', '[19, 30]']","[Latitude=39.6461387222, Longitude=-82.8173120833, BrightnessTotal=0.645972596108, exposureTime=0.006668, xResolution=4000, yResolution=3000, SaturationTotalRed=0.731791113725, SaturationTotalGreen=0.622429761438, SaturationTotalBlue=0.549254899346, time=0.559664351852, GreenIndex=-8.85641066667, LAI=0.0, Utility=-71.54868469752392]"
33,"[14,31]","[39.6462467, -82.8174188]",/data/chumley/tmp/Photos_16SEP2018//North_Path/Images/33.6Feet/Sorte_11/DJI_0032.JPG,"[13,31]","[15,31]","[14,32]","[14,30]","['Links/Photos_16SEP2018_67', [9, 15]]",[],[],"['Links/Photos_02Aug2018_33', '[19, 31]']","[Latitude=39.6461400278, Longitude=-82.8174160833, BrightnessTotal=0.646685249684, exposureTime=0.006632, xResolution=4000, yResolution=3000, SaturationTotalRed=0.728533006209, SaturationTotalGreen=0.624904573203, SaturationTotalBlue=0.548381489542, time=0.55974537037, GreenIndex=-6.52655466667, LAI=1.06666666667e-05, Utility=-52.683463151897925]"
33,"[14,32]","[39.6462467, -82.817523]",/data/chumley/tmp/Photos_16SEP2018//North_Path/Images/33.6Feet/Sorte_11/DJI_0033.JPG,"[13,32]","[15,32]","[14,33]","[14,31]","['Links/Photos_16SEP2018_67', [9, 16]]",[],[],"['Links/Photos_02Aug2018_33', '[19, 32]']","[Latitude=39.6461404444, Longitude=-82.8175203056, BrightnessTotal=0.629781857882, exposureTime=0.005637, xResolution=4000, yResolution=3000, SaturationTotalRed=0.719094876144, SaturationTotalGreen=0.604402572876, SaturationTotalBlue=0.536611076471, time=0.559837962963, GreenIndex=-11.570272, LAI=0.0, Utility=-93.52404295676212]"
33,"[14,33]","[39.6462467, -82.8176271]",/data/chumley/tmp/Photos_16SEP2018//North_Path/Images/33.6Feet/Sorte_11/DJI_0034.JPG,"[13,33]","[15,33]","[14,34]","[14,32]","['Links/Photos_16SEP2018_67', [9, 16]]",[],[],"['Links/Photos_02Aug2018_33', '[19, 33]']","[Latitude=39.6461409722, Longitude=-82.8176262778, BrightnessTotal=0.64957423891, exposureTime=0.006248, xResolution=4000, yResolution=3000, SaturationTotalRed=0.735146756209, SaturationTotalGreen=0.625886535621, SaturationTotalBlue=0.555881746732, time=0.559930555556, GreenIndex=-9.60352533333, LAI=0.0, Utility=-77.598042969116]"
33,"[14,34]","[39.6462467, -82.8177313]",/data/chumley/tmp/Photos_16SEP2018//North_Path/Images/33.6Feet/Sorte_11/DJI_0035.JPG,"[13,34]","[15,34]","[14,35]","[14,33]","['Links/Photos_16SEP2018_67', [9, 17]]",[],[],"['Links/Photos_02Aug2018_33', '[19, 34]']","[Latitude=39.6461388611, Longitude=-82.8177283611, BrightnessTotal=0.608062222495, exposureTime=0.003858, xResolution=4000, yResolution=3000, SaturationTotalRed=0.703893616993, SaturationTotalGreen=0.580531629085, SaturationTotalBlue=0.506626363725, time=0.560011574074, GreenIndex=-12.1971093333, LAI=0.0, Utility=-98.60076377736186]"
33,"[14,35]","[39.6462467, -82.8178355]",/data/chumley/tmp/Photos_16SEP2018//North_Path/Images/33.6Feet/Sorte_11/DJI_0036.JPG,"[13,35]","[15,35]","[14,36]","[14,34]","['Links/Photos_16SEP2018_67', [9, 17]]",[],[],"['Links/Photos_02Aug2018_33', '[19, 35]']","[Latitude=39.64613925, Longitude=-82.81783025, BrightnessTotal=0.609605377074, exposureTime=0.002138, xResolution=4000, yResolution=3000, SaturationTotalRed=0.716844867647, SaturationTotalGreen=0.578071971895, SaturationTotalBlue=0.498045227778, time=0.560104166667, GreenIndex=-14.5109013333, LAI=0.0, Utility=-117.33588371202265]"
33,"[14,36]","[39.6462467, -82.8179397]",/data/chumley/tmp/Photos_16SEP2018//North_Path/Images/33.6Feet/Sorte_11/DJI_0037.JPG,"[13,36]","[15,36]","[14,37]","[14,35]","['Links/Photos_16SEP2018_67', [9, 18]]",[],[],"['Links/Photos_02Aug2018_33', '[19, 36]']","[Latitude=39.6461412222, Longitude=-82.8179378333, BrightnessTotal=0.63250720986, exposureTime=0.002257, xResolution=4000, yResolution=3000, SaturationTotalRed=0.739703078431, SaturationTotalGreen=0.601119291503, SaturationTotalBlue=0.521743021242, time=0.560185185185, GreenIndex=-14.640352, LAI=0.0, Utility=-118.38296045897121]"
33,"[14,37]","[39.6462467, -82.8180438]",/data/chumley/tmp/Photos_16SEP2018//North_Path/Images/33.6Feet/Sorte_11/DJI_0038.JPG,"[13,37]","[15,37]","[14,38]","[14,36]","['Links/Photos_16SEP2018_67', [9, 18]]",[],[],"['Links/Photos_02Aug2018_33', '[19, 37]']","[Latitude=39.6461393056, Longitude=-82.8180412778, BrightnessTotal=0.616156716762, exposureTime=0.002092, xResolution=4000, yResolution=3000, SaturationTotalRed=0.724740026144, SaturationTotalGreen=0.584139902614, SaturationTotalBlue=0.504125377451, time=0.560277777778, GreenIndex=-14.9538453333, LAI=0.0, Utility=-120.92218148501267]"
33,"[14,38]","[39.6462467, -82.818148]",/data/chumley/tmp/Photos_16SEP2018//North_Path/Images/33.6Feet/Sorte_11/DJI_0039.JPG,"[13,38]","[15,38]","[14,39]","[14,37]","['Links/Photos_16SEP2018_67', [9, 19]]",[],[],"['Links/Photos_02Aug2018_33', '[19, 38]']","[Latitude=39.64613975, Longitude=-82.81814675, BrightnessTotal=0.635978203521, exposureTime=0.002233, xResolution=4000, yResolution=3000, SaturationTotalRed=0.74746783268, SaturationTotalGreen=0.602843523529, SaturationTotalBlue=0.52435074281, time=0.56037037037, GreenIndex=-16.37376, LAI=0.0, Utility=-132.4185004914803]"
33,"[14,39]","[39.6462467, -82.8182522]",/data/chumley/tmp/Photos_16SEP2018//North_Path/Images/33.6Feet/Sorte_11/DJI_0040.JPG,"[13,39]","[15,39]","[14,40]","[14,38]","['Links/Photos_16SEP2018_67', [9, 19]]",[],[],"['Links/Photos_02Aug2018_33', '[19, 39]']","[Latitude=39.6461424444, Longitude=-82.8182501389, BrightnessTotal=0.628335846146, exposureTime=0.002161, xResolution=4000, yResolution=3000, SaturationTotalRed=0.738047263725, SaturationTotalGreen=0.595820937255, SaturationTotalBlue=0.517674798039, time=0.560451388889, GreenIndex=-15.8639733333, LAI=0.0, Utility=-128.2910591946585]"
33,"[14,40]","[39.6462467, -82.8183563]",/data/chumley/tmp/Photos_16SEP2018//North_Path/Images/33.6Feet/Sorte_11/DJI_0041.JPG,"[13,40]","[15,40]","[14,41]","[14,39]","['Links/Photos_16SEP2018_67', [9, 20]]",[],[],"['Links/Photos_02Aug2018_33', '[19, 40]']","[Latitude=39.6461396111, Longitude=-82.8183543889, BrightnessTotal=0.632763586246, exposureTime=0.002209, xResolution=4000, yResolution=3000, SaturationTotalRed=0.734345335621, SaturationTotalGreen=0.603833568301, SaturationTotalBlue=0.521288079412, time=0.560543981481, GreenIndex=-11.7555893333, LAI=0.0, Utility=-95.0246352646765]"
33,"[14,41]","[39.6462467, -82.8184605]",/data/chumley/tmp/Photos_16SEP2018//North_Path/Images/33.6Feet/Sorte_11/DJI_0042.JPG,"[13,41]","[15,41]","[14,42]","[14,40]","['Links/Photos_16SEP2018_67', [9, 20]]",[],[],"['Links/Photos_02Aug2018_33', '[19, 41]']","[Latitude=39.6461394722, Longitude=-82.8184599444, BrightnessTotal=0.640478068178, exposureTime=0.002344, xResolution=4000, yResolution=3000, SaturationTotalRed=0.737082433007, SaturationTotalGreen=0.613513402288, SaturationTotalBlue=0.531197925817, time=0.560636574074, GreenIndex=-10.0707306667, LAI=0.0, Utility=-81.38170178312416]"
33,"[14,42]","[39.6462467, -82.8185647]",/data/chumley/tmp/Photos_16SEP2018//North_Path/Images/33.6Feet/Sorte_11/DJI_0043.JPG,"[13,42]","[15,42]","[14,43]","[14,41]","['Links/Photos_16SEP2018_67', [9, 21]]",[],[],"['Links/Photos_02Aug2018_33', '[19, 42]']","[Latitude=39.6461414444, Longitude=-82.8185623333, BrightnessTotal=0.659254982132, exposureTime=0.002319, xResolution=4000, yResolution=3000, SaturationTotalRed=0.746716807516, SaturationTotalGreen=0.635515293791, SaturationTotalBlue=0.557806139542, time=0.560717592593, GreenIndex=-8.14734933333, LAI=0.0, Utility=-65.80684924691995]"
33,"[14,43]","[39.6462467, -82.8186688]",/data/chumley/tmp/Photos_16SEP2018//North_Path/Images/33.6Feet/Sorte_11/DJI_0044.JPG,"[13,43]","[15,43]",[],"[14,42]","['Links/Photos_16SEP2018_67', [9, 21]]",[],[],"['Links/Photos_02Aug2018_33', '[19, 43]']","[Latitude=39.6461406667, Longitude=-82.8186629722, BrightnessTotal=0.648518794044, exposureTime=0.002161, xResolution=4000, yResolution=3000, SaturationTotalRed=0.743188869281, SaturationTotalGreen=0.622411323856, SaturationTotalBlue=0.539261928758, time=0.560810185185, GreenIndex=-9.178304, LAI=0.0, Utility=-74.15522093279087]"
33,"[15,1]","[39.6460328, -82.8142937]",/data/chumley/tmp/Photos_16SEP2018//North_Path/Images/33.6Feet/Sorte_11/DJI_0086.JPG,"[14,1]","[16,1]","[15,2]","[15,0]","['Links/Photos_16SEP2018_67', [10, 0]]",[],[],"['Links/Photos_02Aug2018_33', '[21, 1]']","[Latitude=39.64603125, Longitude=-82.8143966667, BrightnessTotal=0.643583738804, exposureTime=0.002461, xResolution=4000, yResolution=3000, SaturationTotalRed=0.743775197059, SaturationTotalGreen=0.614296722876, SaturationTotalBlue=0.543982811765, time=0.564525462963, GreenIndex=-14.6826666667, LAI=0.0, Utility=-118.72570340089997]"
33,"[15,2]","[39.6460328, -82.8143979]",/data/chumley/tmp/Photos_16SEP2018//North_Path/Images/33.6Feet/Sorte_11/DJI_0087.JPG,"[14,2]","[16,2]","[15,3]","[15,1]","['Links/Photos_16SEP2018_67', [10, 1]]",[],[],"['Links/Photos_02Aug2018_33', '[21, 2]']","[Latitude=39.6460312778, Longitude=-82.81439675, BrightnessTotal=0.622254295513, exposureTime=0.002307, xResolution=4000, yResolution=3000, SaturationTotalRed=0.724774104575, SaturationTotalGreen=0.591975697386, SaturationTotalBlue=0.52092915817, time=0.564537037037, GreenIndex=-15.3518613333, LAI=0.0, Utility=-124.14532495703702]"
33,"[15,3]","[39.6460328, -82.8145021]",/data/chumley/tmp/Photos_16SEP2018//North_Path/Images/33.6Feet/Sorte_11/DJI_0085.JPG,"[14,3]","[16,3]","[15,4]","[15,2]","['Links/Photos_16SEP2018_67', [10, 1]]",[],[],"['Links/Photos_02Aug2018_33', '[21, 3]']","[Latitude=39.6460331944, Longitude=-82.8145013889, BrightnessTotal=0.632004096442, exposureTime=0.002161, xResolution=4000, yResolution=3000, SaturationTotalRed=0.732588541176, SaturationTotalGreen=0.602791759804, SaturationTotalBlue=0.528699099346, time=0.564444444444, GreenIndex=-13.8210293333, LAI=3.73333333333e-05, Utility=-111.74945854655245]"
33,"[15,4]","[39.6460328, -82.8146062]",/data/chumley/tmp/Photos_16SEP2018//North_Path/Images/33.6Feet/Sorte_11/DJI_0084.JPG,"[14,4]","[16,4]","[15,5]","[15,3]","['Links/Photos_16SEP2018_67', [10, 2]]",[],[],"['Links/Photos_02Aug2018_33', '[21, 4]']","[Latitude=39.64603225, Longitude=-82.8146078889, BrightnessTotal=0.617799195727, exposureTime=0.002448, xResolution=4000, yResolution=3000, SaturationTotalRed=0.725674583987, SaturationTotalGreen=0.585622912092, SaturationTotalBlue=0.511385507516, time=0.564351851852, GreenIndex=-16.3257546667, LAI=0.0, Utility=-132.03130059227743]"
33,"[15,5]","[39.6460328, -82.8147104]",/data/chumley/tmp/Photos_16SEP2018//North_Path/Images/33.6Feet/Sorte_11/DJI_0083.JPG,"[14,5]","[16,5]","[15,6]","[15,4]","['Links/Photos_16SEP2018_67', [10, 2]]",[],[],"['Links/Photos_02Aug2018_33', '[21, 5]']","[Latitude=39.6460325833, Longitude=-82.8147110556, BrightnessTotal=0.601167075264, exposureTime=0.002529, xResolution=4000, yResolution=3000, SaturationTotalRed=0.710883631699, SaturationTotalGreen=0.568185017974, SaturationTotalBlue=0.493080434967, time=0.564259259259, GreenIndex=-16.7795413333, LAI=0.0, Utility=-135.70648476254857]"
33,"[15,6]","[39.6460328, -82.8148146]",/data/chumley/tmp/Photos_16SEP2018//North_Path/Images/33.6Feet/Sorte_11/DJI_0082.JPG,"[14,6]","[16,6]","[15,7]","[15,5]","['Links/Photos_16SEP2018_67', [10, 3]]",[],[],"['Links/Photos_02Aug2018_33', '[21, 6]']","[Latitude=39.6460339167, Longitude=-82.8148156944, BrightnessTotal=0.620869026224, exposureTime=0.002641, xResolution=4000, yResolution=3000, SaturationTotalRed=0.732134193791, SaturationTotalGreen=0.587429231046, SaturationTotalBlue=0.512374797712, time=0.564178240741, GreenIndex=-17.3129973333, LAI=0.0, Utility=-140.02499071104128]"
33,"[15,7]","[39.6460328, -82.8149187]",/data/chumley/tmp/Photos_16SEP2018//North_Path/Images/33.6Feet/Sorte_11/DJI_0081.JPG,"[14,7]","[16,7]","[15,8]","[15,6]","['Links/Photos_16SEP2018_67', [10, 3]]",[],[],"['Links/Photos_02Aug2018_33', '[21, 7]']","[Latitude=39.6460335278, Longitude=-82.8149196944, BrightnessTotal=0.609715136321, exposureTime=0.002448, xResolution=4000, yResolution=3000, SaturationTotalRed=0.72363915817, SaturationTotalGreen=0.575115503268, SaturationTotalBlue=0.499975785294, time=0.564085648148, GreenIndex=-18.2329493333, LAI=0.0, Utility=-147.47451959843937]"
33,"[15,8]","[39.6460328, -82.8150229]",/data/chumley/tmp/Photos_16SEP2018//North_Path/Images/33.6Feet/Sorte_11/DJI_0080.JPG,"[14,8]","[16,8]","[15,9]","[15,7]","['Links/Photos_16SEP2018_67', [10, 4]]",[],[],"['Links/Photos_02Aug2018_33', '[21, 8]']","[Latitude=39.6460325833, Longitude=-82.8150239167, BrightnessTotal=0.62098097872, exposureTime=0.002461, xResolution=4000, yResolution=3000, SaturationTotalRed=0.733825309804, SaturationTotalGreen=0.586688935948, SaturationTotalBlue=0.514411081699, time=0.563993055556, GreenIndex=-18.6012906667, LAI=0.0, Utility=-150.45645878176117]"
33,"[15,9]","[39.6460328, -82.8151271]",/data/chumley/tmp/Photos_16SEP2018//North_Path/Images/33.6Feet/Sorte_11/DJI_0079.JPG,"[14,9]","[16,9]","[15,10]","[15,8]","['Links/Photos_16SEP2018_67', [10, 4]]",[],[],"['Links/Photos_02Aug2018_33', '[21, 9]']","[Latitude=39.6460323611, Longitude=-82.8151283889, BrightnessTotal=0.614144718887, exposureTime=0.002475, xResolution=4000, yResolution=3000, SaturationTotalRed=0.729788968954, SaturationTotalGreen=0.578783836601, SaturationTotalBlue=0.504982298693, time=0.563912037037, GreenIndex=-19.2054186667, LAI=0.0, Utility=-155.34850945894598]"
33,"[15,10]","[39.6460328, -82.8152313]",/data/chumley/tmp/Photos_16SEP2018//North_Path/Images/33.6Feet/Sorte_11/DJI_0078.JPG,"[14,10]","[16,10]","[15,11]","[15,9]","['Links/Photos_16SEP2018_67', [10, 5]]",[],[],"['Links/Photos_02Aug2018_33', '[21, 10]']","[Latitude=39.6460316389, Longitude=-82.8152290833, BrightnessTotal=0.60926375952, exposureTime=0.0025, xResolution=4000, yResolution=3000, SaturationTotalRed=0.72529762549, SaturationTotalGreen=0.573918472549, SaturationTotalBlue=0.497337464052, time=0.563819444444, GreenIndex=-18.6154453333, LAI=0.0, Utility=-150.5716386829816]"
33,"[15,11]","[39.6460328, -82.8153354]",/data/chumley/tmp/Photos_16SEP2018//North_Path/Images/33.6Feet/Sorte_11/DJI_0077.JPG,"[14,11]","[16,11]","[15,12]","[15,10]","['Links/Photos_16SEP2018_67', [10, 5]]",[],[],"['Links/Photos_02Aug2018_33', '[21, 11]']","[Latitude=39.6460321667, Longitude=-82.8153355, BrightnessTotal=0.601278013758, exposureTime=0.002475, xResolution=4000, yResolution=3000, SaturationTotalRed=0.717559955556, SaturationTotalGreen=0.565825542157, SaturationTotalBlue=0.488344351307, time=0.563726851852, GreenIndex=-18.4600586667, LAI=0.0, Utility=-149.31382704329351]"
33,"[15,12]","[39.6460328, -82.8154396]",/data/chumley/tmp/Photos_16SEP2018//North_Path/Images/33.6Feet/Sorte_11/DJI_0076.JPG,"[14,12]","[16,12]","[15,13]","[15,11]","['Links/Photos_16SEP2018_67', [10, 6]]",[],[],"['Links/Photos_02Aug2018_33', '[21, 12]']","[Latitude=39.6460319444, Longitude=-82.8154404722, BrightnessTotal=0.625469395284, exposureTime=0.002773, xResolution=4000, yResolution=3000, SaturationTotalRed=0.736176912418, SaturationTotalGreen=0.592374344444, SaturationTotalBlue=0.51625735098, time=0.563645833333, GreenIndex=-16.787024, LAI=0.0, Utility=-135.76579514067177]"
33,"[15,13]","[39.6460328, -82.8155438]",/data/chumley/tmp/Photos_16SEP2018//North_Path/Images/33.6Feet/Sorte_11/DJI_0075.JPG,"[14,13]","[16,13]","[15,14]","[15,12]","['Links/Photos_16SEP2018_67', [10, 6]]",[],[],"['Links/Photos_02Aug2018_33', '[21, 13]']","[Latitude=39.6460324167, Longitude=-82.8155448333, BrightnessTotal=0.606222339611, exposureTime=0.002448, xResolution=4000, yResolution=3000, SaturationTotalRed=0.718520348039, SaturationTotalGreen=0.572266931373, SaturationTotalBlue=0.496885776144, time=0.563553240741, GreenIndex=-17.6116, LAI=0.0, Utility=-142.4434390667241]"
33,"[15,14]","[39.6460328, -82.8156479]",/data/chumley/tmp/Photos_16SEP2018//North_Path/Images/33.6Feet/Sorte_11/DJI_0074.JPG,"[14,14]","[16,14]","[15,15]","[15,13]","['Links/Photos_16SEP2018_67', [10, 7]]",[],[],"['Links/Photos_02Aug2018_33', '[21, 14]']","[Latitude=39.6460328611, Longitude=-82.8156471389, BrightnessTotal=0.602996083125, exposureTime=0.002475, xResolution=4000, yResolution=3000, SaturationTotalRed=0.715322237908, SaturationTotalGreen=0.568958531046, SaturationTotalBlue=0.494108386601, time=0.563460648148, GreenIndex=-17.7605866667, LAI=0.0, Utility=-143.64994738670467]"
33,"[15,15]","[39.6460328, -82.8157521]",/data/chumley/tmp/Photos_16SEP2018//North_Path/Images/33.6Feet/Sorte_11/DJI_0073.JPG,"[14,15]","[16,15]","[15,16]","[15,14]","['Links/Photos_16SEP2018_67', [10, 7]]",[],[],"['Links/Photos_02Aug2018_33', '[21, 15]']","[Latitude=39.6460328889, Longitude=-82.8157533611, BrightnessTotal=0.600882571546, exposureTime=0.002488, xResolution=4000, yResolution=3000, SaturationTotalRed=0.713275237582, SaturationTotalGreen=0.566801868627, SaturationTotalBlue=0.491914868301, time=0.56337962963, GreenIndex=-17.766896, LAI=0.0, Utility=-143.70112512472429]"
33,"[15,16]","[39.6460328, -82.8158563]",/data/chumley/tmp/Photos_16SEP2018//North_Path/Images/33.6Feet/Sorte_11/DJI_0072.JPG,"[14,16]","[16,16]","[15,17]","[15,15]","['Links/Photos_16SEP2018_67', [10, 8]]",[],[],"['Links/Photos_02Aug2018_33', '[21, 16]']","[Latitude=39.6460328333, Longitude=-82.8158575556, BrightnessTotal=0.616463453497, exposureTime=0.002743, xResolution=4000, yResolution=3000, SaturationTotalRed=0.725615774837, SaturationTotalGreen=0.583739923529, SaturationTotalBlue=0.509850792157, time=0.563287037037, GreenIndex=-16.8995626667, LAI=0.0, Utility=-136.67740737319616]"
33,"[15,17]","[39.6460328, -82.8159604]",/data/chumley/tmp/Photos_16SEP2018//North_Path/Images/33.6Feet/Sorte_11/DJI_0071.JPG,"[14,17]","[16,17]","[15,18]","[15,16]","['Links/Photos_16SEP2018_67', [10, 8]]",[],[],"['Links/Photos_02Aug2018_33', '[21, 17]']","[Latitude=39.6460335, Longitude=-82.8159599722, BrightnessTotal=0.59878223949, exposureTime=0.0025, xResolution=4000, yResolution=3000, SaturationTotalRed=0.710706215033, SaturationTotalGreen=0.564855208824, SaturationTotalBlue=0.490180594444, time=0.563206018519, GreenIndex=-17.6895946667, LAI=0.0, Utility=-143.07527690958386]"
33,"[15,18]","[39.6460328, -82.8160646]",/data/chumley/tmp/Photos_16SEP2018//North_Path/Images/33.6Feet/Sorte_11/DJI_0070.JPG,"[14,18]","[16,18]","[15,19]","[15,17]","['Links/Photos_16SEP2018_67', [10, 9]]",[],[],"['Links/Photos_02Aug2018_33', '[21, 18]']","[Latitude=39.6460316667, Longitude=-82.8160630556, BrightnessTotal=0.620495460028, exposureTime=0.003245, xResolution=4000, yResolution=3000, SaturationTotalRed=0.726019799346, SaturationTotalGreen=0.589165845425, SaturationTotalBlue=0.516278304248, time=0.563113425926, GreenIndex=-15.8595466667, LAI=0.0, Utility=-128.2559998776471]"
33,"[15,19]","[39.6460328, -82.8161688]",/data/chumley/tmp/Photos_16SEP2018//North_Path/Images/33.6Feet/Sorte_11/DJI_0069.JPG,"[14,19]","[16,19]","[15,20]","[15,18]","['Links/Photos_16SEP2018_67', [10, 9]]",[],[],"['Links/Photos_02Aug2018_33', '[21, 19]']","[Latitude=39.6460327222, Longitude=-82.8161704722, BrightnessTotal=0.618593626896, exposureTime=0.002788, xResolution=4000, yResolution=3000, SaturationTotalRed=0.726402668954, SaturationTotalGreen=0.586457905882, SaturationTotalBlue=0.512120684967, time=0.563032407407, GreenIndex=-16.2676853333, LAI=0.0, Utility=-131.5608519781996]"
33,"[15,20]","[39.6460328, -82.8162729]",/data/chumley/tmp/Photos_16SEP2018//North_Path/Images/33.6Feet/Sorte_11/DJI_0068.JPG,"[14,20]","[16,20]","[15,21]","[15,19]","['Links/Photos_16SEP2018_67', [10, 10]]",[],[],"['Links/Photos_02Aug2018_33', '[21, 20]']","[Latitude=39.6460344444, Longitude=-82.8162718056, BrightnessTotal=0.593798686835, exposureTime=0.002332, xResolution=4000, yResolution=3000, SaturationTotalRed=0.705889820915, SaturationTotalGreen=0.559693778758, SaturationTotalBlue=0.485837974837, time=0.562939814815, GreenIndex=-17.9842666667, LAI=0.0, Utility=-145.46147890980797]"
33,"[15,21]","[39.6460328, -82.8163771]",/data/chumley/tmp/Photos_16SEP2018//North_Path/Images/33.6Feet/Sorte_11/DJI_0067.JPG,"[14,21]","[16,21]","[15,22]","[15,20]","['Links/Photos_16SEP2018_67', [10, 10]]",[],[],"['Links/Photos_02Aug2018_33', '[21, 21]']","[Latitude=39.6460336111, Longitude=-82.8163759167, BrightnessTotal=0.629573362163, exposureTime=0.003245, xResolution=4000, yResolution=3000, SaturationTotalRed=0.735088593464, SaturationTotalGreen=0.598458049346, SaturationTotalBlue=0.523758307516, time=0.562847222222, GreenIndex=-15.3533386667, LAI=0.0, Utility=-124.15667681058804]"
33,"[15,22]","[39.6460328, -82.8164813]",/data/chumley/tmp/Photos_16SEP2018//North_Path/Images/33.6Feet/Sorte_11/DJI_0066.JPG,"[14,22]","[16,22]","[15,23]","[15,21]","['Links/Photos_16SEP2018_67', [10, 11]]",[],[],"['Links/Photos_02Aug2018_33', '[21, 22]']","[Latitude=39.6460332778, Longitude=-82.8164805278, BrightnessTotal=0.643220935449, exposureTime=0.003964, xResolution=4000, yResolution=3000, SaturationTotalRed=0.738064039216, SaturationTotalGreen=0.616197959804, SaturationTotalBlue=0.543389936928, time=0.562766203704, GreenIndex=-12.1078506667, LAI=0.0, Utility=-97.87675041321282]"
33,"[15,23]","[39.6460328, -82.8165855]",/data/chumley/tmp/Photos_16SEP2018//North_Path/Images/33.6Feet/Sorte_11/DJI_0065.JPG,"[14,23]","[16,23]","[15,24]","[15,22]","['Links/Photos_16SEP2018_67', [10, 11]]",[],[],"['Links/Photos_02Aug2018_33', '[21, 23]']","[Latitude=39.6460329722, Longitude=-82.8165851667, BrightnessTotal=0.646271200501, exposureTime=0.004977, xResolution=4000, yResolution=3000, SaturationTotalRed=0.733034233333, SaturationTotalGreen=0.621931604575, SaturationTotalBlue=0.554257136928, time=0.562673611111, GreenIndex=-10.666208, LAI=0.0, Utility=-86.20334765705165]"
33,"[15,24]","[39.6460328, -82.8166896]",/data/chumley/tmp/Photos_16SEP2018//North_Path/Images/33.6Feet/Sorte_11/DJI_0064.JPG,"[14,24]","[16,24]","[15,25]","[15,23]","['Links/Photos_16SEP2018_67', [10, 12]]",[],[],"['Links/Photos_02Aug2018_33', '[21, 24]']","[Latitude=39.6460335833, Longitude=-82.8166909444, BrightnessTotal=0.643586197695, exposureTime=0.006181, xResolution=4000, yResolution=3000, SaturationTotalRed=0.722804340196, SaturationTotalGreen=0.621455003268, SaturationTotalBlue=0.56131558268, time=0.562581018519, GreenIndex=-10.136304, LAI=2.66666666667e-05, Utility=-81.91270677612269]"
33,"[15,25]","[39.6460328, -82.8167938]",/data/chumley/tmp/Photos_16SEP2018//North_Path/Images/33.6Feet/Sorte_11/DJI_0063.JPG,"[14,25]","[16,25]","[15,26]","[15,24]","['Links/Photos_16SEP2018_67', [10, 12]]",[],[],"['Links/Photos_02Aug2018_33', '[21, 25]']","[Latitude=39.6460338333, Longitude=-82.8167933889, BrightnessTotal=0.650346224865, exposureTime=0.006632, xResolution=4000, yResolution=3000, SaturationTotalRed=0.730143210784, SaturationTotalGreen=0.627762205229, SaturationTotalBlue=0.570834208497, time=0.5625, GreenIndex=-11.2216426667, LAI=0.0, Utility=-90.70050921782101]"
33,"[15,26]","[39.6460328, -82.816898]",/data/chumley/tmp/Photos_16SEP2018//North_Path/Images/33.6Feet/Sorte_11/DJI_0062.JPG,"[14,26]","[16,26]","[15,27]","[15,25]","['Links/Photos_16SEP2018_67', [10, 13]]",[],[],"['Links/Photos_02Aug2018_33', '[21, 26]']","[Latitude=39.6460338889, Longitude=-82.8168968889, BrightnessTotal=0.623740859471, exposureTime=0.006081, xResolution=4000, yResolution=3000, SaturationTotalRed=0.708037525817, SaturationTotalGreen=0.599080108497, SaturationTotalBlue=0.545535608824, time=0.562407407407, GreenIndex=-13.7665866667, LAI=0.0, Utility=-111.30859059940555]"
33,"[15,27]","[39.6460328, -82.8170021]",/data/chumley/tmp/Photos_16SEP2018//North_Path/Images/33.6Feet/Sorte_11/DJI_0061.JPG,"[14,27]","[16,27]","[15,28]","[15,26]","['Links/Photos_16SEP2018_67', [10, 13]]",[],[],"['Links/Photos_02Aug2018_33', '[21, 27]']","[Latitude=39.64603225, Longitude=-82.8170035556, BrightnessTotal=0.648872065418, exposureTime=0.006632, xResolution=4000, yResolution=3000, SaturationTotalRed=0.7334976, SaturationTotalGreen=0.62423157451, SaturationTotalBlue=0.570266811111, time=0.562314814815, GreenIndex=-13.7419946667, LAI=0.0, Utility=-111.10822956125041]"
33,"[15,28]","[39.6460328, -82.8171063]",/data/chumley/tmp/Photos_16SEP2018//North_Path/Images/33.6Feet/Sorte_11/DJI_0060.JPG,"[14,28]","[16,28]","[15,29]","[15,27]","['Links/Photos_16SEP2018_67', [10, 14]]",[],[],"['Links/Photos_02Aug2018_33', '[21, 28]']","[Latitude=39.6460318333, Longitude=-82.8171045, BrightnessTotal=0.640610705657, exposureTime=0.006181, xResolution=4000, yResolution=3000, SaturationTotalRed=0.724907331699, SaturationTotalGreen=0.615935816993, SaturationTotalBlue=0.563463201307, time=0.562222222222, GreenIndex=-14.0403093333, LAI=0.0, Utility=-113.52411043949365]"
33,"[15,29]","[39.6460328, -82.8172105]",/data/chumley/tmp/Photos_16SEP2018//North_Path/Images/33.6Feet/Sorte_11/DJI_0059.JPG,"[14,29]","[16,29]","[15,30]","[15,28]","['Links/Photos_16SEP2018_67', [10, 14]]",[],[],"['Links/Photos_02Aug2018_33', '[21, 29]']","[Latitude=39.6460300833, Longitude=-82.8172081389, BrightnessTotal=0.655638798037, exposureTime=0.006181, xResolution=4000, yResolution=3000, SaturationTotalRed=0.740352388889, SaturationTotalGreen=0.63098193366, SaturationTotalBlue=0.577156020261, time=0.562141203704, GreenIndex=-13.794832, LAI=0.0, Utility=-111.53570378410654]"
33,"[15,30]","[39.6460328, -82.8173146]",/data/chumley/tmp/Photos_16SEP2018//North_Path/Images/33.6Feet/Sorte_11/DJI_0058.JPG,"[14,30]","[16,30]","[15,31]","[15,29]","['Links/Photos_16SEP2018_67', [10, 15]]",[],[],"['Links/Photos_02Aug2018_33', '[21, 30]']","[Latitude=39.6460319444, Longitude=-82.8173148611, BrightnessTotal=0.651282198099, exposureTime=0.005197, xResolution=4000, yResolution=3000, SaturationTotalRed=0.741226928431, SaturationTotalGreen=0.625233934967, SaturationTotalBlue=0.56405756634, time=0.562048611111, GreenIndex=-13.579728, LAI=0.0, Utility=-109.79420734573428]"
33,"[15,31]","[39.6460328, -82.8174188]",/data/chumley/tmp/Photos_16SEP2018//North_Path/Images/33.6Feet/Sorte_11/DJI_0057.JPG,"[14,31]","[16,31]","[15,32]","[15,30]","['Links/Photos_16SEP2018_67', [10, 15]]",[],[],"['Links/Photos_02Aug2018_33', '[21, 31]']","[Latitude=39.6460313333, Longitude=-82.8174206944, BrightnessTotal=0.615514300733, exposureTime=0.003407, xResolution=4000, yResolution=3000, SaturationTotalRed=0.712475268301, SaturationTotalGreen=0.587790197712, SaturationTotalBlue=0.511378554575, time=0.561967592593, GreenIndex=-11.8700586667, LAI=0.0, Utility=-95.9525492439601]"
33,"[15,32]","[39.6460328, -82.817523]",/data/chumley/tmp/Photos_16SEP2018//North_Path/Images/33.6Feet/Sorte_11/DJI_0056.JPG,"[14,32]","[16,32]","[15,33]","[15,31]","['Links/Photos_16SEP2018_67', [10, 16]]",[],[],"['Links/Photos_02Aug2018_33', '[21, 32]']","[Latitude=39.6460326667, Longitude=-82.8175241667, BrightnessTotal=0.632150622217, exposureTime=0.00573, xResolution=4000, yResolution=3000, SaturationTotalRed=0.713244864052, SaturationTotalGreen=0.609957106863, SaturationTotalBlue=0.541354140523, time=0.561875, GreenIndex=-8.455168, LAI=5.33333333333e-06, Utility=-68.30076511758632]"
33,"[15,33]","[39.6460328, -82.8176271]",/data/chumley/tmp/Photos_16SEP2018//North_Path/Images/33.6Feet/Sorte_11/DJI_0055.JPG,"[14,33]","[16,33]","[15,34]","[15,32]","['Links/Photos_16SEP2018_67', [10, 16]]",[],[],"['Links/Photos_02Aug2018_33', '[21, 33]']","[Latitude=39.6460331111, Longitude=-82.8176258611, BrightnessTotal=0.623828415711, exposureTime=0.006181, xResolution=4000, yResolution=3000, SaturationTotalRed=0.704817241176, SaturationTotalGreen=0.601101802288, SaturationTotalBlue=0.539151146078, time=0.561782407407, GreenIndex=-10.2942186667, LAI=2.13333333333e-05, Utility=-83.19220857823049]"
33,"[15,34]","[39.6460328, -82.8177313]",/data/chumley/tmp/Photos_16SEP2018//North_Path/Images/33.6Feet/Sorte_11/DJI_0054.JPG,"[14,34]","[16,34]","[15,35]","[15,33]","['Links/Photos_16SEP2018_67', [10, 17]]",[],[],"['Links/Photos_02Aug2018_33', '[21, 34]']","[Latitude=39.6460324444, Longitude=-82.8177323056, BrightnessTotal=0.642514701875, exposureTime=0.006525, xResolution=4000, yResolution=3000, SaturationTotalRed=0.721514413399, SaturationTotalGreen=0.620246370261, SaturationTotalBlue=0.562728196078, time=0.561701388889, GreenIndex=-10.778448, LAI=0.0, Utility=-87.11214570601146]"
33,"[15,35]","[39.6460328, -82.8178355]",/data/chumley/tmp/Photos_16SEP2018//North_Path/Images/33.6Feet/Sorte_11/DJI_0053.JPG,"[14,35]","[16,35]","[15,36]","[15,34]","['Links/Photos_16SEP2018_67', [10, 17]]",[],[],"['Links/Photos_02Aug2018_33', '[21, 35]']","[Latitude=39.6460338056, Longitude=-82.8178339444, BrightnessTotal=0.648015634539, exposureTime=0.00649, xResolution=4000, yResolution=3000, SaturationTotalRed=0.727014348693, SaturationTotalGreen=0.626182102288, SaturationTotalBlue=0.563600089542, time=0.561608796296, GreenIndex=-9.41165333333, LAI=0.0, Utility=-76.04473413612776]"
33,"[15,36]","[39.6460328, -82.8179397]",/data/chumley/tmp/Photos_16SEP2018//North_Path/Images/33.6Feet/Sorte_11/DJI_0052.JPG,"[14,36]","[16,36]","[15,37]","[15,35]","['Links/Photos_16SEP2018_67', [10, 18]]",[],[],"['Links/Photos_02Aug2018_33', '[21, 36]']","[Latitude=39.6460341944, Longitude=-82.8179413611, BrightnessTotal=0.654266306069, exposureTime=0.006632, xResolution=4000, yResolution=3000, SaturationTotalRed=0.729848178105, SaturationTotalGreen=0.634159197712, SaturationTotalBlue=0.56617671732, time=0.561516203704, GreenIndex=-6.69557333333, LAI=0.0, Utility=-54.05190829467802]"
33,"[15,37]","[39.6460328, -82.8180438]",/data/chumley/tmp/Photos_16SEP2018//North_Path/Images/33.6Feet/Sorte_11/DJI_0051.JPG,"[14,37]","[16,37]","[15,38]","[15,36]","['Links/Photos_16SEP2018_67', [10, 18]]",[],[],"['Links/Photos_02Aug2018_33', '[21, 37]']","[Latitude=39.646033, Longitude=-82.8180444444, BrightnessTotal=0.657908960536, exposureTime=0.006596, xResolution=4000, yResolution=3000, SaturationTotalRed=0.733982615359, SaturationTotalGreen=0.637212356863, SaturationTotalBlue=0.57441529902, time=0.561435185185, GreenIndex=-8.297616, LAI=0.0, Utility=-67.02368717854938]"
33,"[15,38]","[39.6460328, -82.818148]",/data/chumley/tmp/Photos_16SEP2018//North_Path/Images/33.6Feet/Sorte_11/DJI_0050.JPG,"[14,38]","[16,38]","[15,39]","[15,37]","['Links/Photos_16SEP2018_67', [10, 19]]",[],[],"['Links/Photos_02Aug2018_33', '[21, 38]']","[Latitude=39.6460312778, Longitude=-82.8181469722, BrightnessTotal=0.653536715811, exposureTime=0.006525, xResolution=4000, yResolution=3000, SaturationTotalRed=0.731075825817, SaturationTotalGreen=0.631976503268, SaturationTotalBlue=0.572931806536, time=0.561342592593, GreenIndex=-9.85427733333, LAI=0.0, Utility=-79.62840154573931]"
33,"[15,39]","[39.6460328, -82.8182522]",/data/chumley/tmp/Photos_16SEP2018//North_Path/Images/33.6Feet/Sorte_11/DJI_0049.JPG,"[14,39]","[16,39]","[15,40]","[15,38]","['Links/Photos_16SEP2018_67', [10, 19]]",[],[],"['Links/Photos_02Aug2018_33', '[21, 39]']","[Latitude=39.6460332222, Longitude=-82.8182533333, BrightnessTotal=0.664618362014, exposureTime=0.006814, xResolution=4000, yResolution=3000, SaturationTotalRed=0.739760074183, SaturationTotalGreen=0.643899743464, SaturationTotalBlue=0.585839972222, time=0.561261574074, GreenIndex=-9.30296, LAI=0.0, Utility=-75.16373989154306]"
33,"[15,40]","[39.6460328, -82.8183563]",/data/chumley/tmp/Photos_16SEP2018//North_Path/Images/33.6Feet/Sorte_11/DJI_0048.JPG,"[14,40]","[16,40]","[15,41]","[15,39]","['Links/Photos_16SEP2018_67', [10, 20]]",[],[],"['Links/Photos_02Aug2018_33', '[21, 40]']","[Latitude=39.6460335833, Longitude=-82.8183565278, BrightnessTotal=0.650815101882, exposureTime=0.006248, xResolution=4000, yResolution=3000, SaturationTotalRed=0.725671089216, SaturationTotalGreen=0.630600072222, SaturationTotalBlue=0.567106218301, time=0.561168981481, GreenIndex=-7.690048, LAI=0.0, Utility=-62.1044174651355]"
33,"[15,41]","[39.6460328, -82.8184605]",/data/chumley/tmp/Photos_16SEP2018//North_Path/Images/33.6Feet/Sorte_11/DJI_0047.JPG,"[14,41]","[16,41]","[15,42]","[15,40]","['Links/Photos_16SEP2018_67', [10, 20]]",[],[],"['Links/Photos_02Aug2018_33', '[21, 41]']","[Latitude=39.6460329722, Longitude=-82.8184618611, BrightnessTotal=0.668904860154, exposureTime=0.00642, xResolution=4000, yResolution=3000, SaturationTotalRed=0.738090248039, SaturationTotalGreen=0.650723435621, SaturationTotalBlue=0.58842610915, time=0.561076388889, GreenIndex=-6.074976, LAI=0.0, Utility=-49.02602083728347]"
33,"[15,42]","[39.6460328, -82.8185647]",/data/chumley/tmp/Photos_16SEP2018//North_Path/Images/33.6Feet/Sorte_11/DJI_0046.JPG,"[14,42]","[16,42]","[15,43]","[15,41]","['Links/Photos_16SEP2018_67', [10, 21]]",[],[],"['Links/Photos_02Aug2018_33', '[21, 42]']","[Latitude=39.646034, Longitude=-82.8185638056, BrightnessTotal=0.677592270882, exposureTime=0.005398, xResolution=4000, yResolution=3000, SaturationTotalRed=0.751645717974, SaturationTotalGreen=0.657601115359, SaturationTotalBlue=0.59603715817, time=0.56099537037, GreenIndex=-7.95189333333, LAI=0.0, Utility=-64.22328080917612]"
33,"[15,43]","[39.6460328, -82.8186688]",/data/chumley/tmp/Photos_16SEP2018//North_Path/Images/33.6Feet/Sorte_11/DJI_0045.JPG,"[14,43]","[16,43]",[],"[15,42]","['Links/Photos_16SEP2018_67', [10, 21]]",[],[],"['Links/Photos_02Aug2018_33', '[21, 43]']","[Latitude=39.6460349167, Longitude=-82.8186680833, BrightnessTotal=0.664814561468, exposureTime=0.002865, xResolution=4000, yResolution=3000, SaturationTotalRed=0.755637617974, SaturationTotalGreen=0.639823634314, SaturationTotalBlue=0.562199109477, time=0.560902777778, GreenIndex=-9.33728533333, LAI=0.0, Utility=-75.44171080841612]"
