33,"[10,0]","[39.6469954, -82.8141896]",/data/chumley/tmp/Photos_20AUG2018//North_Path/Images/33.6Feet/Sorte_7/DJI_0002.JPG,"[9,0]","[11,0]","[10,1]",[],"['Links/Photos_20AUG2018_67', [6, 0]]",[],"['Links/Photos_16SEP2018_33', '[12, 0]']","['Links/Photos_02Aug2018_33', '[12, 0]']","[Latitude=39.6469925278, Longitude=-82.8141943056, BrightnessTotal=0.625162198678, exposureTime=0.007886, xResolution=4000, yResolution=3000, SaturationTotalRed=0.647287853595, SaturationTotalGreen=0.634364081046, SaturationTotalBlue=0.416260070588, time=0.63037037037, GreenIndex=52.794976, LAI=0.029408, Utility=427.639206406428]"
33,"[10,1]","[39.6469954, -82.8142937]",/data/chumley/tmp/Photos_20AUG2018//North_Path/Images/33.6Feet/Sorte_7/DJI_0003.JPG,"[9,1]","[11,1]","[10,2]","[10,0]","['Links/Photos_20AUG2018_67', [6, 0]]",[],"['Links/Photos_16SEP2018_33', '[12, 1]']","['Links/Photos_02Aug2018_33', '[12, 1]']","[Latitude=39.6469953611, Longitude=-82.8142944167, BrightnessTotal=0.611005609616, exposureTime=0.007311, xResolution=4000, yResolution=3000, SaturationTotalRed=0.639507602941, SaturationTotalGreen=0.618511051307, SaturationTotalBlue=0.391451861438, time=0.630462962963, GreenIndex=53.0182186667, LAI=0.0286026666667, Utility=429.44608821688473]"
33,"[10,2]","[39.6469954, -82.8143979]",/data/chumley/tmp/Photos_20AUG2018//North_Path/Images/33.6Feet/Sorte_7/DJI_0004.JPG,"[9,2]","[11,2]","[10,3]","[10,1]","['Links/Photos_20AUG2018_67', [6, 1]]",[],"['Links/Photos_16SEP2018_33', '[12, 2]']","['Links/Photos_02Aug2018_33', '[12, 2]']","[Latitude=39.6469975833, Longitude=-82.8143939444, BrightnessTotal=0.615522198742, exposureTime=0.008191, xResolution=4000, yResolution=3000, SaturationTotalRed=0.629213328431, SaturationTotalGreen=0.627908400654, SaturationTotalBlue=0.402447614379, time=0.630555555556, GreenIndex=57.6282666667, LAI=0.0499893333333, Utility=466.774588595373]"
33,"[10,3]","[39.6469954, -82.8145021]",/data/chumley/tmp/Photos_20AUG2018//North_Path/Images/33.6Feet/Sorte_7/DJI_0005.JPG,"[9,3]","[11,3]","[10,4]","[10,2]","['Links/Photos_20AUG2018_67', [6, 1]]",[],"['Links/Photos_16SEP2018_33', '[12, 3]']","['Links/Photos_02Aug2018_33', '[12, 3]']","[Latitude=39.6469976667, Longitude=-82.8144963611, BrightnessTotal=0.59610747573, exposureTime=0.007593, xResolution=4000, yResolution=3000, SaturationTotalRed=0.612201335948, SaturationTotalGreen=0.607857392484, SaturationTotalBlue=0.377717734967, time=0.630648148148, GreenIndex=58.1027733333, LAI=0.0638186666667, Utility=470.6157608844342]"
33,"[10,4]","[39.6469954, -82.8146062]",/data/chumley/tmp/Photos_20AUG2018//North_Path/Images/33.6Feet/Sorte_7/DJI_0006.JPG,"[9,4]","[11,4]","[10,5]","[10,3]","['Links/Photos_20AUG2018_67', [6, 2]]",[],"['Links/Photos_16SEP2018_33', '[12, 4]']","['Links/Photos_02Aug2018_33', '[12, 4]']","[Latitude=39.6470003333, Longitude=-82.8145960278, BrightnessTotal=0.582442551258, exposureTime=0.007193, xResolution=4000, yResolution=3000, SaturationTotalRed=0.588457593137, SaturationTotalGreen=0.596638698039, SaturationTotalBlue=0.379718670261, time=0.630729166667, GreenIndex=57.8669706667, LAI=0.0801386666667, Utility=468.7058155949949]"
33,"[10,5]","[39.6469954, -82.8147104]",/data/chumley/tmp/Photos_20AUG2018//North_Path/Images/33.6Feet/Sorte_7/DJI_0007.JPG,"[9,5]","[11,5]","[10,6]","[10,4]","['Links/Photos_20AUG2018_67', [6, 2]]",[],"['Links/Photos_16SEP2018_33', '[12, 5]']","['Links/Photos_02Aug2018_33', '[12, 5]']","[Latitude=39.6469952222, Longitude=-82.8147065556, BrightnessTotal=0.587299278799, exposureTime=0.00739, xResolution=4000, yResolution=3000, SaturationTotalRed=0.598729401307, SaturationTotalGreen=0.600131225163, SaturationTotalBlue=0.376881303268, time=0.630821759259, GreenIndex=57.7624373333, LAI=0.0683466666667, Utility=467.85958330267977]"
33,"[10,6]","[39.6469954, -82.8148146]",/data/chumley/tmp/Photos_20AUG2018//North_Path/Images/33.6Feet/Sorte_7/DJI_0008.JPG,"[9,6]","[11,6]","[10,7]","[10,5]","['Links/Photos_20AUG2018_67', [6, 3]]",[],"['Links/Photos_16SEP2018_33', '[12, 6]']","['Links/Photos_02Aug2018_33', '[12, 6]']","[Latitude=39.6469970278, Longitude=-82.8148095, BrightnessTotal=0.573673104564, exposureTime=0.006814, xResolution=4000, yResolution=3000, SaturationTotalRed=0.586009818954, SaturationTotalGreen=0.58630105098, SaturationTotalBlue=0.359924749673, time=0.630902777778, GreenIndex=58.2859946667, LAI=0.0757173333333, Utility=472.098217539091]"
33,"[10,7]","[39.6469954, -82.8149187]",/data/chumley/tmp/Photos_20AUG2018//North_Path/Images/33.6Feet/Sorte_7/DJI_0009.JPG,"[9,7]","[11,7]","[10,8]","[10,6]","['Links/Photos_20AUG2018_67', [6, 3]]",[],"['Links/Photos_16SEP2018_33', '[12, 7]']","['Links/Photos_02Aug2018_33', '[12, 7]']","[Latitude=39.6469961944, Longitude=-82.8149154167, BrightnessTotal=0.604547615415, exposureTime=0.007886, xResolution=4000, yResolution=3000, SaturationTotalRed=0.612506008497, SaturationTotalGreen=0.618889504248, SaturationTotalBlue=0.390957614379, time=0.63099537037, GreenIndex=60.230368, LAI=0.062688, Utility=487.84359585883374]"
33,"[10,8]","[39.6469954, -82.8150229]",/data/chumley/tmp/Photos_20AUG2018//North_Path/Images/33.6Feet/Sorte_7/DJI_0010.JPG,"[9,8]","[11,8]","[10,9]","[10,7]","['Links/Photos_20AUG2018_67', [6, 4]]",[],"['Links/Photos_16SEP2018_33', '[12, 8]']","['Links/Photos_02Aug2018_33', '[12, 8]']","[Latitude=39.6469981389, Longitude=-82.8150166944, BrightnessTotal=0.585568699817, exposureTime=0.00739, xResolution=4000, yResolution=3000, SaturationTotalRed=0.586693569935, SaturationTotalGreen=0.601667025817, SaturationTotalBlue=0.379473938889, time=0.631087962963, GreenIndex=60.965536, LAI=0.0787253333333, Utility=493.79545571963416]"
33,"[10,9]","[39.6469954, -82.8151271]",/data/chumley/tmp/Photos_20AUG2018//North_Path/Images/33.6Feet/Sorte_7/DJI_0011.JPG,"[9,9]","[11,9]","[10,10]","[10,8]","['Links/Photos_20AUG2018_67', [6, 4]]",[],"['Links/Photos_16SEP2018_33', '[12, 9]']","['Links/Photos_02Aug2018_33', '[12, 9]']","[Latitude=39.6469996667, Longitude=-82.8151170833, BrightnessTotal=0.592257469904, exposureTime=0.00743, xResolution=4000, yResolution=3000, SaturationTotalRed=0.602005166013, SaturationTotalGreen=0.605818450654, SaturationTotalBlue=0.380015383007, time=0.631180555556, GreenIndex=59.0304213333, LAI=0.058992, Utility=478.1268205149657]"
33,"[10,10]","[39.6469954, -82.8152313]",/data/chumley/tmp/Photos_20AUG2018//North_Path/Images/33.6Feet/Sorte_7/DJI_0012.JPG,"[9,10]","[11,10]","[10,11]","[10,9]","['Links/Photos_20AUG2018_67', [6, 5]]",[],"['Links/Photos_16SEP2018_33', '[12, 10]']","['Links/Photos_02Aug2018_33', '[12, 10]']","[Latitude=39.6469968889, Longitude=-82.8152264444, BrightnessTotal=0.60887941401, exposureTime=0.007077, xResolution=4000, yResolution=3000, SaturationTotalRed=0.6313917, SaturationTotalGreen=0.618737927451, SaturationTotalBlue=0.385739625817, time=0.631273148148, GreenIndex=56.6813173333, LAI=0.0363306666667, Utility=459.1065131808286]"
33,"[10,11]","[39.6469954, -82.8153354]",/data/chumley/tmp/Photos_20AUG2018//North_Path/Images/33.6Feet/Sorte_7/DJI_0013.JPG,"[9,11]","[11,11]","[10,12]","[10,10]","['Links/Photos_20AUG2018_67', [6, 5]]",[],"['Links/Photos_16SEP2018_33', '[12, 11]']","['Links/Photos_02Aug2018_33', '[12, 11]']","[Latitude=39.6469964444, Longitude=-82.8153267222, BrightnessTotal=0.603127958313, exposureTime=0.006777, xResolution=4000, yResolution=3000, SaturationTotalRed=0.625515418627, SaturationTotalGreen=0.613173959477, SaturationTotalBlue=0.376977194444, time=0.631354166667, GreenIndex=57.5916906667, LAI=0.0355573333333, Utility=466.4776407596287]"
33,"[10,12]","[39.6469954, -82.8154396]",/data/chumley/tmp/Photos_20AUG2018//North_Path/Images/33.6Feet/Sorte_7/DJI_0014.JPG,"[9,12]","[11,12]","[10,13]","[10,11]","['Links/Photos_20AUG2018_67', [6, 6]]",[],"['Links/Photos_16SEP2018_33', '[12, 12]']","['Links/Photos_02Aug2018_33', '[12, 12]']","[Latitude=39.6469980556, Longitude=-82.8154368333, BrightnessTotal=0.610513211721, exposureTime=0.006316, xResolution=4000, yResolution=3000, SaturationTotalRed=0.637613020588, SaturationTotalGreen=0.619200919935, SaturationTotalBlue=0.379852651307, time=0.631458333333, GreenIndex=56.8836266667, LAI=0.0253013333333, Utility=460.74466158915243]"
33,"[10,13]","[39.6469954, -82.8155438]",/data/chumley/tmp/Photos_20AUG2018//North_Path/Images/33.6Feet/Sorte_7/DJI_0015.JPG,"[9,13]","[11,13]","[10,14]","[10,12]","['Links/Photos_20AUG2018_67', [6, 6]]",[],"['Links/Photos_16SEP2018_33', '[12, 13]']","['Links/Photos_02Aug2018_33', '[12, 13]']","[Latitude=39.6469978056, Longitude=-82.8155420556, BrightnessTotal=0.617014569237, exposureTime=0.006632, xResolution=4000, yResolution=3000, SaturationTotalRed=0.652300648039, SaturationTotalGreen=0.623556918954, SaturationTotalBlue=0.373488271895, time=0.631550925926, GreenIndex=56.947888, LAI=0.0305493333333, Utility=461.26524187067264]"
33,"[10,14]","[39.6469954, -82.8156479]",/data/chumley/tmp/Photos_20AUG2018//North_Path/Images/33.6Feet/Sorte_7/DJI_0016.JPG,"[9,14]","[11,14]","[10,15]","[10,13]","['Links/Photos_20AUG2018_67', [6, 7]]",[],"['Links/Photos_16SEP2018_33', '[12, 14]']","['Links/Photos_02Aug2018_33', '[12, 14]']","[Latitude=39.64699575, Longitude=-82.8156449722, BrightnessTotal=0.631747743508, exposureTime=0.007634, xResolution=4000, yResolution=3000, SaturationTotalRed=0.655650535948, SaturationTotalGreen=0.642207696078, SaturationTotalBlue=0.393234566013, time=0.631631944444, GreenIndex=60.5720906667, LAI=0.0344373333333, Utility=490.6116952537626]"
33,"[10,15]","[39.6469954, -82.8157521]",/data/chumley/tmp/Photos_20AUG2018//North_Path/Images/33.6Feet/Sorte_7/DJI_0017.JPG,"[9,15]","[11,15]","[10,16]","[10,14]","['Links/Photos_20AUG2018_67', [6, 7]]",[],"['Links/Photos_16SEP2018_33', '[12, 15]']","['Links/Photos_02Aug2018_33', '[12, 15]']","[Latitude=39.6469957222, Longitude=-82.8157450278, BrightnessTotal=0.62203236001, exposureTime=0.008103, xResolution=4000, yResolution=3000, SaturationTotalRed=0.63359888268, SaturationTotalGreen=0.636382647386, SaturationTotalBlue=0.389800720261, time=0.631724537037, GreenIndex=64.080192, LAI=0.0499573333333, Utility=519.0168695432357]"
33,"[10,16]","[39.6469954, -82.8158563]",/data/chumley/tmp/Photos_20AUG2018//North_Path/Images/33.6Feet/Sorte_7/DJI_0018.JPG,"[9,16]","[11,16]","[10,17]","[10,15]","['Links/Photos_20AUG2018_67', [6, 8]]",[],"['Links/Photos_16SEP2018_33', '[12, 16]']","['Links/Photos_02Aug2018_33', '[12, 16]']","[Latitude=39.6469956667, Longitude=-82.8158536389, BrightnessTotal=0.606429343171, exposureTime=0.007759, xResolution=4000, yResolution=3000, SaturationTotalRed=0.615936353922, SaturationTotalGreen=0.621143627124, SaturationTotalBlue=0.37817945, time=0.631805555556, GreenIndex=63.7860053333, LAI=0.05896, Utility=516.6340386206432]"
33,"[10,17]","[39.6469954, -82.8159604]",/data/chumley/tmp/Photos_20AUG2018//North_Path/Images/33.6Feet/Sorte_7/DJI_0019.JPG,"[9,17]","[11,17]","[10,18]","[10,16]","['Links/Photos_20AUG2018_67', [6, 8]]",[],"['Links/Photos_16SEP2018_33', '[12, 17]']","['Links/Photos_02Aug2018_33', '[12, 17]']","[Latitude=39.6469971944, Longitude=-82.8159550556, BrightnessTotal=0.606768733817, exposureTime=0.007676, xResolution=4000, yResolution=3000, SaturationTotalRed=0.617746464706, SaturationTotalGreen=0.620815918627, SaturationTotalBlue=0.381177494444, time=0.631898148148, GreenIndex=62.4131733333, LAI=0.0560213333333, Utility=505.51801956612366]"
33,"[10,18]","[39.6469954, -82.8160646]",/data/chumley/tmp/Photos_20AUG2018//North_Path/Images/33.6Feet/Sorte_7/DJI_0020.JPG,"[9,18]","[11,18]","[10,19]","[10,17]","['Links/Photos_20AUG2018_67', [6, 9]]",[],"['Links/Photos_16SEP2018_33', '[12, 18]']","['Links/Photos_02Aug2018_33', '[12, 18]']","[Latitude=39.6469990833, Longitude=-82.8160589167, BrightnessTotal=0.60162696762, exposureTime=0.007802, xResolution=4000, yResolution=3000, SaturationTotalRed=0.60502500915, SaturationTotalGreen=0.617785909804, SaturationTotalBlue=0.383655477451, time=0.631979166667, GreenIndex=63.4473866667, LAI=0.0683946666667, Utility=513.8919710985095]"
33,"[10,19]","[39.6469954, -82.8161688]",/data/chumley/tmp/Photos_20AUG2018//North_Path/Images/33.6Feet/Sorte_7/DJI_0021.JPG,"[9,19]","[11,19]","[10,20]","[10,18]","['Links/Photos_20AUG2018_67', [6, 9]]",[],"['Links/Photos_16SEP2018_33', '[12, 19]']","['Links/Photos_02Aug2018_33', '[12, 19]']","[Latitude=39.6469966667, Longitude=-82.8161651389, BrightnessTotal=0.613271791312, exposureTime=0.008508, xResolution=4000, yResolution=3000, SaturationTotalRed=0.613930453595, SaturationTotalGreen=0.630564768301, SaturationTotalBlue=0.393270476471, time=0.632071759259, GreenIndex=65.2378613333, LAI=0.0670986666667, Utility=528.3902629893694]"
33,"[10,20]","[39.6469954, -82.8162729]",/data/chumley/tmp/Photos_20AUG2018//North_Path/Images/33.6Feet/Sorte_7/DJI_0022.JPG,"[9,20]","[11,20]","[10,21]","[10,19]","['Links/Photos_20AUG2018_67', [6, 10]]",[],"['Links/Photos_16SEP2018_33', '[12, 20]']","['Links/Photos_02Aug2018_33', '[12, 20]']","[Latitude=39.6469983056, Longitude=-82.8162656111, BrightnessTotal=0.591309320092, exposureTime=0.007232, xResolution=4000, yResolution=3000, SaturationTotalRed=0.595790055229, SaturationTotalGreen=0.607489039869, SaturationTotalBlue=0.365643863399, time=0.632164351852, GreenIndex=65.1738506667, LAI=0.078656, Utility=527.8708520694877]"
33,"[10,21]","[39.6469954, -82.8163771]",/data/chumley/tmp/Photos_20AUG2018//North_Path/Images/33.6Feet/Sorte_7/DJI_0023.JPG,"[9,21]","[11,21]","[10,22]","[10,20]","['Links/Photos_20AUG2018_67', [6, 10]]",[],"['Links/Photos_16SEP2018_33', '[12, 21]']","['Links/Photos_02Aug2018_33', '[12, 21]']","[Latitude=39.6469979722, Longitude=-82.8163706944, BrightnessTotal=0.620430048958, exposureTime=0.007759, xResolution=4000, yResolution=3000, SaturationTotalRed=0.63654784183, SaturationTotalGreen=0.632815911765, SaturationTotalBlue=0.394200874183, time=0.63224537037, GreenIndex=60.3781973333, LAI=0.0324906666667, Utility=489.0411115843501]"
33,"[10,22]","[39.6469954, -82.8164813]",/data/chumley/tmp/Photos_20AUG2018//North_Path/Images/33.6Feet/Sorte_7/DJI_0024.JPG,"[9,22]","[11,22]","[10,23]","[10,21]","['Links/Photos_20AUG2018_67', [6, 11]]",[],"['Links/Photos_16SEP2018_33', '[12, 22]']","['Links/Photos_02Aug2018_33', '[12, 22]']","[Latitude=39.6469961111, Longitude=-82.816474, BrightnessTotal=0.607034411397, exposureTime=0.00635, xResolution=4000, yResolution=3000, SaturationTotalRed=0.635878438889, SaturationTotalGreen=0.615282509804, SaturationTotalBlue=0.37280451732, time=0.632337962963, GreenIndex=57.0820426667, LAI=0.02896, Utility=462.3509390780643]"
33,"[10,23]","[39.6469954, -82.8165855]",/data/chumley/tmp/Photos_20AUG2018//North_Path/Images/33.6Feet/Sorte_7/DJI_0025.JPG,"[9,23]","[11,23]","[10,24]","[10,22]","['Links/Photos_20AUG2018_67', [6, 11]]",[],"['Links/Photos_16SEP2018_33', '[12, 23]']","['Links/Photos_02Aug2018_33', '[12, 23]']","[Latitude=39.6469985556, Longitude=-82.8165763056, BrightnessTotal=0.629764415857, exposureTime=0.00649, xResolution=4000, yResolution=3000, SaturationTotalRed=0.668669065686, SaturationTotalGreen=0.635359175817, SaturationTotalBlue=0.381636153268, time=0.632430555556, GreenIndex=56.7199573333, LAI=0.0121813333333, Utility=459.4201107678641]"
33,"[10,24]","[39.6469954, -82.8166896]",/data/chumley/tmp/Photos_20AUG2018//North_Path/Images/33.6Feet/Sorte_7/DJI_0026.JPG,"[9,24]","[11,24]","[10,25]","[10,23]","['Links/Photos_20AUG2018_67', [6, 12]]",[],"['Links/Photos_16SEP2018_33', '[12, 24]']","['Links/Photos_02Aug2018_33', '[12, 24]']","[Latitude=39.6469971111, Longitude=-82.8166858611, BrightnessTotal=0.618844917901, exposureTime=0.007115, xResolution=4000, yResolution=3000, SaturationTotalRed=0.639441670261, SaturationTotalGreen=0.63037088366, SaturationTotalBlue=0.380531405229, time=0.632523148148, GreenIndex=61.9144586667, LAI=0.033616, Utility=501.4802840684202]"
33,"[10,25]","[39.6469954, -82.8167938]",/data/chumley/tmp/Photos_20AUG2018//North_Path/Images/33.6Feet/Sorte_7/DJI_0027.JPG,"[9,25]","[11,25]","[10,26]","[10,24]","['Links/Photos_20AUG2018_67', [6, 12]]",[],"['Links/Photos_16SEP2018_33', '[12, 25]']","['Links/Photos_02Aug2018_33', '[12, 25]']","[Latitude=39.6469970556, Longitude=-82.8167913056, BrightnessTotal=0.623622318618, exposureTime=0.008191, xResolution=4000, yResolution=3000, SaturationTotalRed=0.631181254575, SaturationTotalGreen=0.63892515915, SaturationTotalBlue=0.398695246405, time=0.632615740741, GreenIndex=63.7281973333, LAI=0.045728, Utility=516.1666776283495]"
33,"[10,26]","[39.6469954, -82.816898]",/data/chumley/tmp/Photos_20AUG2018//North_Path/Images/33.6Feet/Sorte_7/DJI_0028.JPG,"[9,26]","[11,26]","[10,27]","[10,25]","['Links/Photos_20AUG2018_67', [6, 13]]",[],"['Links/Photos_16SEP2018_33', '[12, 26]']","['Links/Photos_02Aug2018_33', '[12, 26]']","[Latitude=39.6469987222, Longitude=-82.8168929722, BrightnessTotal=0.598858676144, exposureTime=0.008371, xResolution=4000, yResolution=3000, SaturationTotalRed=0.596472734967, SaturationTotalGreen=0.615867346405, SaturationTotalBlue=0.398482822222, time=0.632696759259, GreenIndex=60.839488, LAI=0.06568, Utility=492.775234524266]"
33,"[10,27]","[39.6469954, -82.8170021]",/data/chumley/tmp/Photos_20AUG2018//North_Path/Images/33.6Feet/Sorte_7/DJI_0029.JPG,"[9,27]","[11,27]","[10,28]","[10,26]","['Links/Photos_20AUG2018_67', [6, 13]]",[],"['Links/Photos_16SEP2018_33', '[12, 27]']","['Links/Photos_02Aug2018_33', '[12, 27]']","[Latitude=39.6469973333, Longitude=-82.8169993611, BrightnessTotal=0.598749645984, exposureTime=0.008462, xResolution=4000, yResolution=3000, SaturationTotalRed=0.591848268301, SaturationTotalGreen=0.616789130719, SaturationTotalBlue=0.405953525163, time=0.632789351852, GreenIndex=60.5848746667, LAI=0.06888, Utility=490.71360096781456]"
33,"[10,28]","[39.6469954, -82.8171063]",/data/chumley/tmp/Photos_20AUG2018//North_Path/Images/33.6Feet/Sorte_7/DJI_0030.JPG,"[9,28]","[11,28]","[10,29]","[10,27]","['Links/Photos_20AUG2018_67', [6, 14]]",[],"['Links/Photos_16SEP2018_33', '[12, 28]']","['Links/Photos_02Aug2018_33', '[12, 28]']","[Latitude=39.6469964722, Longitude=-82.8171027222, BrightnessTotal=0.586833037545, exposureTime=0.007511, xResolution=4000, yResolution=3000, SaturationTotalRed=0.582573326144, SaturationTotalGreen=0.605338469935, SaturationTotalBlue=0.371271003268, time=0.63287037037, GreenIndex=65.9854986667, LAI=0.0916586666667, Utility=534.4425987142071]"
33,"[10,29]","[39.6469954, -82.8172105]",/data/chumley/tmp/Photos_20AUG2018//North_Path/Images/33.6Feet/Sorte_7/DJI_0031.JPG,"[9,29]","[11,29]","[10,30]","[10,28]","['Links/Photos_20AUG2018_67', [6, 14]]",[],"['Links/Photos_16SEP2018_33', '[12, 29]']","['Links/Photos_02Aug2018_33', '[12, 29]']","[Latitude=39.6469945278, Longitude=-82.8172066667, BrightnessTotal=0.597484053587, exposureTime=0.007115, xResolution=4000, yResolution=3000, SaturationTotalRed=0.602245808824, SaturationTotalGreen=0.613921255556, SaturationTotalBlue=0.366603428431, time=0.632962962963, GreenIndex=66.5637173333, LAI=0.0660746666667, Utility=539.1249659651362]"
33,"[10,30]","[39.6469954, -82.8173146]",/data/chumley/tmp/Photos_20AUG2018//North_Path/Images/33.6Feet/Sorte_7/DJI_0032.JPG,"[9,30]","[11,30]","[10,31]","[10,29]","['Links/Photos_20AUG2018_67', [6, 15]]",[],"['Links/Photos_16SEP2018_33', '[12, 30]']","['Links/Photos_02Aug2018_33', '[12, 30]']","[Latitude=39.6469975556, Longitude=-82.8173091944, BrightnessTotal=0.596302985718, exposureTime=0.006632, xResolution=4000, yResolution=3000, SaturationTotalRed=0.609851659804, SaturationTotalGreen=0.610488138889, SaturationTotalBlue=0.351718155882, time=0.633055555556, GreenIndex=66.6659626667, LAI=0.0502133333333, Utility=539.9527329757134]"
33,"[10,31]","[39.6469954, -82.8174188]",/data/chumley/tmp/Photos_20AUG2018//North_Path/Images/33.6Feet/Sorte_7/DJI_0033.JPG,"[9,31]","[11,31]","[10,32]","[10,30]","['Links/Photos_20AUG2018_67', [6, 15]]",[],"['Links/Photos_16SEP2018_33', '[12, 31]']","['Links/Photos_02Aug2018_33', '[12, 31]']","[Latitude=39.6469983889, Longitude=-82.8174128611, BrightnessTotal=0.625157305264, exposureTime=0.00635, xResolution=4000, yResolution=3000, SaturationTotalRed=0.652098795098, SaturationTotalGreen=0.635499603595, SaturationTotalBlue=0.369289015359, time=0.633148148148, GreenIndex=64.175152, LAI=0.0181386666667, Utility=519.7855983511488]"
33,"[10,32]","[39.6469954, -82.817523]",/data/chumley/tmp/Photos_20AUG2018//North_Path/Images/33.6Feet/Sorte_7/DJI_0034.JPG,"[9,32]","[11,32]","[10,33]","[10,31]","['Links/Photos_20AUG2018_67', [6, 16]]",[],"['Links/Photos_16SEP2018_33', '[12, 32]']","['Links/Photos_02Aug2018_33', '[12, 32]']","[Latitude=39.6469971111, Longitude=-82.8175166389, BrightnessTotal=0.64823945742, exposureTime=0.006851, xResolution=4000, yResolution=3000, SaturationTotalRed=0.66883073366, SaturationTotalGreen=0.659897714379, SaturationTotalBlue=0.41124733268, time=0.633240740741, GreenIndex=61.6455146667, LAI=0.014144, Utility=499.30392344970164]"
33,"[10,33]","[39.6469954, -82.8176271]",/data/chumley/tmp/Photos_20AUG2018//North_Path/Images/33.6Feet/Sorte_7/DJI_0035.JPG,"[9,33]","[11,33]","[10,34]","[10,32]","['Links/Photos_20AUG2018_67', [6, 16]]",[],"['Links/Photos_16SEP2018_33', '[12, 33]']","['Links/Photos_02Aug2018_33', '[12, 33]']","[Latitude=39.6469973333, Longitude=-82.8176184167, BrightnessTotal=0.648270352536, exposureTime=0.00743, xResolution=4000, yResolution=3000, SaturationTotalRed=0.662505807516, SaturationTotalGreen=0.661244021569, SaturationTotalBlue=0.426007851634, time=0.633321759259, GreenIndex=60.15488, LAI=0.0156266666667, Utility=487.23407395589595]"
33,"[10,34]","[39.6469954, -82.8177313]",/data/chumley/tmp/Photos_20AUG2018//North_Path/Images/33.6Feet/Sorte_7/DJI_0036.JPG,"[9,34]","[11,34]","[10,35]","[10,33]","['Links/Photos_20AUG2018_67', [6, 17]]",[],"['Links/Photos_16SEP2018_33', '[12, 34]']","['Links/Photos_02Aug2018_33', '[12, 34]']","[Latitude=39.6469979167, Longitude=-82.8177249167, BrightnessTotal=0.611628233319, exposureTime=0.006925, xResolution=4000, yResolution=3000, SaturationTotalRed=0.613849956536, SaturationTotalGreen=0.628575960458, SaturationTotalBlue=0.388398151307, time=0.633414351852, GreenIndex=65.47848, LAI=0.049408, Utility=530.3382787184714]"
33,"[10,35]","[39.6469954, -82.8178355]",/data/chumley/tmp/Photos_20AUG2018//North_Path/Images/33.6Feet/Sorte_7/DJI_0037.JPG,"[9,35]","[11,35]","[10,36]","[10,34]","['Links/Photos_20AUG2018_67', [6, 17]]",[],"['Links/Photos_16SEP2018_33', '[12, 35]']","['Links/Photos_02Aug2018_33', '[12, 35]']","[Latitude=39.6469978889, Longitude=-82.8178271111, BrightnessTotal=0.605323961071, exposureTime=0.00656, xResolution=4000, yResolution=3000, SaturationTotalRed=0.609818765686, SaturationTotalGreen=0.621828347386, SaturationTotalBlue=0.375831731699, time=0.63349537037, GreenIndex=66.3056586667, LAI=0.0556, Utility=537.0357263969278]"
33,"[10,36]","[39.6469954, -82.8179397]",/data/chumley/tmp/Photos_20AUG2018//North_Path/Images/33.6Feet/Sorte_7/DJI_0038.JPG,"[9,36]","[11,36]","[10,37]","[10,35]","['Links/Photos_20AUG2018_67', [6, 18]]",[],"['Links/Photos_16SEP2018_33', '[12, 36]']","['Links/Photos_02Aug2018_33', '[12, 36]']","[Latitude=39.6470004444, Longitude=-82.81793025, BrightnessTotal=0.619967328893, exposureTime=0.007154, xResolution=4000, yResolution=3000, SaturationTotalRed=0.628858255229, SaturationTotalGreen=0.635033162745, SaturationTotalBlue=0.390990419608, time=0.633587962963, GreenIndex=64.297968, LAI=0.0437706666667, Utility=520.7798463527529]"
33,"[10,37]","[39.6469954, -82.8180438]",/data/chumley/tmp/Photos_20AUG2018//North_Path/Images/33.6Feet/Sorte_7/DJI_0039.JPG,"[9,37]","[11,37]","[10,38]","[10,36]","['Links/Photos_20AUG2018_67', [6, 18]]",[],"['Links/Photos_16SEP2018_33', '[12, 37]']","['Links/Photos_02Aug2018_33', '[12, 37]']","[Latitude=39.6469994167, Longitude=-82.8180339444, BrightnessTotal=0.625051809998, exposureTime=0.007154, xResolution=4000, yResolution=3000, SaturationTotalRed=0.63436342549, SaturationTotalGreen=0.640243456863, SaturationTotalBlue=0.392171653595, time=0.633680555556, GreenIndex=65.2303466667, LAI=0.0412693333333, Utility=528.329676028784]"
33,"[10,38]","[39.6469954, -82.818148]",/data/chumley/tmp/Photos_20AUG2018//North_Path/Images/33.6Feet/Sorte_7/DJI_0040.JPG,"[9,38]","[11,38]","[10,39]","[10,37]","['Links/Photos_20AUG2018_67', [6, 19]]",[],"['Links/Photos_16SEP2018_33', '[12, 38]']","['Links/Photos_02Aug2018_33', '[12, 38]']","[Latitude=39.6470010278, Longitude=-82.8181414167, BrightnessTotal=0.615745479136, exposureTime=0.006114, xResolution=4000, yResolution=3000, SaturationTotalRed=0.641388667974, SaturationTotalGreen=0.625904561765, SaturationTotalBlue=0.369743520261, time=0.633773148148, GreenIndex=61.874112, LAI=0.0263573333333, Utility=501.1532049410885]"
33,"[10,39]","[39.6469954, -82.8182522]",/data/chumley/tmp/Photos_20AUG2018//North_Path/Images/33.6Feet/Sorte_7/DJI_0041.JPG,"[9,39]","[11,39]","[10,40]","[10,38]","['Links/Photos_20AUG2018_67', [6, 19]]",[],"['Links/Photos_16SEP2018_33', '[12, 39]']","['Links/Photos_02Aug2018_33', '[12, 39]']","[Latitude=39.6469989444, Longitude=-82.8182431944, BrightnessTotal=0.621730659521, exposureTime=0.005487, xResolution=4000, yResolution=3000, SaturationTotalRed=0.660878755882, SaturationTotalGreen=0.627110460784, SaturationTotalBlue=0.374594168954, time=0.633854166667, GreenIndex=56.279152, LAI=0.0126826666667, Utility=455.85022422697034]"
33,"[10,40]","[39.6469954, -82.8183563]",/data/chumley/tmp/Photos_20AUG2018//North_Path/Images/33.6Feet/Sorte_7/DJI_0042.JPG,"[9,40]","[11,40]","[10,41]","[10,39]","['Links/Photos_20AUG2018_67', [6, 20]]",[],"['Links/Photos_16SEP2018_33', '[12, 40]']","['Links/Photos_02Aug2018_33', '[12, 40]']","[Latitude=39.6469988333, Longitude=-82.8183492222, BrightnessTotal=0.632309365858, exposureTime=0.005058, xResolution=4000, yResolution=3000, SaturationTotalRed=0.66525539281, SaturationTotalGreen=0.641343548366, SaturationTotalBlue=0.362463859804, time=0.633946759259, GreenIndex=65.530448, LAI=0.00792, Utility=530.7597980219706]"
33,"[10,41]","[39.6469954, -82.8184605]",/data/chumley/tmp/Photos_20AUG2018//North_Path/Images/33.6Feet/Sorte_7/DJI_0043.JPG,"[9,41]","[11,41]","[10,42]","[10,40]","['Links/Photos_20AUG2018_67', [6, 20]]",[],"['Links/Photos_16SEP2018_33', '[12, 41]']","['Links/Photos_02Aug2018_33', '[12, 41]']","[Latitude=39.6469983333, Longitude=-82.8184584167, BrightnessTotal=0.660183907288, exposureTime=0.005546, xResolution=4000, yResolution=3000, SaturationTotalRed=0.690195562745, SaturationTotalGreen=0.668768822222, SaturationTotalBlue=0.419851011765, time=0.634027777778, GreenIndex=58.5163626667, LAI=0.00598933333333, Utility=473.967137475814]"
33,"[10,42]","[39.6469954, -82.8185647]",/data/chumley/tmp/Photos_20AUG2018//North_Path/Images/33.6Feet/Sorte_7/DJI_0044.JPG,"[9,42]","[11,42]","[10,43]","[10,41]","['Links/Photos_20AUG2018_67', [6, 21]]",[],"['Links/Photos_16SEP2018_33', '[12, 42]']","['Links/Photos_02Aug2018_33', '[12, 42]']","[Latitude=39.646999, Longitude=-82.8185585833, BrightnessTotal=0.627838928078, exposureTime=0.004589, xResolution=4000, yResolution=3000, SaturationTotalRed=0.676247076797, SaturationTotalGreen=0.630313160131, SaturationTotalBlue=0.372577658824, time=0.63412037037, GreenIndex=54.511248, LAI=0.004064, Utility=441.53545139491973]"
33,"[10,43]","[39.6469954, -82.8186688]",/data/chumley/tmp/Photos_20AUG2018//North_Path/Images/33.6Feet/Sorte_7/DJI_0045.JPG,"[9,43]","[11,43]",[],"[10,42]","['Links/Photos_20AUG2018_67', [6, 21]]",[],"['Links/Photos_16SEP2018_33', '[12, 43]']","['Links/Photos_02Aug2018_33', '[12, 43]']","[Latitude=39.6469999167, Longitude=-82.8186631389, BrightnessTotal=0.628448259983, exposureTime=0.004118, xResolution=4000, yResolution=3000, SaturationTotalRed=0.668734331373, SaturationTotalGreen=0.632515760458, SaturationTotalBlue=0.397011243464, time=0.634201388889, GreenIndex=51.250288, LAI=0.00310933333333, Utility=415.1310735088053]"
33,"[11,0]","[39.6468884, -82.8141896]",/data/chumley/tmp/Photos_20AUG2018//North_Path/Images/33.6Feet/Sorte_7/DJI_0089.JPG,"[10,0]","[12,0]","[11,1]",[],"['Links/Photos_20AUG2018_67', [6, 0]]",[],"['Links/Photos_16SEP2018_33', '[13, 0]']","['Links/Photos_02Aug2018_33', '[13, 0]']","[Latitude=39.6468899167, Longitude=-82.8141904167, BrightnessTotal=0.601764159647, exposureTime=0.004073, xResolution=4000, yResolution=3000, SaturationTotalRed=0.613177626144, SaturationTotalGreen=0.614513024183, SaturationTotalBlue=0.394214431699, time=0.638113425926, GreenIndex=57.0039146667, LAI=0.0476586666667, Utility=461.7172436902222]"
33,"[11,1]","[39.6468884, -82.8142937]",/data/chumley/tmp/Photos_20AUG2018//North_Path/Images/33.6Feet/Sorte_7/DJI_0088.JPG,"[10,1]","[12,1]","[11,2]","[11,0]","['Links/Photos_20AUG2018_67', [6, 0]]",[],"['Links/Photos_16SEP2018_33', '[13, 1]']","['Links/Photos_02Aug2018_33', '[13, 1]']","[Latitude=39.6468863611, Longitude=-82.8142987222, BrightnessTotal=0.610280233659, exposureTime=0.004394, xResolution=4000, yResolution=3000, SaturationTotalRed=0.623047784967, SaturationTotalGreen=0.623095046405, SaturationTotalBlue=0.39499713366, time=0.638020833333, GreenIndex=58.6433386667, LAI=0.0501653333333, Utility=474.9923095603185]"
33,"[11,2]","[39.6468884, -82.8143979]",/data/chumley/tmp/Photos_20AUG2018//North_Path/Images/33.6Feet/Sorte_7/DJI_0087.JPG,"[10,2]","[12,2]","[11,3]","[11,1]","['Links/Photos_20AUG2018_67', [6, 1]]",[],"['Links/Photos_16SEP2018_33', '[13, 2]']","['Links/Photos_02Aug2018_33', '[13, 2]']","[Latitude=39.6468858611, Longitude=-82.8144011667, BrightnessTotal=0.608308204672, exposureTime=0.004818, xResolution=4000, yResolution=3000, SaturationTotalRed=0.609324366667, SaturationTotalGreen=0.623999810458, SaturationTotalBlue=0.41128670098, time=0.637939814815, GreenIndex=58.4757066667, LAI=0.0524906666667, Utility=473.63495875219286]"
33,"[11,3]","[39.6468884, -82.8145021]",/data/chumley/tmp/Photos_20AUG2018//North_Path/Images/33.6Feet/Sorte_7/DJI_0086.JPG,"[10,3]","[12,3]","[11,4]","[11,2]","['Links/Photos_20AUG2018_67', [6, 1]]",[],"['Links/Photos_16SEP2018_33', '[13, 3]']","['Links/Photos_02Aug2018_33', '[13, 3]']","[Latitude=39.6468910556, Longitude=-82.8145038333, BrightnessTotal=0.601585543624, exposureTime=0.004418, xResolution=4000, yResolution=3000, SaturationTotalRed=0.609167974837, SaturationTotalGreen=0.615810501307, SaturationTotalBlue=0.391654356863, time=0.637847222222, GreenIndex=59.3509173333, LAI=0.0621386666667, Utility=480.7213099459064]"
33,"[11,4]","[39.6468884, -82.8146062]",/data/chumley/tmp/Photos_20AUG2018//North_Path/Images/33.6Feet/Sorte_7/DJI_0085.JPG,"[10,4]","[12,4]","[11,5]","[11,3]","['Links/Photos_20AUG2018_67', [6, 2]]",[],"['Links/Photos_16SEP2018_33', '[13, 4]']","['Links/Photos_02Aug2018_33', '[13, 4]']","[Latitude=39.6468963333, Longitude=-82.8146124167, BrightnessTotal=0.617162042465, exposureTime=0.004715, xResolution=4000, yResolution=3000, SaturationTotalRed=0.629145004575, SaturationTotalGreen=0.630057703922, SaturationTotalBlue=0.405611296078, time=0.63775462963, GreenIndex=57.9295253333, LAI=0.0485013333333, Utility=469.2128464845292]"
33,"[11,5]","[39.6468884, -82.8147104]",/data/chumley/tmp/Photos_20AUG2018//North_Path/Images/33.6Feet/Sorte_7/DJI_0084.JPG,"[10,5]","[12,5]","[11,6]","[11,4]","['Links/Photos_20AUG2018_67', [6, 2]]",[],"['Links/Photos_16SEP2018_33', '[13, 5]']","['Links/Photos_02Aug2018_33', '[13, 5]']","[Latitude=39.6468915833, Longitude=-82.8147159444, BrightnessTotal=0.607335003577, exposureTime=0.0043, xResolution=4000, yResolution=3000, SaturationTotalRed=0.626734146078, SaturationTotalGreen=0.617968523856, SaturationTotalBlue=0.389370601634, time=0.637673611111, GreenIndex=56.5664533333, LAI=0.0359786666667, Utility=458.17535173570917]"
33,"[11,6]","[39.6468884, -82.8148146]",/data/chumley/tmp/Photos_20AUG2018//North_Path/Images/33.6Feet/Sorte_7/DJI_0083.JPG,"[10,6]","[12,6]","[11,7]","[11,5]","['Links/Photos_20AUG2018_67', [6, 3]]",[],"['Links/Photos_16SEP2018_33', '[13, 6]']","['Links/Photos_02Aug2018_33', '[13, 6]']","[Latitude=39.6468881667, Longitude=-82.8148145, BrightnessTotal=0.61731382047, exposureTime=0.004614, xResolution=4000, yResolution=3000, SaturationTotalRed=0.632348471895, SaturationTotalGreen=0.62957311732, SaturationTotalBlue=0.398944020261, time=0.637592592593, GreenIndex=58.5822133333, LAI=0.041216, Utility=474.4977675183726]"
33,"[11,7]","[39.6468884, -82.8149187]",/data/chumley/tmp/Photos_20AUG2018//North_Path/Images/33.6Feet/Sorte_7/DJI_0082.JPG,"[10,7]","[12,7]","[11,8]","[11,6]","['Links/Photos_20AUG2018_67', [6, 3]]",[],"['Links/Photos_16SEP2018_33', '[13, 7]']","['Links/Photos_02Aug2018_33', '[13, 7]']","[Latitude=39.6468890556, Longitude=-82.8149152222, BrightnessTotal=0.592630968573, exposureTime=0.004418, xResolution=4000, yResolution=3000, SaturationTotalRed=0.604638500654, SaturationTotalGreen=0.605738641176, SaturationTotalBlue=0.375021332026, time=0.6375, GreenIndex=59.5937386667, LAI=0.057024, Utility=482.6870603893082]"
33,"[11,8]","[39.6468884, -82.8150229]",/data/chumley/tmp/Photos_20AUG2018//North_Path/Images/33.6Feet/Sorte_7/DJI_0081.JPG,"[10,8]","[12,8]","[11,9]","[11,7]","['Links/Photos_20AUG2018_67', [6, 4]]",[],"['Links/Photos_16SEP2018_33', '[13, 8]']","['Links/Photos_02Aug2018_33', '[13, 8]']","[Latitude=39.6468866944, Longitude=-82.8150254167, BrightnessTotal=0.622803808046, exposureTime=0.004897, xResolution=4000, yResolution=3000, SaturationTotalRed=0.629988528758, SaturationTotalGreen=0.637537110784, SaturationTotalBlue=0.409011566993, time=0.637407407407, GreenIndex=60.686672, LAI=0.0505866666667, Utility=491.53820891078965]"
33,"[11,9]","[39.6468884, -82.8151271]",/data/chumley/tmp/Photos_20AUG2018//North_Path/Images/33.6Feet/Sorte_7/DJI_0080.JPG,"[10,9]","[12,9]","[11,10]","[11,8]","['Links/Photos_20AUG2018_67', [6, 4]]",[],"['Links/Photos_16SEP2018_33', '[13, 9]']","['Links/Photos_02Aug2018_33', '[13, 9]']","[Latitude=39.6468884444, Longitude=-82.815126, BrightnessTotal=0.596523762115, exposureTime=0.004185, xResolution=4000, yResolution=3000, SaturationTotalRed=0.607312656209, SaturationTotalGreen=0.609777098693, SaturationTotalBlue=0.383859407843, time=0.637314814815, GreenIndex=58.717856, LAI=0.0511946666667, Utility=475.5951435154071]"
33,"[11,10]","[39.6468884, -82.8152313]",/data/chumley/tmp/Photos_20AUG2018//North_Path/Images/33.6Feet/Sorte_7/DJI_0079.JPG,"[10,10]","[12,10]","[11,11]","[11,9]","['Links/Photos_20AUG2018_67', [6, 5]]",[],"['Links/Photos_16SEP2018_33', '[13, 10]']","['Links/Photos_02Aug2018_33', '[13, 10]']","[Latitude=39.6468921944, Longitude=-82.8152302222, BrightnessTotal=0.627295988397, exposureTime=0.004277, xResolution=4000, yResolution=3000, SaturationTotalRed=0.654418330392, SaturationTotalGreen=0.635899693464, SaturationTotalBlue=0.399820016667, time=0.637233796296, GreenIndex=55.9984373333, LAI=0.0207626666667, Utility=453.57704197068654]"
33,"[11,11]","[39.6468884, -82.8153354]",/data/chumley/tmp/Photos_20AUG2018//North_Path/Images/33.6Feet/Sorte_7/DJI_0078.JPG,"[10,11]","[12,11]","[11,12]","[11,10]","['Links/Photos_20AUG2018_67', [6, 5]]",[],"['Links/Photos_16SEP2018_33', '[13, 11]']","['Links/Photos_02Aug2018_33', '[13, 11]']","[Latitude=39.6468886944, Longitude=-82.8153337778, BrightnessTotal=0.635359528967, exposureTime=0.003943, xResolution=4000, yResolution=3000, SaturationTotalRed=0.67360934183, SaturationTotalGreen=0.640619571895, SaturationTotalBlue=0.397533320915, time=0.637141203704, GreenIndex=54.0808053333, LAI=0.010736, Utility=438.0500433202223]"
33,"[11,12]","[39.6468884, -82.8154396]",/data/chumley/tmp/Photos_20AUG2018//North_Path/Images/33.6Feet/Sorte_7/DJI_0077.JPG,"[10,12]","[12,12]","[11,13]","[11,11]","['Links/Photos_20AUG2018_67', [6, 6]]",[],"['Links/Photos_16SEP2018_33', '[13, 12]']","['Links/Photos_02Aug2018_33', '[13, 12]']","[Latitude=39.6468901389, Longitude=-82.8154375278, BrightnessTotal=0.621780576436, exposureTime=0.003635, xResolution=4000, yResolution=3000, SaturationTotalRed=0.669870638562, SaturationTotalGreen=0.623815795098, SaturationTotalBlue=0.375107242484, time=0.637048611111, GreenIndex=52.200432, LAI=0.00700266666667, Utility=422.82368553184796]"
33,"[11,13]","[39.6468884, -82.8155438]",/data/chumley/tmp/Photos_20AUG2018//North_Path/Images/33.6Feet/Sorte_7/DJI_0076.JPG,"[10,13]","[12,13]","[11,14]","[11,12]","['Links/Photos_20AUG2018_67', [6, 6]]",[],"['Links/Photos_16SEP2018_33', '[13, 13]']","['Links/Photos_02Aug2018_33', '[13, 13]']","[Latitude=39.6468913889, Longitude=-82.8155445556, BrightnessTotal=0.622063450529, exposureTime=0.004185, xResolution=4000, yResolution=3000, SaturationTotalRed=0.644964460131, SaturationTotalGreen=0.632402516013, SaturationTotalBlue=0.390292067647, time=0.636956018519, GreenIndex=59.04192, LAI=0.0340106666667, Utility=478.22036217834]"
33,"[11,14]","[39.6468884, -82.8156479]",/data/chumley/tmp/Photos_20AUG2018//North_Path/Images/33.6Feet/Sorte_7/DJI_0075.JPG,"[10,14]","[12,14]","[11,15]","[11,13]","['Links/Photos_20AUG2018_67', [6, 7]]",[],"['Links/Photos_16SEP2018_33', '[13, 14]']","['Links/Photos_02Aug2018_33', '[13, 14]']","[Latitude=39.6468912222, Longitude=-82.8156466944, BrightnessTotal=0.602608769288, exposureTime=0.00449, xResolution=4000, yResolution=3000, SaturationTotalRed=0.615475293464, SaturationTotalGreen=0.616306859804, SaturationTotalBlue=0.371379852288, time=0.636875, GreenIndex=63.1682293333, LAI=0.050816, Utility=511.6307920778414]"
33,"[11,15]","[39.6468884, -82.8157521]",/data/chumley/tmp/Photos_20AUG2018//North_Path/Images/33.6Feet/Sorte_7/DJI_0074.JPG,"[10,15]","[12,15]","[11,16]","[11,14]","['Links/Photos_20AUG2018_67', [6, 7]]",[],"['Links/Photos_16SEP2018_33', '[13, 15]']","['Links/Photos_02Aug2018_33', '[13, 15]']","[Latitude=39.6468901667, Longitude=-82.8157525, BrightnessTotal=0.610315480789, exposureTime=0.004923, xResolution=4000, yResolution=3000, SaturationTotalRed=0.618355015359, SaturationTotalGreen=0.625463270588, SaturationTotalBlue=0.383738343137, time=0.636782407407, GreenIndex=63.9611626667, LAI=0.0547573333333, Utility=518.0517046285288]"
33,"[11,16]","[39.6468884, -82.8158563]",/data/chumley/tmp/Photos_20AUG2018//North_Path/Images/33.6Feet/Sorte_7/DJI_0073.JPG,"[10,16]","[12,16]","[11,17]","[11,15]","['Links/Photos_20AUG2018_67', [6, 8]]",[],"['Links/Photos_16SEP2018_33', '[13, 16]']","['Links/Photos_02Aug2018_33', '[13, 16]']","[Latitude=39.6468898056, Longitude=-82.8158570278, BrightnessTotal=0.602977341487, exposureTime=0.004897, xResolution=4000, yResolution=3000, SaturationTotalRed=0.610673655229, SaturationTotalGreen=0.618111231046, SaturationTotalBlue=0.377742998366, time=0.636689814815, GreenIndex=63.6642453333, LAI=0.054896, Utility=515.6471821612373]"
33,"[11,17]","[39.6468884, -82.8159604]",/data/chumley/tmp/Photos_20AUG2018//North_Path/Images/33.6Feet/Sorte_7/DJI_0072.JPG,"[10,17]","[12,17]","[11,18]","[11,16]","['Links/Photos_20AUG2018_67', [6, 8]]",[],"['Links/Photos_16SEP2018_33', '[13, 17]']","['Links/Photos_02Aug2018_33', '[13, 17]']","[Latitude=39.6468888333, Longitude=-82.8159573333, BrightnessTotal=0.621540141352, exposureTime=0.005254, xResolution=4000, yResolution=3000, SaturationTotalRed=0.628782466667, SaturationTotalGreen=0.636780702941, SaturationTotalBlue=0.39917651732, time=0.636608796296, GreenIndex=63.1430773333, LAI=0.0473333333333, Utility=511.42813374481824]"
33,"[11,18]","[39.6468884, -82.8160646]",/data/chumley/tmp/Photos_20AUG2018//North_Path/Images/33.6Feet/Sorte_7/DJI_0071.JPG,"[10,18]","[12,18]","[11,19]","[11,17]","['Links/Photos_20AUG2018_67', [6, 9]]",[],"['Links/Photos_16SEP2018_33', '[13, 18]']","['Links/Photos_02Aug2018_33', '[13, 18]']","[Latitude=39.6468844722, Longitude=-82.8160698889, BrightnessTotal=0.597093903725, exposureTime=0.004897, xResolution=4000, yResolution=3000, SaturationTotalRed=0.603578509477, SaturationTotalGreen=0.612127582353, SaturationTotalBlue=0.37973125915, time=0.636527777778, GreenIndex=61.928272, LAI=0.0581813333333, Utility=501.5905114453975]"
33,"[11,19]","[39.6468884, -82.8161688]",/data/chumley/tmp/Photos_20AUG2018//North_Path/Images/33.6Feet/Sorte_7/DJI_0070.JPG,"[10,19]","[12,19]","[11,20]","[11,18]","['Links/Photos_20AUG2018_67', [6, 9]]",[],"['Links/Photos_16SEP2018_33', '[13, 19]']","['Links/Photos_02Aug2018_33', '[13, 19]']","[Latitude=39.6468898333, Longitude=-82.8161697778, BrightnessTotal=0.626059876688, exposureTime=0.005398, xResolution=4000, yResolution=3000, SaturationTotalRed=0.627895752614, SaturationTotalGreen=0.643619143791, SaturationTotalBlue=0.396534003595, time=0.636435185185, GreenIndex=67.4946133333, LAI=0.0665013333333, Utility=546.6634077581081]"
33,"[11,20]","[39.6468884, -82.8162729]",/data/chumley/tmp/Photos_20AUG2018//North_Path/Images/33.6Feet/Sorte_7/DJI_0069.JPG,"[10,20]","[12,20]","[11,21]","[11,19]","['Links/Photos_20AUG2018_67', [6, 10]]",[],"['Links/Photos_16SEP2018_33', '[13, 20]']","['Links/Photos_02Aug2018_33', '[13, 20]']","[Latitude=39.6468908056, Longitude=-82.8162693056, BrightnessTotal=0.602568618967, exposureTime=0.004844, xResolution=4000, yResolution=3000, SaturationTotalRed=0.609017815359, SaturationTotalGreen=0.618659731373, SaturationTotalBlue=0.368385677778, time=0.636354166667, GreenIndex=66.791456, LAI=0.06288, Utility=540.9686857145592]"
33,"[11,21]","[39.6468884, -82.8163771]",/data/chumley/tmp/Photos_20AUG2018//North_Path/Images/33.6Feet/Sorte_7/DJI_0068.JPG,"[10,21]","[12,21]","[11,22]","[11,20]","['Links/Photos_20AUG2018_67', [6, 10]]",[],"['Links/Photos_16SEP2018_33', '[13, 21]']","['Links/Photos_02Aug2018_33', '[13, 21]']","[Latitude=39.6468880833, Longitude=-82.8163782778, BrightnessTotal=0.624880528268, exposureTime=0.004923, xResolution=4000, yResolution=3000, SaturationTotalRed=0.648149788235, SaturationTotalGreen=0.6351696, SaturationTotalBlue=0.392103868954, time=0.636261574074, GreenIndex=59.1898933333, LAI=0.0328106666667, Utility=479.4187705802469]"
33,"[11,22]","[39.6468884, -82.8164813]",/data/chumley/tmp/Photos_20AUG2018//North_Path/Images/33.6Feet/Sorte_7/DJI_0067.JPG,"[10,22]","[12,22]","[11,23]","[11,21]","['Links/Photos_20AUG2018_67', [6, 11]]",[],"['Links/Photos_16SEP2018_33', '[13, 22]']","['Links/Photos_02Aug2018_33', '[13, 22]']","[Latitude=39.64689025, Longitude=-82.8164784444, BrightnessTotal=0.605124724084, exposureTime=0.004029, xResolution=4000, yResolution=3000, SaturationTotalRed=0.642345935621, SaturationTotalGreen=0.610980613072, SaturationTotalBlue=0.359511315686, time=0.636180555556, GreenIndex=56.660304, LAI=0.0298453333333, Utility=458.9352923151863]"
33,"[11,23]","[39.6468884, -82.8165855]",/data/chumley/tmp/Photos_20AUG2018//North_Path/Images/33.6Feet/Sorte_7/DJI_0066.JPG,"[10,23]","[12,23]","[11,24]","[11,22]","['Links/Photos_20AUG2018_67', [6, 11]]",[],"['Links/Photos_16SEP2018_33', '[13, 23]']","['Links/Photos_02Aug2018_33', '[13, 23]']","[Latitude=39.6468886389, Longitude=-82.8165910556, BrightnessTotal=0.619463930358, exposureTime=0.004095, xResolution=4000, yResolution=3000, SaturationTotalRed=0.658420021569, SaturationTotalGreen=0.625407551634, SaturationTotalBlue=0.363479298693, time=0.636087962963, GreenIndex=58.876224, LAI=0.0369333333333, Utility=476.87860679679113]"
33,"[11,24]","[39.6468884, -82.8166896]",/data/chumley/tmp/Photos_20AUG2018//North_Path/Images/33.6Feet/Sorte_7/DJI_0065.JPG,"[10,24]","[12,24]","[11,25]","[11,23]","['Links/Photos_20AUG2018_67', [6, 12]]",[],"['Links/Photos_16SEP2018_33', '[13, 24]']","['Links/Photos_02Aug2018_33', '[13, 24]']","[Latitude=39.6468948056, Longitude=-82.81668925, BrightnessTotal=0.611544062204, exposureTime=0.004323, xResolution=4000, yResolution=3000, SaturationTotalRed=0.631090630392, SaturationTotalGreen=0.623078626471, SaturationTotalBlue=0.378404797386, time=0.63599537037, GreenIndex=60.8554506667, LAI=0.0515466666667, Utility=492.9044369678823]"
33,"[11,25]","[39.6468884, -82.8167938]",/data/chumley/tmp/Photos_20AUG2018//North_Path/Images/33.6Feet/Sorte_7/DJI_0064.JPG,"[10,25]","[12,25]","[11,26]","[11,24]","['Links/Photos_20AUG2018_67', [6, 12]]",[],"['Links/Photos_16SEP2018_33', '[13, 25]']","['Links/Photos_02Aug2018_33', '[13, 25]']","[Latitude=39.6468885833, Longitude=-82.8167953611, BrightnessTotal=0.610717039179, exposureTime=0.005058, xResolution=4000, yResolution=3000, SaturationTotalRed=0.623385878105, SaturationTotalGreen=0.624593630065, SaturationTotalBlue=0.378645344444, time=0.635902777778, GreenIndex=63.5345066667, LAI=0.0558133333333, Utility=514.5971448349359]"
33,"[11,26]","[39.6468884, -82.816898]",/data/chumley/tmp/Photos_20AUG2018//North_Path/Images/33.6Feet/Sorte_7/DJI_0063.JPG,"[10,26]","[12,26]","[11,27]","[11,25]","['Links/Photos_20AUG2018_67', [6, 13]]",[],"['Links/Photos_16SEP2018_33', '[13, 26]']","['Links/Photos_02Aug2018_33', '[13, 26]']","[Latitude=39.64688925, Longitude=-82.8168967778, BrightnessTotal=0.587434428698, exposureTime=0.005141, xResolution=4000, yResolution=3000, SaturationTotalRed=0.594425565033, SaturationTotalGreen=0.602725636275, SaturationTotalBlue=0.361748502941, time=0.635821759259, GreenIndex=64.054976, LAI=0.0713973333333, Utility=518.8103705895154]"
33,"[11,27]","[39.6468884, -82.8170021]",/data/chumley/tmp/Photos_20AUG2018//North_Path/Images/33.6Feet/Sorte_7/DJI_0062.JPG,"[10,27]","[12,27]","[11,28]","[11,26]","['Links/Photos_20AUG2018_67', [6, 13]]",[],"['Links/Photos_16SEP2018_33', '[13, 27]']","['Links/Photos_02Aug2018_33', '[13, 27]']","[Latitude=39.6468888611, Longitude=-82.8170028333, BrightnessTotal=0.614456134501, exposureTime=0.005761, xResolution=4000, yResolution=3000, SaturationTotalRed=0.615387656209, SaturationTotalGreen=0.631428459477, SaturationTotalBlue=0.398271164052, time=0.635729166667, GreenIndex=64.0591413333, LAI=0.0634933333333, Utility=518.8454672522258]"
33,"[11,28]","[39.6468884, -82.8171063]",/data/chumley/tmp/Photos_20AUG2018//North_Path/Images/33.6Feet/Sorte_7/DJI_0061.JPG,"[10,28]","[12,28]","[11,29]","[11,27]","['Links/Photos_20AUG2018_67', [6, 14]]",[],"['Links/Photos_16SEP2018_33', '[13, 28]']","['Links/Photos_02Aug2018_33', '[13, 28]']","[Latitude=39.6468915833, Longitude=-82.817106, BrightnessTotal=0.600703447673, exposureTime=0.005457, xResolution=4000, yResolution=3000, SaturationTotalRed=0.601757252614, SaturationTotalGreen=0.616724606536, SaturationTotalBlue=0.39768383366, time=0.635636574074, GreenIndex=60.1460586667, LAI=0.0567306666667, Utility=487.16003409922547]"
33,"[11,29]","[39.6468884, -82.8172105]",/data/chumley/tmp/Photos_20AUG2018//North_Path/Images/33.6Feet/Sorte_7/DJI_0060.JPG,"[10,29]","[12,29]","[11,30]","[11,28]","['Links/Photos_20AUG2018_67', [6, 14]]",[],"['Links/Photos_16SEP2018_33', '[13, 29]']","['Links/Photos_02Aug2018_33', '[13, 29]']","[Latitude=39.6468878889, Longitude=-82.8172103333, BrightnessTotal=0.617004395841, exposureTime=0.005699, xResolution=4000, yResolution=3000, SaturationTotalRed=0.625581609804, SaturationTotalGreen=0.631758355229, SaturationTotalBlue=0.394587312418, time=0.635543981481, GreenIndex=62.552592, LAI=0.050784, Utility=506.64683450069106]"
33,"[11,30]","[39.6468884, -82.8173146]",/data/chumley/tmp/Photos_20AUG2018//North_Path/Images/33.6Feet/Sorte_7/DJI_0059.JPG,"[10,30]","[12,30]","[11,31]","[11,29]","['Links/Photos_20AUG2018_67', [6, 15]]",[],"['Links/Photos_16SEP2018_33', '[13, 30]']","['Links/Photos_02Aug2018_33', '[13, 30]']","[Latitude=39.6468899722, Longitude=-82.8173138056, BrightnessTotal=0.633588076883, exposureTime=0.005058, xResolution=4000, yResolution=3000, SaturationTotalRed=0.657869887255, SaturationTotalGreen=0.644500833007, SaturationTotalBlue=0.385438909804, time=0.635462962963, GreenIndex=63.1493866667, LAI=0.026624, Utility=511.47988648827084]"
33,"[11,31]","[39.6468884, -82.8174188]",/data/chumley/tmp/Photos_20AUG2018//North_Path/Images/33.6Feet/Sorte_7/DJI_0058.JPG,"[10,31]","[12,31]","[11,32]","[11,30]","['Links/Photos_20AUG2018_67', [6, 15]]",[],"['Links/Photos_16SEP2018_33', '[13, 31]']","['Links/Photos_02Aug2018_33', '[13, 31]']","[Latitude=39.64689, Longitude=-82.81741925, BrightnessTotal=0.613783081687, exposureTime=0.00437, xResolution=4000, yResolution=3000, SaturationTotalRed=0.644964783007, SaturationTotalGreen=0.62310877451, SaturationTotalBlue=0.346999622222, time=0.63537037037, GreenIndex=65.3586453333, LAI=0.019344, Utility=529.3675655734202]"
33,"[11,32]","[39.6468884, -82.817523]",/data/chumley/tmp/Photos_20AUG2018//North_Path/Images/33.6Feet/Sorte_7/DJI_0057.JPG,"[10,32]","[12,32]","[11,33]","[11,31]","['Links/Photos_20AUG2018_67', [6, 16]]",[],"['Links/Photos_16SEP2018_33', '[13, 32]']","['Links/Photos_02Aug2018_33', '[13, 32]']","[Latitude=39.6468907778, Longitude=-82.8175228889, BrightnessTotal=0.633745203342, exposureTime=0.004689, xResolution=4000, yResolution=3000, SaturationTotalRed=0.65868766732, SaturationTotalGreen=0.645316130392, SaturationTotalBlue=0.370121352288, time=0.635277777778, GreenIndex=67.2680213333, LAI=0.0206346666667, Utility=544.8290780445705]"
33,"[11,33]","[39.6468884, -82.8176271]",/data/chumley/tmp/Photos_20AUG2018//North_Path/Images/33.6Feet/Sorte_7/DJI_0056.JPG,"[10,33]","[12,33]","[11,34]","[11,32]","['Links/Photos_20AUG2018_67', [6, 16]]",[],"['Links/Photos_16SEP2018_33', '[13, 33]']","['Links/Photos_02Aug2018_33', '[13, 33]']","[Latitude=39.6468907778, Longitude=-82.8176235278, BrightnessTotal=0.613755248643, exposureTime=0.004923, xResolution=4000, yResolution=3000, SaturationTotalRed=0.631126780719, SaturationTotalGreen=0.626784861765, SaturationTotalBlue=0.368510322549, time=0.635196759259, GreenIndex=65.269568, LAI=0.0350293333333, Utility=528.6464109516257]"
33,"[11,34]","[39.6468884, -82.8177313]",/data/chumley/tmp/Photos_20AUG2018//North_Path/Images/33.6Feet/Sorte_7/DJI_0055.JPG,"[10,34]","[12,34]","[11,35]","[11,33]","['Links/Photos_20AUG2018_67', [6, 17]]",[],"['Links/Photos_16SEP2018_33', '[13, 34]']","['Links/Photos_02Aug2018_33', '[13, 34]']","[Latitude=39.6468904444, Longitude=-82.8177326389, BrightnessTotal=0.61499358831, exposureTime=0.005887, xResolution=4000, yResolution=3000, SaturationTotalRed=0.620011279412, SaturationTotalGreen=0.631633933007, SaturationTotalBlue=0.381386749673, time=0.635104166667, GreenIndex=67.2972106667, LAI=0.051808, Utility=545.0646687942807]"
33,"[11,35]","[39.6468884, -82.8178355]",/data/chumley/tmp/Photos_20AUG2018//North_Path/Images/33.6Feet/Sorte_7/DJI_0054.JPG,"[10,35]","[12,35]","[11,36]","[11,34]","['Links/Photos_20AUG2018_67', [6, 17]]",[],"['Links/Photos_16SEP2018_33', '[13, 35]']","['Links/Photos_02Aug2018_33', '[13, 35]']","[Latitude=39.6468892778, Longitude=-82.8178362778, BrightnessTotal=0.60972031544, exposureTime=0.005254, xResolution=4000, yResolution=3000, SaturationTotalRed=0.626613062745, SaturationTotalGreen=0.622878570588, SaturationTotalBlue=0.364592352288, time=0.635011574074, GreenIndex=65.432016, LAI=0.0352, Utility=529.961611444943]"
33,"[11,36]","[39.6468884, -82.8179397]",/data/chumley/tmp/Photos_20AUG2018//North_Path/Images/33.6Feet/Sorte_7/DJI_0053.JPG,"[10,36]","[12,36]","[11,37]","[11,35]","['Links/Photos_20AUG2018_67', [6, 18]]",[],"['Links/Photos_16SEP2018_33', '[13, 36]']","['Links/Photos_02Aug2018_33', '[13, 36]']","[Latitude=39.64689025, Longitude=-82.8179392778, BrightnessTotal=0.627648337015, exposureTime=0.005699, xResolution=4000, yResolution=3000, SaturationTotalRed=0.647562286601, SaturationTotalGreen=0.639415184641, SaturationTotalBlue=0.39043075, time=0.634918981481, GreenIndex=61.9115786667, LAI=0.030992, Utility=501.45700923322]"
33,"[11,37]","[39.6468884, -82.8180438]",/data/chumley/tmp/Photos_20AUG2018//North_Path/Images/33.6Feet/Sorte_7/DJI_0052.JPG,"[10,37]","[12,37]","[11,38]","[11,36]","['Links/Photos_20AUG2018_67', [6, 18]]",[],"['Links/Photos_16SEP2018_33', '[13, 37]']","['Links/Photos_02Aug2018_33', '[13, 37]']","[Latitude=39.6468893889, Longitude=-82.8180446667, BrightnessTotal=0.592764141045, exposureTime=0.003922, xResolution=4000, yResolution=3000, SaturationTotalRed=0.636844178431, SaturationTotalGreen=0.596983441503, SaturationTotalBlue=0.329033277451, time=0.634837962963, GreenIndex=58.7521813333, LAI=0.0220906666667, Utility=475.87308281264166]"
33,"[11,38]","[39.6468884, -82.818148]",/data/chumley/tmp/Photos_20AUG2018//North_Path/Images/33.6Feet/Sorte_7/DJI_0051.JPG,"[10,38]","[12,38]","[11,39]","[11,37]","['Links/Photos_20AUG2018_67', [6, 19]]",[],"['Links/Photos_16SEP2018_33', '[13, 38]']","['Links/Photos_02Aug2018_33', '[13, 38]']","[Latitude=39.6468896667, Longitude=-82.8181454444, BrightnessTotal=0.600073162299, exposureTime=0.003596, xResolution=4000, yResolution=3000, SaturationTotalRed=0.651350970915, SaturationTotalGreen=0.601863981699, SaturationTotalBlue=0.332848371569, time=0.63474537037, GreenIndex=56.5238133333, LAI=0.025024, Utility=457.8299976413253]"
33,"[11,39]","[39.6468884, -82.8182522]",/data/chumley/tmp/Photos_20AUG2018//North_Path/Images/33.6Feet/Sorte_7/DJI_0050.JPG,"[10,39]","[12,39]","[11,40]","[11,38]","['Links/Photos_20AUG2018_67', [6, 19]]",[],"['Links/Photos_16SEP2018_33', '[13, 39]']","['Links/Photos_02Aug2018_33', '[13, 39]']","[Latitude=39.6468880833, Longitude=-82.8182508889, BrightnessTotal=0.605354719593, exposureTime=0.003755, xResolution=4000, yResolution=3000, SaturationTotalRed=0.667258748693, SaturationTotalGreen=0.603280414706, SaturationTotalBlue=0.335746083987, time=0.634652777778, GreenIndex=52.47264, LAI=0.0104213333333, Utility=425.02728173158386]"
33,"[11,40]","[39.6468884, -82.8183563]",/data/chumley/tmp/Photos_20AUG2018//North_Path/Images/33.6Feet/Sorte_7/DJI_0049.JPG,"[10,40]","[12,40]","[11,41]","[11,39]","['Links/Photos_20AUG2018_67', [6, 20]]",[],"['Links/Photos_16SEP2018_33', '[13, 40]']","['Links/Photos_02Aug2018_33', '[13, 40]']","[Latitude=39.6468901667, Longitude=-82.8183555833, BrightnessTotal=0.621460228583, exposureTime=0.004008, xResolution=4000, yResolution=3000, SaturationTotalRed=0.662435237255, SaturationTotalGreen=0.627889054575, SaturationTotalBlue=0.343725809804, time=0.634571759259, GreenIndex=64.178656, LAI=0.0140426666667, Utility=519.8134655514348]"
33,"[11,41]","[39.6468884, -82.8184605]",/data/chumley/tmp/Photos_20AUG2018//North_Path/Images/33.6Feet/Sorte_7/DJI_0048.JPG,"[10,41]","[12,41]","[11,42]","[11,40]","['Links/Photos_20AUG2018_67', [6, 20]]",[],"['Links/Photos_16SEP2018_33', '[13, 41]']","['Links/Photos_02Aug2018_33', '[13, 41]']","[Latitude=39.6468911389, Longitude=-82.8184635278, BrightnessTotal=0.635932503269, exposureTime=0.004639, xResolution=4000, yResolution=3000, SaturationTotalRed=0.671412089869, SaturationTotalGreen=0.644105919935, SaturationTotalBlue=0.365656028431, time=0.634479166667, GreenIndex=64.575952, LAI=0.00551466666667, Utility=523.0311853296737]"
33,"[11,42]","[39.6468884, -82.8185647]",/data/chumley/tmp/Photos_20AUG2018//North_Path/Images/33.6Feet/Sorte_7/DJI_0047.JPG,"[10,42]","[12,42]","[11,43]","[11,41]","['Links/Photos_20AUG2018_67', [6, 21]]",[],"['Links/Photos_16SEP2018_33', '[13, 42]']","['Links/Photos_02Aug2018_33', '[13, 42]']","[Latitude=39.6468906944, Longitude=-82.8185669444, BrightnessTotal=0.648003542076, exposureTime=0.004639, xResolution=4000, yResolution=3000, SaturationTotalRed=0.693673093137, SaturationTotalGreen=0.652086267647, SaturationTotalBlue=0.385758228431, time=0.634386574074, GreenIndex=57.835472, LAI=0.00164266666667, Utility=468.45311576302805]"
33,"[11,43]","[39.6468884, -82.8186688]",/data/chumley/tmp/Photos_20AUG2018//North_Path/Images/33.6Feet/Sorte_7/DJI_0046.JPG,"[10,43]","[12,43]",[],"[11,42]","['Links/Photos_20AUG2018_67', [6, 21]]",[],"['Links/Photos_16SEP2018_33', '[13, 43]']","['Links/Photos_02Aug2018_33', '[13, 43]']","[Latitude=39.6468913056, Longitude=-82.8186628611, BrightnessTotal=0.630990378611, exposureTime=0.003943, xResolution=4000, yResolution=3000, SaturationTotalRed=0.674635766993, SaturationTotalGreen=0.634044713072, SaturationTotalBlue=0.396138153595, time=0.634305555556, GreenIndex=50.775872, LAI=0.00261333333333, Utility=411.28974638589773]"
