33,1,"[39.648064472222224, -82.81491594444444]",/home/boubin/Images/Photos_01JUN2018/North_Path/Images/33.6Feet/Sorte_2/DJI_0010.JPG,67,46,[],4,[],[],[],[],"[Latitude=39.648064472222224, Longitude=-82.81491594444444, BrightnessTotal=0.9281589922588713, exposureTime=0.00743, xResolution=4000, yResolution=3000, SaturationTotalRed=0.9550851947712419, SaturationTotalGreen=0.92512014248366, SaturationTotalBlue=0.8596459859477124, time=0.5700231481481481, GreenIndex=9.093776, LAI=0.0, Utility=73.80890579220255]"
33,2,"[39.647958333333335, -82.8143985]",/home/boubin/Images/Photos_01JUN2018/North_Path/Images/33.6Feet/Sorte_2/DJI_0088.JPG,47,85,41,35,[],[],[],[],"[Latitude=39.647958333333335, Longitude=-82.8143985, BrightnessTotal=0.9245293809920635, exposureTime=0.006147, xResolution=4000, yResolution=3000, SaturationTotalRed=0.9511182147058823, SaturationTotalGreen=0.9220166901960785, SaturationTotalBlue=0.8515594133986928, time=0.5769212962962963, GreenIndex=10.583146666666666, LAI=0.0, Utility=85.86725929718231]"
33,3,"[39.647958333333335, -82.81866761111111]",/home/boubin/Images/Photos_01JUN2018/North_Path/Images/33.6Feet/Sorte_2/DJI_0047.JPG,[],62,68,[],[],[],[],[],"[Latitude=39.647958333333335, Longitude=-82.81866761111111, BrightnessTotal=0.8634871122313098, exposureTime=0.003675, xResolution=4000, yResolution=3000, SaturationTotalRed=0.8534321287581699, SaturationTotalGreen=0.8754047388888888, SaturationTotalBlue=0.7721445715686274, time=0.5732986111111111, GreenIndex=31.974736, LAI=0.009541333333333334, Utility=259.0758013810015]"
33,4,"[39.64795783333333, -82.81492125]",/home/boubin/Images/Photos_01JUN2018/North_Path/Images/33.6Feet/Sorte_2/DJI_0083.JPG,81,38,1,35,[],[],[],[],"[Latitude=39.64795783333333, Longitude=-82.81492125, BrightnessTotal=0.9345417476425221, exposureTime=0.007193, xResolution=4000, yResolution=3000, SaturationTotalRed=0.9626243101307189, SaturationTotalGreen=0.9312218323529412, SaturationTotalBlue=0.864575666993464, time=0.5764814814814815, GreenIndex=9.041285333333333, LAI=0.0, Utility=73.38313968223568]"
33,5,"[39.64795872222222, -82.81846038888888]",/home/boubin/Images/Photos_01JUN2018/North_Path/Images/33.6Feet/Sorte_2/DJI_0049.JPG,62,39,53,[],[],[],[],[],"[Latitude=39.64795872222222, Longitude=-82.81846038888888, BrightnessTotal=0.9356918325377058, exposureTime=0.006632, xResolution=4000, yResolution=3000, SaturationTotalRed=0.9592734833333333, SaturationTotalGreen=0.9343154173202614, SaturationTotalBlue=0.8621489091503268, time=0.5734722222222223, GreenIndex=12.089632, LAI=0.0, Utility=98.06660217702812]"
33,6,"[39.64806463888889, -82.8156476111111]",/home/boubin/Images/Photos_01JUN2018/North_Path/Images/33.6Feet/Sorte_2/DJI_0017.JPG,79,20,[],15,[],[],[],[],"[Latitude=39.64806463888889, Longitude=-82.8156476111111, BrightnessTotal=0.9286405497531156, exposureTime=0.007154, xResolution=4000, yResolution=3000, SaturationTotalRed=0.9530737513071895, SaturationTotalGreen=0.9265689094771241, SaturationTotalBlue=0.8593502303921569, time=0.5706481481481481, GreenIndex=10.437061333333334, LAI=0.0, Utility=84.68561364300247]"
33,7,"[39.647956666666666, -82.81585833333332]",/home/boubin/Images/Photos_01JUN2018/North_Path/Images/33.6Feet/Sorte_2/DJI_0074.JPG,84,69,23,58,[],[],[],[],"[Latitude=39.647956666666666, Longitude=-82.81585833333332, BrightnessTotal=0.9225174563076795, exposureTime=0.005637, xResolution=4000, yResolution=3000, SaturationTotalRed=0.9488230754901961, SaturationTotalGreen=0.9197548852941176, SaturationTotalBlue=0.8533992947712418, time=0.5756828703703704, GreenIndex=9.532176, LAI=0.0, Utility=77.3575050381949]"
33,8,"[39.64795769444444, -82.8169013611111]",/home/boubin/Images/Photos_01JUN2018/North_Path/Images/33.6Feet/Sorte_2/DJI_0064.JPG,73,54,28,58,[],[],[],[],"[Latitude=39.64795769444444, Longitude=-82.8169013611111, BrightnessTotal=0.9375293152627573, exposureTime=0.008416, xResolution=4000, yResolution=3000, SaturationTotalRed=0.9574839807189542, SaturationTotalGreen=0.9374744513071895, SaturationTotalBlue=0.8637059866013072, time=0.5748032407407407, GreenIndex=13.73512, LAI=0.0, Utility=111.3902444336]"
33,9,"[39.64806547222222, -82.81512688888888]",/home/boubin/Images/Photos_01JUN2018/North_Path/Images/33.6Feet/Sorte_2/DJI_0012.JPG,13,67,[],70,[],[],[],[],"[Latitude=39.64806547222222, Longitude=-82.81512688888888, BrightnessTotal=0.9520247353860996, exposureTime=0.008462, xResolution=4000, yResolution=3000, SaturationTotalRed=0.9716668816993465, SaturationTotalGreen=0.9508852761437908, SaturationTotalBlue=0.8913297460784314, time=0.5701967592592593, GreenIndex=9.925856, LAI=0.0, Utility=80.54754672813678]"
33,10,"[39.64795708333333, -82.81815072222221]",/home/boubin/Images/Photos_01JUN2018/North_Path/Images/33.6Feet/Sorte_2/DJI_0052.JPG,64,51,55,[],[],[],[],[],"[Latitude=39.64795708333333, Longitude=-82.81815072222221, BrightnessTotal=0.9355501057018346, exposureTime=0.006814, xResolution=4000, yResolution=3000, SaturationTotalRed=0.9577916705882352, SaturationTotalGreen=0.9347509513071895, SaturationTotalBlue=0.8609276679738562, time=0.5737384259259259, GreenIndex=12.996144, LAI=0.0, Utility=105.40671540152594]"
33,11,"[39.64795936111111, -82.81648066666666]",/home/boubin/Images/Photos_01JUN2018/North_Path/Images/33.6Feet/Sorte_2/DJI_0068.JPG,88,80,61,58,[],[],[],[],"[Latitude=39.64795936111111, Longitude=-82.81648066666666, BrightnessTotal=0.9024327376086555, exposureTime=0.00573, xResolution=4000, yResolution=3000, SaturationTotalRed=0.9286376055555556, SaturationTotalGreen=0.9010250934640524, SaturationTotalBlue=0.8186113434640523, time=0.575150462962963, GreenIndex=14.019797333333333, LAI=3.2e-05, Utility=113.69352142776827]"
33,12,"[39.64795975, -82.81710988888888]",/home/boubin/Images/Photos_01JUN2018/North_Path/Images/33.6Feet/Sorte_2/DJI_0062.JPG,59,73,29,[],[],[],[],[],"[Latitude=39.64795975, Longitude=-82.81710988888888, BrightnessTotal=0.9284670634478589, exposureTime=0.007802, xResolution=4000, yResolution=3000, SaturationTotalRed=0.9444996114379085, SaturationTotalGreen=0.9302560934640522, SaturationTotalBlue=0.8496091882352941, time=0.5746296296296296, GreenIndex=16.997157333333334, LAI=5.333333333333334e-06, Utility=137.8030324439208]"
33,13,"[39.648063638888885, -82.81522975]",/home/boubin/Images/Photos_01JUN2018/North_Path/Images/33.6Feet/Sorte_2/DJI_0013.JPG,43,9,[],82,[],[],[],[],"[Latitude=39.648063638888885, Longitude=-82.81522975, BrightnessTotal=0.930875897463086, exposureTime=0.007115, xResolution=4000, yResolution=3000, SaturationTotalRed=0.9541655147058824, SaturationTotalGreen=0.9289855499999999, SaturationTotalBlue=0.8640966591503269, time=0.5702893518518518, GreenIndex=10.141946666666668, LAI=0.0, Utility=82.2962004457156]"
33,14,"[39.64795758333333, -82.81628058333332]",/home/boubin/Images/Photos_01JUN2018/North_Path/Images/33.6Feet/Sorte_2/DJI_0070.JPG,80,32,44,58,[],[],[],[],"[Latitude=39.64795758333333, Longitude=-82.81628058333332, BrightnessTotal=0.9065954279598097, exposureTime=0.00635, xResolution=4000, yResolution=3000, SaturationTotalRed=0.9306457705882353, SaturationTotalGreen=0.9060444810457516, SaturationTotalBlue=0.8218650297385621, time=0.575324074074074, GreenIndex=15.220933333333333, LAI=1.6e-05, Utility=123.4194752503409]"
33,15,"[39.64795544444444, -82.81565252777777]",/home/boubin/Images/Photos_01JUN2018/North_Path/Images/33.6Feet/Sorte_2/DJI_0076.JPG,69,18,6,58,[],[],[],[],"[Latitude=39.64795544444444, Longitude=-82.81565252777777, BrightnessTotal=0.9371542214660644, exposureTime=0.006632, xResolution=4000, yResolution=3000, SaturationTotalRed=0.9610386882352941, SaturationTotalGreen=0.9348857467320262, SaturationTotalBlue=0.8721989081699346, time=0.5758564814814815, GreenIndex=9.347861333333332, LAI=0.0, Utility=75.86577967377521]"
33,16,"[39.64806563888889, -82.81460855555555]",/home/boubin/Images/Photos_01JUN2018/North_Path/Images/33.6Feet/Sorte_2/DJI_0007.JPG,40,50,[],78,[],[],[],[],"[Latitude=39.64806563888889, Longitude=-82.81460855555555, BrightnessTotal=0.9255154170188452, exposureTime=0.006888, xResolution=4000, yResolution=3000, SaturationTotalRed=0.9496082248366012, SaturationTotalGreen=0.9235963169934641, SaturationTotalBlue=0.8558776513071895, time=0.5697569444444445, GreenIndex=10.666842666666666, LAI=0.0, Utility=86.54617940260704]"
33,17,"[39.64806472222222, -82.81741780555555]",/home/boubin/Images/Photos_01JUN2018/North_Path/Images/33.6Feet/Sorte_2/DJI_0034.JPG,56,74,[],60,[],[],[],[],"[Latitude=39.64806472222222, Longitude=-82.81741780555555, BrightnessTotal=0.9311963056268584, exposureTime=0.007001, xResolution=4000, yResolution=3000, SaturationTotalRed=0.9558846503267974, SaturationTotalGreen=0.9292353506535947, SaturationTotalBlue=0.8596990052287581, time=0.5721527777777777, GreenIndex=10.952570666666666, LAI=0.0, Utility=88.85964387881943]"
33,18,"[39.647959388888886, -82.81554872222222]",/home/boubin/Images/Photos_01JUN2018/North_Path/Images/33.6Feet/Sorte_2/DJI_0077.JPG,15,22,20,35,[],[],[],[],"[Latitude=39.647959388888886, Longitude=-82.81554872222222, BrightnessTotal=0.9431919000843875, exposureTime=0.007232, xResolution=4000, yResolution=3000, SaturationTotalRed=0.9665510271241831, SaturationTotalGreen=0.9407996333333334, SaturationTotalBlue=0.881650331372549, time=0.575949074074074, GreenIndex=8.563397333333333, LAI=0.0, Utility=69.51414517039622]"
33,19,"[39.648067194444444, -82.8160646111111]",/home/boubin/Images/Photos_01JUN2018/North_Path/Images/33.6Feet/Sorte_2/DJI_0021.JPG,83,77,[],30,[],[],[],[],"[Latitude=39.648067194444444, Longitude=-82.8160646111111, BrightnessTotal=0.9437347783583931, exposureTime=0.008371, xResolution=4000, yResolution=3000, SaturationTotalRed=0.9659565852941177, SaturationTotalGreen=0.9417592130718954, SaturationTotalBlue=0.8820918718954248, time=0.5709953703703704, GreenIndex=9.077413333333332, LAI=0.0, Utility=73.67703998324907]"
33,20,"[39.64806388888889, -82.81554241666666]",/home/boubin/Images/Photos_01JUN2018/North_Path/Images/33.6Feet/Sorte_2/DJI_0016.JPG,6,86,[],18,[],[],[],[],"[Latitude=39.64806388888889, Longitude=-82.81554241666666, BrightnessTotal=0.9411561044333551, exposureTime=0.007759, xResolution=4000, yResolution=3000, SaturationTotalRed=0.9638203617647059, SaturationTotalGreen=0.9391375454248366, SaturationTotalBlue=0.8782521176470588, time=0.5705555555555556, GreenIndex=9.247989333333333, LAI=0.0, Utility=75.05816113814055]"
33,21,"[39.64806486111111, -82.81856230555555]",/home/boubin/Images/Photos_01JUN2018/North_Path/Images/33.6Feet/Sorte_2/DJI_0045.JPG,68,53,[],62,[],[],[],[],"[Latitude=39.64806486111111, Longitude=-82.81856230555555, BrightnessTotal=0.9030843331618902, exposureTime=0.005699, xResolution=4000, yResolution=3000, SaturationTotalRed=0.9260898568627451, SaturationTotalGreen=0.9036390075163399, SaturationTotalBlue=0.8100847888888889, time=0.573113425925926, GreenIndex=18.148304, LAI=5.333333333333334e-06, Utility=147.1230024140424]"
33,22,"[39.647958305555555, -82.81544341666667]",/home/boubin/Images/Photos_01JUN2018/North_Path/Images/33.6Feet/Sorte_2/DJI_0078.JPG,18,66,86,35,[],[],[],[],"[Latitude=39.647958305555555, Longitude=-82.81544341666667, BrightnessTotal=0.9437110829440426, exposureTime=0.007311, xResolution=4000, yResolution=3000, SaturationTotalRed=0.9669543490196079, SaturationTotalGreen=0.9413511950980392, SaturationTotalBlue=0.8822703343137255, time=0.5760300925925926, GreenIndex=8.557792, LAI=0.0, Utility=69.46877009939602]"
33,23,"[39.648066722222225, -82.81585655555556]",/home/boubin/Images/Photos_01JUN2018/North_Path/Images/33.6Feet/Sorte_2/DJI_0019.JPG,77,79,[],7,[],[],[],[],"[Latitude=39.648066722222225, Longitude=-82.81585655555556, BrightnessTotal=0.9299196791127871, exposureTime=0.006777, xResolution=4000, yResolution=3000, SaturationTotalRed=0.9556812055555556, SaturationTotalGreen=0.9272387503267975, SaturationTotalBlue=0.8620824843137255, time=0.5708217592592593, GreenIndex=9.383429333333334, LAI=0.0, Utility=76.15423206174641]"
33,24,"[39.64806316666667, -82.81699941666666]",/home/boubin/Images/Photos_01JUN2018/North_Path/Images/33.6Feet/Sorte_2/DJI_0030.JPG,29,28,[],73,[],[],[],[],"[Latitude=39.64806316666667, Longitude=-82.81699941666666, BrightnessTotal=0.9391705350608833, exposureTime=0.009481, xResolution=4000, yResolution=3000, SaturationTotalRed=0.9551216173202615, SaturationTotalGreen=0.9403232150326798, SaturationTotalBlue=0.8677195375816994, time=0.5718055555555556, GreenIndex=14.811824, LAI=0.0, Utility=120.10905720537656]"
33,25,"[39.648066416666666, -82.816689]",/home/boubin/Images/Photos_01JUN2018/North_Path/Images/33.6Feet/Sorte_2/DJI_0027.JPG,76,89,[],49,[],[],[],[],"[Latitude=39.648066416666666, Longitude=-82.816689, BrightnessTotal=0.9116101790787577, exposureTime=0.006851, xResolution=4000, yResolution=3000, SaturationTotalRed=0.9351506509803922, SaturationTotalGreen=0.9106071215686274, SaturationTotalBlue=0.8339850411764707, time=0.5715393518518519, GreenIndex=13.345333333333333, LAI=5.333333333333334e-06, Utility=108.23333700119235]"
33,26,"[39.64795763888889, -82.81794430555556]",/home/boubin/Images/Photos_01JUN2018/North_Path/Images/33.6Feet/Sorte_2/DJI_0054.JPG,51,42,63,[],[],[],[],[],"[Latitude=39.64795763888889, Longitude=-82.81794430555556, BrightnessTotal=0.9134200746983973, exposureTime=0.005919, xResolution=4000, yResolution=3000, SaturationTotalRed=0.9371531284313726, SaturationTotalGreen=0.9124819660130719, SaturationTotalBlue=0.8343173807189542, time=0.5739120370370371, GreenIndex=13.69736, LAI=2.1333333333333335e-05, Utility=111.08344916565599]"
33,27,"[39.64806411111111, -82.81429413888888]",/home/boubin/Images/Photos_01JUN2018/North_Path/Images/33.6Feet/Sorte_2/DJI_0004.JPG,41,34,[],85,[],[],[],[],"[Latitude=39.64806411111111, Longitude=-82.81429413888888, BrightnessTotal=0.9556636143736043, exposureTime=0.009278, xResolution=4000, yResolution=3000, SaturationTotalRed=0.9773698781045752, SaturationTotalGreen=0.9536126630718955, SaturationTotalBlue=0.8968708450980393, time=0.5694907407407407, GreenIndex=8.491728, LAI=0.0, Utility=68.93549011671726]"
33,28,"[39.64806625, -82.81689822222222]",/home/boubin/Images/Photos_01JUN2018/North_Path/Images/33.6Feet/Sorte_2/DJI_0029.JPG,24,76,[],8,[],[],[],[],"[Latitude=39.64806625, Longitude=-82.81689822222222, BrightnessTotal=0.9137660477546706, exposureTime=0.007676, xResolution=4000, yResolution=3000, SaturationTotalRed=0.9035561359477124, SaturationTotalGreen=0.9233019872549019, SaturationTotalBlue=0.850125231372549, time=0.5717129629629629, GreenIndex=23.77868266666667, LAI=0.0005813333333333333, Utility=192.71390031502224]"
33,29,"[39.64806383333333, -82.81710458333333]",/home/boubin/Images/Photos_01JUN2018/North_Path/Images/33.6Feet/Sorte_2/DJI_0031.JPG,48,24,[],12,[],[],[],[],"[Latitude=39.64806383333333, Longitude=-82.81710458333333, BrightnessTotal=0.9466160072308042, exposureTime=0.008508, xResolution=4000, yResolution=3000, SaturationTotalRed=0.9626642013071895, SaturationTotalGreen=0.9473223751633987, SaturationTotalBlue=0.879712308496732, time=0.5718865740740741, GreenIndex=13.374026666666667, LAI=5.333333333333334e-06, Utility=108.46735613029834]"
33,30,"[39.647956944444445, -82.81606941666666]",/home/boubin/Images/Photos_01JUN2018/North_Path/Images/33.6Feet/Sorte_2/DJI_0072.JPG,32,84,19,58,[],[],[],[],"[Latitude=39.647956944444445, Longitude=-82.81606941666666, BrightnessTotal=0.9133939842019057, exposureTime=0.005457, xResolution=4000, yResolution=3000, SaturationTotalRed=0.944086181372549, SaturationTotalGreen=0.9089511617647059, SaturationTotalBlue=0.8452876222222222, time=0.5755092592592592, GreenIndex=7.32424, LAI=0.0, Utility=59.479095722532634]"
33,31,"[39.64795763888889, -82.81471341666666]",/home/boubin/Images/Photos_01JUN2018/North_Path/Images/33.6Feet/Sorte_2/DJI_0085.JPG,38,78,40,35,[],[],[],[],"[Latitude=39.64795763888889, Longitude=-82.81471341666666, BrightnessTotal=0.9513063166878484, exposureTime=0.007471, xResolution=4000, yResolution=3000, SaturationTotalRed=0.9707553385620915, SaturationTotalGreen=0.9503801888888889, SaturationTotalBlue=0.889040872875817, time=0.5766550925925926, GreenIndex=10.540624, LAI=0.0, Utility=85.52433193116225]"
33,32,"[39.647955777777774, -82.81617433333334]",/home/boubin/Images/Photos_01JUN2018/North_Path/Images/33.6Feet/Sorte_2/DJI_0071.JPG,14,30,83,58,[],[],[],[],"[Latitude=39.647955777777774, Longitude=-82.81617433333334, BrightnessTotal=0.9324867968694337, exposureTime=0.006925, xResolution=4000, yResolution=3000, SaturationTotalRed=0.9547566803921569, SaturationTotalGreen=0.9315021901960785, SaturationTotalBlue=0.8597830202614379, time=0.5754166666666667, GreenIndex=12.395397333333333, LAI=5.333333333333334e-06, Utility=100.54196358122638]"
33,33,"[39.64806541666667, -82.81637769444444]",/home/boubin/Images/Photos_01JUN2018/North_Path/Images/33.6Feet/Sorte_2/DJI_0024.JPG,61,44,[],80,[],[],[],[],"[Latitude=39.64806541666667, Longitude=-82.81637769444444, BrightnessTotal=0.9281548909151632, exposureTime=0.008103, xResolution=4000, yResolution=3000, SaturationTotalRed=0.942890333006536, SaturationTotalGreen=0.9312528941176471, SaturationTotalBlue=0.8397746261437908, time=0.5712615740740741, GreenIndex=20.456490666666667, LAI=0.0, Utility=165.81428192478702]"
33,34,"[39.648063083333334, -82.81418958333333]",/home/boubin/Images/Photos_01JUN2018/North_Path/Images/33.6Feet/Sorte_2/DJI_0003.JPG,27,[],[],37,[],[],[],[],"[Latitude=39.648063083333334, Longitude=-82.81418958333333, BrightnessTotal=0.9323040476953773, exposureTime=0.007311, xResolution=4000, yResolution=3000, SaturationTotalRed=0.9580034689542484, SaturationTotalGreen=0.9297803539215685, SaturationTotalBlue=0.8630016062091502, time=0.5693981481481482, GreenIndex=9.878005333333334, LAI=0.0, Utility=80.15923131937281]"
33,35,"[39.64535411111111, -82.81455138888889]",/home/boubin/Images/Photos_01JUN2018/North_Path/Images/33.6Feet/Sorte_2/DJI_0001.JPG,[],[],47,[],[],[],[],[],"[Latitude=39.64535411111111, Longitude=-82.81455138888889, BrightnessTotal=0.8959507796938367, exposureTime=0.002758, xResolution=4000, yResolution=3000, SaturationTotalRed=0.8915277813725491, SaturationTotalGreen=0.900618377124183, SaturationTotalBlue=0.8634434120915032, time=0.5678587962962963, GreenIndex=11.892069333333334, LAI=1.0666666666666667e-05, Utility=96.46603724143381]"
33,36,"[39.64806316666667, -82.81773202777778]",/home/boubin/Images/Photos_01JUN2018/North_Path/Images/33.6Feet/Sorte_2/DJI_0037.JPG,87,45,[],72,[],[],[],[],"[Latitude=39.64806316666667, Longitude=-82.81773202777778, BrightnessTotal=0.9376901512319739, exposureTime=0.006632, xResolution=4000, yResolution=3000, SaturationTotalRed=0.9602562800653595, SaturationTotalGreen=0.9358060869281045, SaturationTotalBlue=0.873693079738562, time=0.5724189814814815, GreenIndex=9.633306666666666, LAI=0.0, Utility=78.17766083350173]"
33,37,"[39.64795772222222, -82.81419269444444]",/home/boubin/Images/Photos_01JUN2018/North_Path/Images/33.6Feet/Sorte_2/DJI_0090.JPG,85,[],34,35,[],[],[],[],"[Latitude=39.64795772222222, Longitude=-82.81419269444444, BrightnessTotal=0.904824060189669, exposureTime=0.003616, xResolution=4000, yResolution=3000, SaturationTotalRed=0.9384399983660131, SaturationTotalGreen=0.9000065598039216, SaturationTotalBlue=0.8291299464052287, time=0.5771875, GreenIndex=8.295514666666667, LAI=0.0, Utility=67.34293899070293]"
33,38,"[39.647957166666664, -82.81481816666667]",/home/boubin/Images/Photos_01JUN2018/North_Path/Images/33.6Feet/Sorte_2/DJI_0084.JPG,4,31,46,35,[],[],[],[],"[Latitude=39.647957166666664, Longitude=-82.81481816666667, BrightnessTotal=0.9520219861127928, exposureTime=0.008416, xResolution=4000, yResolution=3000, SaturationTotalRed=0.9766051937908496, SaturationTotalGreen=0.9494861120915032, SaturationTotalBlue=0.8873063683006536, time=0.5765625, GreenIndex=9.035093333333334, LAI=0.0, Utility=73.33385867988547]"
33,39,"[39.64795919444445, -82.81835908333333]",/home/boubin/Images/Photos_01JUN2018/North_Path/Images/33.6Feet/Sorte_2/DJI_0050.JPG,5,64,71,[],[],[],[],[],"[Latitude=39.64795919444445, Longitude=-82.81835908333333, BrightnessTotal=0.9184038193970064, exposureTime=0.005887, xResolution=4000, yResolution=3000, SaturationTotalRed=0.9444733676470588, SaturationTotalGreen=0.9164689794117648, SaturationTotalBlue=0.8410849503267974, time=0.5735648148148148, GreenIndex=12.142053333333333, LAI=5.333333333333334e-06, Utility=98.49019656512237]"
33,40,"[39.6480665, -82.8147115]",/home/boubin/Images/Photos_01JUN2018/North_Path/Images/33.6Feet/Sorte_2/DJI_0008.JPG,46,16,[],31,[],[],[],[],"[Latitude=39.6480665, Longitude=-82.8147115, BrightnessTotal=0.9542718833341509, exposureTime=0.008416, xResolution=4000, yResolution=3000, SaturationTotalRed=0.976241062745098, SaturationTotalGreen=0.9523397339869281, SaturationTotalBlue=0.8931724205882353, time=0.569849537037037, GreenIndex=9.082266666666667, LAI=0.0, Utility=73.71703841937854]"
33,41,"[39.648065555555554, -82.81439875]",/home/boubin/Images/Photos_01JUN2018/North_Path/Images/33.6Feet/Sorte_2/DJI_0005.JPG,50,27,[],2,[],[],[],[],"[Latitude=39.648065555555554, Longitude=-82.81439875, BrightnessTotal=0.9328272305655986, exposureTime=0.007077, xResolution=4000, yResolution=3000, SaturationTotalRed=0.9597811316993464, SaturationTotalGreen=0.9297727784313726, SaturationTotalBlue=0.8643971751633986, time=0.5695833333333333, GreenIndex=9.0624, LAI=0.0, Utility=73.55514790372732]"
33,42,"[39.64795816666667, -82.81783988888888]",/home/boubin/Images/Photos_01JUN2018/North_Path/Images/33.6Feet/Sorte_2/DJI_0055.JPG,26,72,87,[],[],[],[],[],"[Latitude=39.64795816666667, Longitude=-82.81783988888888, BrightnessTotal=0.9281749540623513, exposureTime=0.006596, xResolution=4000, yResolution=3000, SaturationTotalRed=0.948880777124183, SaturationTotalGreen=0.9279137287581699, SaturationTotalBlue=0.8536334882352941, time=0.5740046296296296, GreenIndex=13.616213333333333, LAI=0.0, Utility=110.42711087932827]"
33,43,"[39.64806519444444, -82.81533477777778]",/home/boubin/Images/Photos_01JUN2018/North_Path/Images/33.6Feet/Sorte_2/DJI_0014.JPG,86,13,[],66,[],[],[],[],"[Latitude=39.64806519444444, Longitude=-82.81533477777778, BrightnessTotal=0.9427965343385177, exposureTime=0.007634, xResolution=4000, yResolution=3000, SaturationTotalRed=0.9626541947712418, SaturationTotalGreen=0.9417186388888888, SaturationTotalBlue=0.8805710709150327, time=0.5703703703703704, GreenIndex=10.299701333333333, LAI=0.0, Utility=83.5741478496641]"
33,44,"[39.64806519444444, -82.81627266666666]",/home/boubin/Images/Photos_01JUN2018/North_Path/Images/33.6Feet/Sorte_2/DJI_0023.JPG,33,83,[],14,[],[],[],[],"[Latitude=39.64806519444444, Longitude=-82.81627266666666, BrightnessTotal=0.9435469666909683, exposureTime=0.01, xResolution=4000, yResolution=3000, SaturationTotalRed=0.9379264653594771, SaturationTotalGreen=0.9532043366013072, SaturationTotalBlue=0.8611735382352942, time=0.5711805555555556, GreenIndex=27.479669333333334, LAI=0.0007626666666666667, Utility=222.68282321831975]"
33,45,"[39.64806516666667, -82.81763]",/home/boubin/Images/Photos_01JUN2018/North_Path/Images/33.6Feet/Sorte_2/DJI_0036.JPG,36,56,[],57,[],[],[],[],"[Latitude=39.64806516666667, Longitude=-82.81763, BrightnessTotal=0.9458524104275151, exposureTime=0.007271, xResolution=4000, yResolution=3000, SaturationTotalRed=0.9655391486928104, SaturationTotalGreen=0.9449963529411766, SaturationTotalBlue=0.881886355882353, time=0.5723263888888889, GreenIndex=10.884842666666668, LAI=0.0, Utility=88.31195237228899]"
33,46,"[39.64806355555555, -82.81481216666667]",/home/boubin/Images/Photos_01JUN2018/North_Path/Images/33.6Feet/Sorte_2/DJI_0009.JPG,1,40,[],38,[],[],[],[],"[Latitude=39.64806355555555, Longitude=-82.81481216666667, BrightnessTotal=0.952247441820245, exposureTime=0.008694, xResolution=4000, yResolution=3000, SaturationTotalRed=0.9767383160130719, SaturationTotalGreen=0.9494545179738563, SaturationTotalBlue=0.8906819375816993, time=0.5699305555555556, GreenIndex=8.102522666666667, LAI=0.0, Utility=65.78378682309786]"
33,47,"[39.64795627777778, -82.81450311111111]",/home/boubin/Images/Photos_01JUN2018/North_Path/Images/33.6Feet/Sorte_2/DJI_0087.JPG,78,2,50,35,[],[],[],[],"[Latitude=39.64795627777778, Longitude=-82.81450311111111, BrightnessTotal=0.9403308525192825, exposureTime=0.006814, xResolution=4000, yResolution=3000, SaturationTotalRed=0.9629327310457516, SaturationTotalGreen=0.9387569751633986, SaturationTotalBlue=0.872821044117647, time=0.5768287037037036, GreenIndex=10.675834666666667, LAI=0.0, Utility=86.6185716267245]"
33,48,"[39.64806386111111, -82.81720697222222]",/home/boubin/Images/Photos_01JUN2018/North_Path/Images/33.6Feet/Sorte_2/DJI_0032.JPG,74,29,[],59,[],[],[],[],"[Latitude=39.64806386111111, Longitude=-82.81720697222222, BrightnessTotal=0.9391463182239367, exposureTime=0.007511, xResolution=4000, yResolution=3000, SaturationTotalRed=0.9596024248366013, SaturationTotalGreen=0.9386790274509804, SaturationTotalBlue=0.8679029676470589, time=0.5719791666666667, GreenIndex=12.751146666666667, LAI=0.0, Utility=103.4234065320481]"
33,49,"[39.64795911111111, -82.81669308333333]",/home/boubin/Images/Photos_01JUN2018/North_Path/Images/33.6Feet/Sorte_2/DJI_0066.JPG,54,88,25,58,[],[],[],[],"[Latitude=39.64795911111111, Longitude=-82.81669308333333, BrightnessTotal=0.9404641053161742, exposureTime=0.008191, xResolution=4000, yResolution=3000, SaturationTotalRed=0.9568628843137255, SaturationTotalGreen=0.9416845003267974, SaturationTotalBlue=0.8665220062091503, time=0.5749768518518519, GreenIndex=15.322650666666666, LAI=0.0, Utility=124.24483879624637]"
33,50,"[39.64806511111111, -82.81450211111111]",/home/boubin/Images/Photos_01JUN2018/North_Path/Images/33.6Feet/Sorte_2/DJI_0006.JPG,16,41,[],47,[],[],[],[],"[Latitude=39.64806511111111, Longitude=-82.81450211111111, BrightnessTotal=0.9437466878098049, exposureTime=0.007676, xResolution=4000, yResolution=3000, SaturationTotalRed=0.966564695751634, SaturationTotalGreen=0.9417464222222223, SaturationTotalBlue=0.8800548032679738, time=0.569675925925926, GreenIndex=9.44496, LAI=0.0, Utility=76.65332864345064]"
33,51,"[39.64795766666666, -82.81804830555555]",/home/boubin/Images/Photos_01JUN2018/North_Path/Images/33.6Feet/Sorte_2/DJI_0053.JPG,10,26,75,[],[],[],[],[],"[Latitude=39.64795766666666, Longitude=-82.81804830555555, BrightnessTotal=0.9304203699260181, exposureTime=0.00649, xResolution=4000, yResolution=3000, SaturationTotalRed=0.9528251215686274, SaturationTotalGreen=0.9296234078431372, SaturationTotalBlue=0.8551061075163399, time=0.5738310185185185, GreenIndex=13.12664, LAI=1.0666666666666667e-05, Utility=106.46309469940353]"
33,52,"[39.647957222222225, -82.81752433333332]",/home/boubin/Images/Photos_01JUN2018/North_Path/Images/33.6Feet/Sorte_2/DJI_0058.JPG,57,60,56,[],[],[],[],[],"[Latitude=39.647957222222225, Longitude=-82.81752433333332, BrightnessTotal=0.9364054511393916, exposureTime=0.006632, xResolution=4000, yResolution=3000, SaturationTotalRed=0.9587932032679739, SaturationTotalGreen=0.9351483980392157, SaturationTotalBlue=0.8662493630718954, time=0.5742708333333333, GreenIndex=11.556778666666666, LAI=0.0, Utility=93.75192435075138]"
33,53,"[39.648064166666664, -82.81846069444444]",/home/boubin/Images/Photos_01JUN2018/North_Path/Images/33.6Feet/Sorte_2/DJI_0044.JPG,21,71,[],5,[],[],[],[],"[Latitude=39.648064166666664, Longitude=-82.81846069444444, BrightnessTotal=0.9436910201616039, exposureTime=0.007193, xResolution=4000, yResolution=3000, SaturationTotalRed=0.9676955464052287, SaturationTotalGreen=0.9417203029411765, SaturationTotalBlue=0.8750422663398693, time=0.5730324074074075, GreenIndex=10.502698666666667, LAI=0.0, Utility=85.21743764934972]"
33,54,"[39.64795869444444, -82.81679688888889]",/home/boubin/Images/Photos_01JUN2018/North_Path/Images/33.6Feet/Sorte_2/DJI_0065.JPG,8,49,76,58,[],[],[],[],"[Latitude=39.64795869444444, Longitude=-82.81679688888889, BrightnessTotal=0.8913660301640862, exposureTime=0.005487, xResolution=4000, yResolution=3000, SaturationTotalRed=0.9157085049019609, SaturationTotalGreen=0.8904838892156863, SaturationTotalBlue=0.8090766885620916, time=0.5748842592592592, GreenIndex=14.382970666666667, LAI=5.333333333333334e-06, Utility=116.6337032279729]"
33,55,"[39.64806544444444, -82.81814644444444]",/home/boubin/Images/Photos_01JUN2018/North_Path/Images/33.6Feet/Sorte_2/DJI_0041.JPG,71,75,[],10,[],[],[],[],"[Latitude=39.64806544444444, Longitude=-82.81814644444444, BrightnessTotal=0.928107139492503, exposureTime=0.006081, xResolution=4000, yResolution=3000, SaturationTotalRed=0.9572911954248365, SaturationTotalGreen=0.9243164277777778, SaturationTotalBlue=0.8589114068627451, time=0.5727662037037037, GreenIndex=8.287690666666666, LAI=0.0, Utility=67.28145897199298]"
33,56,"[39.648064194444444, -82.81752208333333]",/home/boubin/Images/Photos_01JUN2018/North_Path/Images/33.6Feet/Sorte_2/DJI_0035.JPG,45,17,[],52,[],[],[],[],"[Latitude=39.648064194444444, Longitude=-82.81752208333333, BrightnessTotal=0.9412543625596459, exposureTime=0.007232, xResolution=4000, yResolution=3000, SaturationTotalRed=0.9625030117647059, SaturationTotalGreen=0.9400563879084968, SaturationTotalBlue=0.8749253493464052, time=0.5722337962962963, GreenIndex=10.940410666666667, LAI=0.0, Utility=88.76167804516143]"
33,57,"[39.647956666666666, -82.81763030555555]",/home/boubin/Images/Photos_01JUN2018/North_Path/Images/33.6Feet/Sorte_2/DJI_0057.JPG,72,52,45,[],[],[],[],[],"[Latitude=39.647956666666666, Longitude=-82.81763030555555, BrightnessTotal=0.9282008749554285, exposureTime=0.006777, xResolution=4000, yResolution=3000, SaturationTotalRed=0.9491083418300653, SaturationTotalGreen=0.9281648091503268, SaturationTotalBlue=0.8503713124183007, time=0.5741782407407408, GreenIndex=14.534666666666666, LAI=0.0, Utility=117.8639299509321]"
33,58,"[39.645265333333334, -82.81500791666666]",/home/boubin/Images/Photos_01JUN2018/North_Path/Images/33.6Feet/Sorte_2/DJI_0002.JPG,[],[],81,[],[],[],[],[],"[Latitude=39.645265333333334, Longitude=-82.81500791666666, BrightnessTotal=0.9719798990605618, exposureTime=0.009128, xResolution=4000, yResolution=3000, SaturationTotalRed=0.9850591382352941, SaturationTotalGreen=0.972165054248366, SaturationTotalBlue=0.9221549284313726, time=0.5688425925925926, GreenIndex=9.591765333333333, LAI=0.0, Utility=77.84359352469293]"
33,59,"[39.64795755555556, -82.81721155555555]",/home/boubin/Images/Photos_01JUN2018/North_Path/Images/33.6Feet/Sorte_2/DJI_0061.JPG,65,12,48,[],[],[],[],[],"[Latitude=39.64795755555556, Longitude=-82.81721155555555, BrightnessTotal=0.9461867076637108, exposureTime=0.008462, xResolution=4000, yResolution=3000, SaturationTotalRed=0.9601879869281046, SaturationTotalGreen=0.9479846558823529, SaturationTotalBlue=0.8752506418300654, time=0.5745370370370371, GreenIndex=15.46232, LAI=0.0, Utility=125.37612342240396]"
33,60,"[39.647957444444444, -82.8174216111111]",/home/boubin/Images/Photos_01JUN2018/North_Path/Images/33.6Feet/Sorte_2/DJI_0059.JPG,52,65,17,[],[],[],[],[],"[Latitude=39.647957444444444, Longitude=-82.8174216111111, BrightnessTotal=0.9400086793766886, exposureTime=0.007271, xResolution=4000, yResolution=3000, SaturationTotalRed=0.9601193741830065, SaturationTotalGreen=0.9397847751633986, SaturationTotalBlue=0.8674458732026145, time=0.5743634259259259, GreenIndex=13.265082666666666, LAI=0.0, Utility=107.58447590452491]"
33,61,"[39.64806433333333, -82.81648102777777]",/home/boubin/Images/Photos_01JUN2018/North_Path/Images/33.6Feet/Sorte_2/DJI_0025.JPG,89,33,[],11,[],[],[],[],"[Latitude=39.64806433333333, Longitude=-82.81648102777777, BrightnessTotal=0.9427934690481715, exposureTime=0.00828, xResolution=4000, yResolution=3000, SaturationTotalRed=0.9578417666666666, SaturationTotalGreen=0.9444275964052288, SaturationTotalBlue=0.8695715003267974, time=0.5713657407407408, GreenIndex=15.740426666666666, LAI=0.0, Utility=127.62833662447282]"
33,62,"[39.647961277777775, -82.8185631111111]",/home/boubin/Images/Photos_01JUN2018/North_Path/Images/33.6Feet/Sorte_2/DJI_0048.JPG,3,5,21,[],[],[],[],[],"[Latitude=39.647961277777775, Longitude=-82.8185631111111, BrightnessTotal=0.9358855470669584, exposureTime=0.007511, xResolution=4000, yResolution=3000, SaturationTotalRed=0.9518184290849673, SaturationTotalGreen=0.9386590676470588, SaturationTotalBlue=0.846436627124183, time=0.5733912037037037, GreenIndex=20.179189333333333, LAI=0.0, Utility=163.56895611355722]"
33,63,"[39.64806547222222, -82.81794005555555]",/home/boubin/Images/Photos_01JUN2018/North_Path/Images/33.6Feet/Sorte_2/DJI_0039.JPG,75,87,[],26,[],[],[],[],"[Latitude=39.64806547222222, Longitude=-82.81794005555555, BrightnessTotal=0.9198493779581066, exposureTime=0.005576, xResolution=4000, yResolution=3000, SaturationTotalRed=0.9474546732026145, SaturationTotalGreen=0.9167043526143791, SaturationTotalBlue=0.8497805483660131, time=0.5725925925925925, GreenIndex=9.260373333333334, LAI=0.0, Utility=75.15704428493554]"
33,64,"[39.64795616666667, -82.81825599999999]",/home/boubin/Images/Photos_01JUN2018/North_Path/Images/33.6Feet/Sorte_2/DJI_0051.JPG,39,10,[],[],[],[],[],[],"[Latitude=39.64795616666667, Longitude=-82.81825599999999, BrightnessTotal=0.9402085149687789, exposureTime=0.007039, xResolution=4000, yResolution=3000, SaturationTotalRed=0.9605739290849673, SaturationTotalGreen=0.9398602078431373, SaturationTotalBlue=0.8680165986928104, time=0.5736574074074074, GreenIndex=13.066458666666668, LAI=0.0, Utility=105.9763125084943]"
33,65,"[39.64795755555556, -82.81731713888888]",/home/boubin/Images/Photos_01JUN2018/North_Path/Images/33.6Feet/Sorte_2/DJI_0060.JPG,60,59,74,[],[],[],[],[],"[Latitude=39.64795755555556, Longitude=-82.81731713888888, BrightnessTotal=0.9357927820665263, exposureTime=0.00743, xResolution=4000, yResolution=3000, SaturationTotalRed=0.9548729516339869, SaturationTotalGreen=0.9359375437908497, SaturationTotalBlue=0.8631937565359477, time=0.5744444444444444, GreenIndex=13.746746666666667, LAI=5.333333333333334e-06, Utility=111.48436567106022]"
33,66,"[39.647956, -82.81533499999999]",/home/boubin/Images/Photos_01JUN2018/North_Path/Images/33.6Feet/Sorte_2/DJI_0079.JPG,22,82,43,35,[],[],[],[],"[Latitude=39.647956, Longitude=-82.81533499999999, BrightnessTotal=0.944056313223398, exposureTime=0.007039, xResolution=4000, yResolution=3000, SaturationTotalRed=0.9661313513071895, SaturationTotalGreen=0.9421434081699346, SaturationTotalBlue=0.8823042222222222, time=0.5761226851851852, GreenIndex=9.166394666666667, LAI=0.0, Utility=74.39672033104723]"
33,67,"[39.64806519444444, -82.81502094444444]",/home/boubin/Images/Photos_01JUN2018/North_Path/Images/33.6Feet/Sorte_2/DJI_0011.JPG,9,1,[],81,[],[],[],[],"[Latitude=39.64806519444444, Longitude=-82.81502094444444, BrightnessTotal=0.9454504717139238, exposureTime=0.007886, xResolution=4000, yResolution=3000, SaturationTotalRed=0.9686883901960784, SaturationTotalGreen=0.9431374316993464, SaturationTotalBlue=0.8835284650326797, time=0.5701041666666666, GreenIndex=8.718074666666666, LAI=0.0, Utility=70.76764606506399]"
33,68,"[39.648064749999996, -82.81866683333332]",/home/boubin/Images/Photos_01JUN2018/North_Path/Images/33.6Feet/Sorte_2/DJI_0046.JPG,[],21,[],3,[],[],[],[],"[Latitude=39.648064749999996, Longitude=-82.81866683333332, BrightnessTotal=0.8492408938788332, exposureTime=0.003158, xResolution=4000, yResolution=3000, SaturationTotalRed=0.8389830539215686, SaturationTotalGreen=0.8608118823529411, SaturationTotalBlue=0.762571055882353, time=0.5732060185185185, GreenIndex=30.600149333333334, LAI=0.013210666666666667, Utility=247.94490122782796]"
33,69,"[39.647954416666664, -82.81575627777778]",/home/boubin/Images/Photos_01JUN2018/North_Path/Images/33.6Feet/Sorte_2/DJI_0075.JPG,7,15,79,58,[],[],[],[],"[Latitude=39.647954416666664, Longitude=-82.81575627777778, BrightnessTotal=0.9231709663033824, exposureTime=0.005607, xResolution=4000, yResolution=3000, SaturationTotalRed=0.9508289441176471, SaturationTotalGreen=0.9197789245098039, SaturationTotalBlue=0.8556133366013071, time=0.5757638888888889, GreenIndex=8.483749333333334, LAI=0.0, Utility=68.86825740615137]"
33,70,"[39.64795652777778, -82.81513183333333]",/home/boubin/Images/Photos_01JUN2018/North_Path/Images/33.6Feet/Sorte_2/DJI_0081.JPG,82,81,9,35,[],[],[],[],"[Latitude=39.64795652777778, Longitude=-82.81513183333333, BrightnessTotal=0.9451308326171161, exposureTime=0.007232, xResolution=4000, yResolution=3000, SaturationTotalRed=0.9679140918300654, SaturationTotalGreen=0.9433069882352941, SaturationTotalBlue=0.87965892875817, time=0.5762962962962963, GreenIndex=10.002768, LAI=0.0, Utility=81.16897446624088]"
33,71,"[39.64806536111111, -82.81835758333332]",/home/boubin/Images/Photos_01JUN2018/North_Path/Images/33.6Feet/Sorte_2/DJI_0043.JPG,53,55,[],39,[],[],[],[],"[Latitude=39.64806536111111, Longitude=-82.81835758333332, BrightnessTotal=0.9304003285933413, exposureTime=0.005887, xResolution=4000, yResolution=3000, SaturationTotalRed=0.9623597107843137, SaturationTotalGreen=0.9250769807189543, SaturationTotalBlue=0.8669644196078432, time=0.5729398148148148, GreenIndex=5.346997333333333, LAI=0.0, Utility=43.47031691606419]"
33,72,"[39.64795772222222, -82.81773533333333]",/home/boubin/Images/Photos_01JUN2018/North_Path/Images/33.6Feet/Sorte_2/DJI_0056.JPG,42,57,36,[],[],[],[],[],"[Latitude=39.64795772222222, Longitude=-82.81773533333333, BrightnessTotal=0.9183727547086987, exposureTime=0.006147, xResolution=4000, yResolution=3000, SaturationTotalRed=0.9421606202614379, SaturationTotalGreen=0.9172599290849673, SaturationTotalBlue=0.8410174637254901, time=0.5740972222222223, GreenIndex=13.119669333333333, LAI=1.6e-05, Utility=106.40601575033266]"
33,73,"[39.64795783333333, -82.81700291666667]",/home/boubin/Images/Photos_01JUN2018/North_Path/Images/33.6Feet/Sorte_2/DJI_0063.JPG,12,8,24,[],[],[],[],[],"[Latitude=39.64795783333333, Longitude=-82.81700291666667, BrightnessTotal=0.937339541122001, exposureTime=0.008371, xResolution=4000, yResolution=3000, SaturationTotalRed=0.9538841274509804, SaturationTotalGreen=0.9385062075163398, SaturationTotalBlue=0.8634076774509805, time=0.5747106481481481, GreenIndex=15.255008, LAI=0.0, Utility=123.69701703378801]"
33,74,"[39.648064805555556, -82.81731225]",/home/boubin/Images/Photos_01JUN2018/North_Path/Images/33.6Feet/Sorte_2/DJI_0033.JPG,17,48,[],65,[],[],[],[],"[Latitude=39.648064805555556, Longitude=-82.81731225, BrightnessTotal=0.9398159677698904, exposureTime=0.007552, xResolution=4000, yResolution=3000, SaturationTotalRed=0.9610474509803922, SaturationTotalGreen=0.9390433774509804, SaturationTotalBlue=0.8688905130718955, time=0.5720601851851852, GreenIndex=12.336293333333334, LAI=0.0, Utility=100.06429602327482]"
33,75,"[39.64806566666667, -82.81804305555555]",/home/boubin/Images/Photos_01JUN2018/North_Path/Images/33.6Feet/Sorte_2/DJI_0040.JPG,55,63,[],51,[],[],[],[],"[Latitude=39.64806566666667, Longitude=-82.81804305555555, BrightnessTotal=0.9344989523746146, exposureTime=0.006081, xResolution=4000, yResolution=3000, SaturationTotalRed=0.9614102300653594, SaturationTotalGreen=0.9311531392156863, SaturationTotalBlue=0.8694214480392157, time=0.5726736111111111, GreenIndex=8.056901333333334, LAI=0.0, Utility=65.41306350433649]"
33,76,"[39.64806491666667, -82.81679338888888]",/home/boubin/Images/Photos_01JUN2018/North_Path/Images/33.6Feet/Sorte_2/DJI_0028.JPG,28,25,[],54,[],[],[],[],"[Latitude=39.64806491666667, Longitude=-82.81679338888888, BrightnessTotal=0.9603701071591108, exposureTime=0.009954, xResolution=4000, yResolution=3000, SaturationTotalRed=0.9534944039215687, SaturationTotalGreen=0.9666646888888889, SaturationTotalBlue=0.9196126375816994, time=0.5716319444444444, GreenIndex=15.510581333333333, LAI=4.8e-05, Utility=125.76817470847216]"
33,77,"[39.64806413888889, -82.81595830555555]",/home/boubin/Images/Photos_01JUN2018/North_Path/Images/33.6Feet/Sorte_2/DJI_0020.JPG,19,23,[],84,[],[],[],[],"[Latitude=39.64806413888889, Longitude=-82.81595830555555, BrightnessTotal=0.9403023864319364, exposureTime=0.007511, xResolution=4000, yResolution=3000, SaturationTotalRed=0.9622169683006536, SaturationTotalGreen=0.9385644375816994, SaturationTotalBlue=0.8772604771241831, time=0.5709027777777778, GreenIndex=9.632816, LAI=0.0, Utility=78.17406391487243]"
33,78,"[39.64795930555555, -82.81461072222221]",/home/boubin/Images/Photos_01JUN2018/North_Path/Images/33.6Feet/Sorte_2/DJI_0086.JPG,31,47,16,35,[],[],[],[],"[Latitude=39.64795930555555, Longitude=-82.81461072222221, BrightnessTotal=0.9386038859737766, exposureTime=0.006704, xResolution=4000, yResolution=3000, SaturationTotalRed=0.9594291964052288, SaturationTotalGreen=0.937527764379085, SaturationTotalBlue=0.8725849611111111, time=0.5767361111111111, GreenIndex=11.016304, LAI=0.0, Utility=89.3753411445959]"
33,79,"[39.64806425, -82.81575280555555]",/home/boubin/Images/Photos_01JUN2018/North_Path/Images/33.6Feet/Sorte_2/DJI_0018.JPG,23,6,[],69,[],[],[],[],"[Latitude=39.64806425, Longitude=-82.81575280555555, BrightnessTotal=0.9083597649652004, exposureTime=0.006048, xResolution=4000, yResolution=3000, SaturationTotalRed=0.9387216352941177, SaturationTotalGreen=0.9046386908496732, SaturationTotalBlue=0.8336154248366013, time=0.5707291666666666, GreenIndex=9.459082666666667, LAI=1.0666666666666667e-05, Utility=76.76575010833368]"
33,80,"[39.64795733333333, -82.81638172222222]",/home/boubin/Images/Photos_01JUN2018/North_Path/Images/33.6Feet/Sorte_2/DJI_0069.JPG,11,14,33,58,[],[],[],[],"[Latitude=39.64795733333333, Longitude=-82.81638172222222, BrightnessTotal=0.8877703931693962, exposureTime=0.005546, xResolution=4000, yResolution=3000, SaturationTotalRed=0.914377494117647, SaturationTotalGreen=0.88669082875817, SaturationTotalBlue=0.7985376702614378, time=0.5752430555555555, GreenIndex=15.465269333333334, LAI=0.00010666666666666667, Utility=125.3969829100799]"
33,81,"[39.647956416666666, -82.81502597222222]",/home/boubin/Images/Photos_01JUN2018/North_Path/Images/33.6Feet/Sorte_2/DJI_0082.JPG,70,4,67,35,[],[],[],[],"[Latitude=39.647956416666666, Longitude=-82.81502597222222, BrightnessTotal=0.9611112594969675, exposureTime=0.008016, xResolution=4000, yResolution=3000, SaturationTotalRed=0.9802295359477123, SaturationTotalGreen=0.9599011238562092, SaturationTotalBlue=0.9032261705882353, time=0.5763888888888888, GreenIndex=9.364298666666667, LAI=0.0, Utility=75.99998040079167]"
33,82,"[39.64795908333333, -82.81523511111111]",/home/boubin/Images/Photos_01JUN2018/North_Path/Images/33.6Feet/Sorte_2/DJI_0080.JPG,66,70,13,35,[],[],[],[],"[Latitude=39.64795908333333, Longitude=-82.81523511111111, BrightnessTotal=0.9538252350008803, exposureTime=0.007634, xResolution=4000, yResolution=3000, SaturationTotalRed=0.972846489869281, SaturationTotalGreen=0.9528646653594771, SaturationTotalBlue=0.8935939385620916, time=0.5762152777777778, GreenIndex=10.068053333333333, LAI=0.0, Utility=81.69805513017465]"
33,83,"[39.64806519444444, -82.81617230555555]",/home/boubin/Images/Photos_01JUN2018/North_Path/Images/33.6Feet/Sorte_2/DJI_0022.JPG,44,19,[],32,[],[],[],[],"[Latitude=39.64806519444444, Longitude=-82.81617230555555, BrightnessTotal=0.9480018460081648, exposureTime=0.009901, xResolution=4000, yResolution=3000, SaturationTotalRed=0.9641415496732026, SaturationTotalGreen=0.948410622875817, SaturationTotalBlue=0.8839985702614379, time=0.5710879629629629, GreenIndex=12.455685333333333, LAI=0.0, Utility=101.03161239153772]"
33,84,"[39.64796013888889, -82.81596802777777]",/home/boubin/Images/Photos_01JUN2018/North_Path/Images/33.6Feet/Sorte_2/DJI_0073.JPG,30,7,77,58,[],[],[],[],"[Latitude=39.64796013888889, Longitude=-82.81596802777777, BrightnessTotal=0.9411765234475777, exposureTime=0.00674, xResolution=4000, yResolution=3000, SaturationTotalRed=0.9608014859477124, SaturationTotalGreen=0.9403619732026144, SaturationTotalBlue=0.8769826882352941, time=0.5755902777777778, GreenIndex=11.011994666666666, LAI=0.0, Utility=89.34076548039545]"
33,85,"[39.64795677777778, -82.81429716666666]",/home/boubin/Images/Photos_01JUN2018/North_Path/Images/33.6Feet/Sorte_2/DJI_0089.JPG,2,37,27,35,[],[],[],[],"[Latitude=39.64795677777778, Longitude=-82.81429716666666, BrightnessTotal=0.9454319191829623, exposureTime=0.007552, xResolution=4000, yResolution=3000, SaturationTotalRed=0.9689880277777778, SaturationTotalGreen=0.9433506222222222, SaturationTotalBlue=0.8797511392156864, time=0.5770023148148148, GreenIndex=9.712874666666666, LAI=0.0, Utility=78.82156280094844]"
33,86,"[39.64806452777778, -82.81543694444444]",/home/boubin/Images/Photos_01JUN2018/North_Path/Images/33.6Feet/Sorte_2/DJI_0015.JPG,20,43,[],22,[],[],[],[],"[Latitude=39.64806452777778, Longitude=-82.81543694444444, BrightnessTotal=0.9336887931453471, exposureTime=0.007154, xResolution=4000, yResolution=3000, SaturationTotalRed=0.9583051568627451, SaturationTotalGreen=0.9310251405228758, SaturationTotalBlue=0.8701631836601308, time=0.570462962962963, GreenIndex=8.590554666666666, LAI=0.0, Utility=69.73446127342419]"
33,87,"[39.64806261111111, -82.81783663888889]",/home/boubin/Images/Photos_01JUN2018/North_Path/Images/33.6Feet/Sorte_2/DJI_0038.JPG,63,36,[],42,[],[],[],[],"[Latitude=39.64806261111111, Longitude=-82.81783663888889, BrightnessTotal=0.9164550905261398, exposureTime=0.005699, xResolution=4000, yResolution=3000, SaturationTotalRed=0.9428063437908497, SaturationTotalGreen=0.9140171807189542, SaturationTotalBlue=0.8435621137254902, time=0.5725, GreenIndex=10.687114666666666, LAI=5.333333333333334e-06, Utility=86.70942848240064]"
33,88,"[39.647955833333334, -82.81658497222222]",/home/boubin/Images/Photos_01JUN2018/North_Path/Images/33.6Feet/Sorte_2/DJI_0067.JPG,49,11,89,58,[],[],[],[],"[Latitude=39.647955833333334, Longitude=-82.81658497222222, BrightnessTotal=0.9205770022140176, exposureTime=0.006668, xResolution=4000, yResolution=3000, SaturationTotalRed=0.9431376140522876, SaturationTotalGreen=0.9201096209150327, SaturationTotalBlue=0.8409437062091503, time=0.5750578703703704, GreenIndex=14.325866666666666, LAI=5.333333333333334e-06, Utility=116.17272413932857]"
33,89,"[39.64806383333333, -82.81658480555555]",/home/boubin/Images/Photos_01JUN2018/North_Path/Images/33.6Feet/Sorte_2/DJI_0026.JPG,25,61,[],88,[],[],[],[],"[Latitude=39.64806383333333, Longitude=-82.81658480555555, BrightnessTotal=0.9517139885677758, exposureTime=0.0086, xResolution=4000, yResolution=3000, SaturationTotalRed=0.9670214232026144, SaturationTotalGreen=0.9525555506535948, SaturationTotalBlue=0.8862170630718954, time=0.5714467592592593, GreenIndex=13.285264, LAI=0.0, Utility=107.74895547220603]"
