33,1,"[39.64721025, -82.81501716666666]",/home/boubin/Images/Photos_20AUG2018/North_Path/Images/33.6Feet/Sorte_6/DJI_0010.JPG,67,46,[],70,[],[],[],[],"[Latitude=39.64721025, Longitude=-82.81501716666666, BrightnessTotal=0.6336761771510236, exposureTime=0.006282, xResolution=4000, yResolution=3000, SaturationTotalRed=0.6597296111111112, SaturationTotalGreen=0.6423013735294117, SaturationTotalBlue=0.41265135130718955, time=0.6168402777777777, GreenIndex=54.17267733333333, LAI=0.022656, Utility=438.7972165072483]"
33,2,"[39.64710613888889, -82.81429591666667]",/home/boubin/Images/Photos_20AUG2018/North_Path/Images/33.6Feet/Sorte_6/DJI_0088.JPG,47,85,34,37,[],[],[],[],"[Latitude=39.64710613888889, Longitude=-82.81429591666667, BrightnessTotal=0.6257489882305537, exposureTime=0.006248, xResolution=4000, yResolution=3000, SaturationTotalRed=0.6646653333333333, SaturationTotalGreen=0.6296605647058824, SaturationTotalBlue=0.4045761781045752, time=0.6237962962962963, GreenIndex=48.53403733333333, LAI=0.014576, Utility=393.138765639257]"
33,3,"[39.647106, -82.818564]",/home/boubin/Images/Photos_20AUG2018/North_Path/Images/33.6Feet/Sorte_6/DJI_0047.JPG,68,62,53,[],[],[],[],[],"[Latitude=39.647106, Longitude=-82.818564, BrightnessTotal=0.6376690266480155, exposureTime=0.008416, xResolution=4000, yResolution=3000, SaturationTotalRed=0.6876772313725491, SaturationTotalGreen=0.6382625633986928, SaturationTotalBlue=0.4050042790849673, time=0.6200925925925926, GreenIndex=46.910570666666665, LAI=0.0004693333333333333, Utility=379.9944353519726]"
33,4,"[39.64710397222222, -82.81481938888889]",/home/boubin/Images/Photos_20AUG2018/North_Path/Images/33.6Feet/Sorte_6/DJI_0083.JPG,81,38,40,35,[],[],[],[],"[Latitude=39.64710397222222, Longitude=-82.81481938888889, BrightnessTotal=0.6190758425526104, exposureTime=0.007676, xResolution=4000, yResolution=3000, SaturationTotalRed=0.6404060846405228, SaturationTotalGreen=0.6290284248366014, SaturationTotalBlue=0.40226106274509804, time=0.6233333333333333, GreenIndex=54.972309333333335, LAI=0.031461333333333334, Utility=445.2702153017534]"
33,5,"[39.647104444444444, -82.81835422222221]",/home/boubin/Images/Photos_20AUG2018/North_Path/Images/33.6Feet/Sorte_6/DJI_0049.JPG,62,39,[],[],[],[],[],[],"[Latitude=39.647104444444444, Longitude=-82.81835422222221, BrightnessTotal=0.6182169909900177, exposureTime=0.01, xResolution=4000, yResolution=3000, SaturationTotalRed=0.6227755888888888, SaturationTotalGreen=0.6349679124183006, SaturationTotalBlue=0.3857806774509804, time=0.6202662037037037, GreenIndex=66.687936, LAI=0.03799466666666667, Utility=540.1338368508311]"
33,6,"[39.64721152777778, -82.81574972222222]",/home/boubin/Images/Photos_20AUG2018/North_Path/Images/33.6Feet/Sorte_6/DJI_0017.JPG,79,20,[],7,[],[],[],[],"[Latitude=39.64721152777778, Longitude=-82.81574972222222, BrightnessTotal=0.6336510610876311, exposureTime=0.005887, xResolution=4000, yResolution=3000, SaturationTotalRed=0.6675691316993464, SaturationTotalGreen=0.6403026339869281, SaturationTotalBlue=0.39873016699346403, time=0.6174652777777778, GreenIndex=54.671354666666666, LAI=0.017056, Utility=442.8349223985996]"
33,7,"[39.64710352777778, -82.81575522222222]",/home/boubin/Images/Photos_20AUG2018/North_Path/Images/33.6Feet/Sorte_6/DJI_0074.JPG,84,69,6,35,[],[],[],[],"[Latitude=39.64710352777778, Longitude=-82.81575522222222, BrightnessTotal=0.6230603070832518, exposureTime=0.00828, xResolution=4000, yResolution=3000, SaturationTotalRed=0.6443408823529412, SaturationTotalGreen=0.6335954738562092, SaturationTotalBlue=0.39759685326797384, time=0.6225231481481481, GreenIndex=57.462176, LAI=0.02707733333333333, Utility=465.43133806613577]"
33,8,"[39.647100305555554, -82.81679438888888]",/home/boubin/Images/Photos_20AUG2018/North_Path/Images/33.6Feet/Sorte_6/DJI_0064.JPG,73,54,25,[],[],[],[],[],"[Latitude=39.647100305555554, Longitude=-82.81679438888888, BrightnessTotal=0.5967584522519794, exposureTime=0.01, xResolution=4000, yResolution=3000, SaturationTotalRed=0.6065591836601307, SaturationTotalGreen=0.6102577774509804, SaturationTotalBlue=0.38567946993464053, time=0.6216087962962963, GreenIndex=58.24904, LAI=0.051552, Utility=471.80162425799085]"
33,9,"[39.647214222222225, -82.81522797222222]",/home/boubin/Images/Photos_20AUG2018/North_Path/Images/33.6Feet/Sorte_6/DJI_0012.JPG,13,67,[],66,[],[],[],[],"[Latitude=39.647214222222225, Longitude=-82.81522797222222, BrightnessTotal=0.6131826682125027, exposureTime=0.005855, xResolution=4000, yResolution=3000, SaturationTotalRed=0.6336515408496732, SaturationTotalGreen=0.6236557356209151, SaturationTotalBlue=0.39231644183006537, time=0.6170138888888889, GreenIndex=56.48512, LAI=0.029541333333333333, Utility=457.52039590238996]"
33,10,"[39.647104, -82.81804502777777]",/home/boubin/Images/Photos_20AUG2018/North_Path/Images/33.6Feet/Sorte_6/DJI_0052.JPG,64,51,63,[],[],[],[],[],"[Latitude=39.647104, Longitude=-82.81804502777777, BrightnessTotal=0.6168699654476026, exposureTime=0.01, xResolution=4000, yResolution=3000, SaturationTotalRed=0.610663177124183, SaturationTotalGreen=0.6349976277777778, SaturationTotalBlue=0.4206257196078431, time=0.6205324074074074, GreenIndex=60.90808533333333, LAI=0.03712533333333334, Utility=493.3335350737331]"
33,11,"[39.64710494444444, -82.81638522222222]",/home/boubin/Images/Photos_20AUG2018/North_Path/Images/33.6Feet/Sorte_6/DJI_0068.JPG,88,80,44,[],[],[],[],[],"[Latitude=39.64710494444444, Longitude=-82.81638522222222, BrightnessTotal=0.605030766007822, exposureTime=0.01, xResolution=4000, yResolution=3000, SaturationTotalRed=0.6206624486928104, SaturationTotalGreen=0.6162379343137254, SaturationTotalBlue=0.39884141830065356, time=0.6219675925925926, GreenIndex=54.339146666666664, LAI=0.035813333333333336, Utility=440.14298096286757]"
33,12,"[39.64710711111111, -82.81700036111111]",/home/boubin/Images/Photos_20AUG2018/North_Path/Images/33.6Feet/Sorte_6/DJI_0062.JPG,59,73,28,[],[],[],[],[],"[Latitude=39.64710711111111, Longitude=-82.81700036111111, BrightnessTotal=0.5844149089391346, exposureTime=0.01, xResolution=4000, yResolution=3000, SaturationTotalRed=0.5861164133986928, SaturationTotalGreen=0.5999119588235294, SaturationTotalBlue=0.38467831699346405, time=0.6214351851851851, GreenIndex=58.44505066666667, LAI=0.06720533333333334, Utility=473.38822602736025]"
33,13,"[39.64720886111111, -82.81533180555556]",/home/boubin/Images/Photos_20AUG2018/North_Path/Images/33.6Feet/Sorte_6/DJI_0013.JPG,43,9,[],22,[],[],[],[],"[Latitude=39.64720886111111, Longitude=-82.81533180555556, BrightnessTotal=0.624311040984211, exposureTime=0.006181, xResolution=4000, yResolution=3000, SaturationTotalRed=0.6523767604575164, SaturationTotalGreen=0.6324225346405228, SaturationTotalBlue=0.39898061601307194, time=0.6171064814814815, GreenIndex=54.479306666666666, LAI=0.020992, Utility=441.27952429207363]"
33,14,"[39.647103055555554, -82.81616930555555]",/home/boubin/Images/Photos_20AUG2018/North_Path/Images/33.6Feet/Sorte_6/DJI_0070.JPG,80,32,19,35,[],[],[],[],"[Latitude=39.647103055555554, Longitude=-82.81616930555555, BrightnessTotal=0.6120081680522053, exposureTime=0.01, xResolution=4000, yResolution=3000, SaturationTotalRed=0.6202122150326796, SaturationTotalGreen=0.6264052169934641, SaturationTotalBlue=0.39692147908496733, time=0.6221412037037037, GreenIndex=60.14075733333333, LAI=0.045952, Utility=487.1197900621419]"
33,15,"[39.647105805555555, -82.81554338888888]",/home/boubin/Images/Photos_20AUG2018/North_Path/Images/33.6Feet/Sorte_6/DJI_0076.JPG,69,18,86,35,[],[],[],[],"[Latitude=39.647105805555555, Longitude=-82.81554338888888, BrightnessTotal=0.6056368231441032, exposureTime=0.006814, xResolution=4000, yResolution=3000, SaturationTotalRed=0.635515091503268, SaturationTotalGreen=0.6130098444444444, SaturationTotalBlue=0.37955662222222225, time=0.6227083333333333, GreenIndex=53.818666666666665, LAI=0.021466666666666665, Utility=435.9284007451627]"
33,16,"[39.64721180555556, -82.81470080555555]",/home/boubin/Images/Photos_20AUG2018/North_Path/Images/33.6Feet/Sorte_6/DJI_0007.JPG,40,50,[],38,[],[],[],[],"[Latitude=39.64721180555556, Longitude=-82.81470080555555, BrightnessTotal=0.6185665113086817, exposureTime=0.007634, xResolution=4000, yResolution=3000, SaturationTotalRed=0.6351912385620916, SaturationTotalGreen=0.6294761225490196, SaturationTotalBlue=0.4127880849673202, time=0.616574074074074, GreenIndex=53.84010133333334, LAI=0.032250666666666664, Utility=436.103668071513]"
33,17,"[39.64720833333333, -82.8175173611111]",/home/boubin/Images/Photos_20AUG2018/North_Path/Images/33.6Feet/Sorte_6/DJI_0034.JPG,56,74,[],57,[],[],[],[],"[Latitude=39.64720833333333, Longitude=-82.8175173611111, BrightnessTotal=0.6246652958619645, exposureTime=0.008147, xResolution=4000, yResolution=3000, SaturationTotalRed=0.6467963470588235, SaturationTotalGreen=0.6356361065359477, SaturationTotalBlue=0.38726948039215686, time=0.6189467592592592, GreenIndex=60.526389333333334, LAI=0.022597333333333334, Utility=490.2433530038034]"
33,18,"[39.64710269444444, -82.81544797222222]",/home/boubin/Images/Photos_20AUG2018/North_Path/Images/33.6Feet/Sorte_6/DJI_0077.JPG,15,22,43,35,[],[],[],[],"[Latitude=39.64710269444444, Longitude=-82.81544797222222, BrightnessTotal=0.6312050356216586, exposureTime=0.008103, xResolution=4000, yResolution=3000, SaturationTotalRed=0.6545001980392157, SaturationTotalGreen=0.6407417928104575, SaturationTotalBlue=0.4111036640522876, time=0.622800925925926, GreenIndex=55.102970666666664, LAI=0.028042666666666667, Utility=446.3288632300398]"
33,19,"[39.647209277777776, -82.81616433333333]",/home/boubin/Images/Photos_20AUG2018/North_Path/Images/33.6Feet/Sorte_6/DJI_0021.JPG,83,77,[],14,[],[],[],[],"[Latitude=39.647209277777776, Longitude=-82.81616433333333, BrightnessTotal=0.6373498857994601, exposureTime=0.008016, xResolution=4000, yResolution=3000, SaturationTotalRed=0.6542005496732026, SaturationTotalGreen=0.6490430418300653, SaturationTotalBlue=0.41979678366013073, time=0.6178125, GreenIndex=57.20205333333333, LAI=0.030938666666666666, Utility=463.32657630255784]"
33,20,"[39.64721411111111, -82.81563997222221]",/home/boubin/Images/Photos_20AUG2018/North_Path/Images/33.6Feet/Sorte_6/DJI_0016.JPG,6,86,[],69,[],[],[],[],"[Latitude=39.64721411111111, Longitude=-82.81563997222221, BrightnessTotal=0.6059807885043298, exposureTime=0.005668, xResolution=4000, yResolution=3000, SaturationTotalRed=0.6278171444444444, SaturationTotalGreen=0.6156793892156863, SaturationTotalBlue=0.38900866470588236, time=0.6173726851851852, GreenIndex=54.76570666666667, LAI=0.025418666666666666, Utility=443.5976490730918]"
33,21,"[39.64721041666667, -82.81866794444444]",/home/boubin/Images/Photos_20AUG2018/North_Path/Images/33.6Feet/Sorte_6/DJI_0045.JPG,[],53,[],68,[],[],[],[],"[Latitude=39.64721041666667, Longitude=-82.81866794444444, BrightnessTotal=0.5799547204317987, exposureTime=0.005058, xResolution=4000, yResolution=3000, SaturationTotalRed=0.6052475176470589, SaturationTotalGreen=0.5850857222222222, SaturationTotalBlue=0.4115336352941177, time=0.6199074074074075, GreenIndex=39.25266666666667, LAI=0.010874666666666666, Utility=317.9846983769634]"
33,22,"[39.64710433333333, -82.81533452777778]",/home/boubin/Images/Photos_20AUG2018/North_Path/Images/33.6Feet/Sorte_6/DJI_0078.JPG,18,66,13,35,[],[],[],[],"[Latitude=39.64710433333333, Longitude=-82.81533452777778, BrightnessTotal=0.6142201886872337, exposureTime=0.007759, xResolution=4000, yResolution=3000, SaturationTotalRed=0.6383027784313726, SaturationTotalGreen=0.6228327264705883, SaturationTotalBlue=0.40261218235294116, time=0.6228935185185185, GreenIndex=52.254912, LAI=0.030048, Utility=423.2668869464206]"
33,23,"[39.64721358333333, -82.81595741666666]",/home/boubin/Images/Photos_20AUG2018/North_Path/Images/33.6Feet/Sorte_6/DJI_0019.JPG,77,79,[],30,[],[],[],[],"[Latitude=39.64721358333333, Longitude=-82.81595741666666, BrightnessTotal=0.6268930944169222, exposureTime=0.006963, xResolution=4000, yResolution=3000, SaturationTotalRed=0.6473533222222222, SaturationTotalGreen=0.6376090816993464, SaturationTotalBlue=0.40360757581699347, time=0.6176388888888888, GreenIndex=57.21480533333333, LAI=0.028554666666666666, Utility=463.429326354806]"
33,24,"[39.64721163888889, -82.81710213888888]",/home/boubin/Images/Photos_20AUG2018/North_Path/Images/33.6Feet/Sorte_6/DJI_0030.JPG,29,28,[],59,[],[],[],[],"[Latitude=39.64721163888889, Longitude=-82.81710213888888, BrightnessTotal=0.6210065243530186, exposureTime=0.008836, xResolution=4000, yResolution=3000, SaturationTotalRed=0.6279105375816993, SaturationTotalGreen=0.6357070408496732, SaturationTotalBlue=0.409094031372549, time=0.6185995370370371, GreenIndex=59.801312, LAI=0.04226133333333333, Utility=484.3722732019606]"
33,25,"[39.64720936111111, -82.81679266666666]",/home/boubin/Images/Photos_20AUG2018/North_Path/Images/33.6Feet/Sorte_6/DJI_0027.JPG,76,89,[],8,[],[],[],[],"[Latitude=39.64720936111111, Longitude=-82.81679266666666, BrightnessTotal=0.6327431533819743, exposureTime=0.008416, xResolution=4000, yResolution=3000, SaturationTotalRed=0.6432607307189543, SaturationTotalGreen=0.6462866732026143, SaturationTotalBlue=0.42044302516339865, time=0.6183333333333333, GreenIndex=58.385146666666664, LAI=0.029488, Utility=472.90597748898153]"
33,26,"[39.64710411111111, -82.81783874999999]",/home/boubin/Images/Photos_20AUG2018/North_Path/Images/33.6Feet/Sorte_6/DJI_0054.JPG,51,42,36,[],[],[],[],[],"[Latitude=39.64710411111111, Longitude=-82.81783874999999, BrightnessTotal=0.6139457202401524, exposureTime=0.01, xResolution=4000, yResolution=3000, SaturationTotalRed=0.611159619607843, SaturationTotalGreen=0.6319069882352941, SaturationTotalBlue=0.4020392996732026, time=0.6207175925925926, GreenIndex=63.928272, LAI=0.039712, Utility=517.788215313493]"
33,27,"[39.647213444444446, -82.81439988888889]",/home/boubin/Images/Photos_20AUG2018/North_Path/Images/33.6Feet/Sorte_6/DJI_0004.JPG,41,34,[],47,[],[],[],[],"[Latitude=39.647213444444446, Longitude=-82.81439988888889, BrightnessTotal=0.6156115633163526, exposureTime=0.008884, xResolution=4000, yResolution=3000, SaturationTotalRed=0.6172765516339869, SaturationTotalGreen=0.6301529647058823, SaturationTotalBlue=0.43315172320261436, time=0.6163078703703704, GreenIndex=53.551786666666665, LAI=0.04043733333333333, Utility=433.76913299747974]"
33,28,"[39.64720886111111, -82.81699683333333]",/home/boubin/Images/Photos_20AUG2018/North_Path/Images/33.6Feet/Sorte_6/DJI_0029.JPG,24,76,[],12,[],[],[],[],"[Latitude=39.64720886111111, Longitude=-82.81699683333333, BrightnessTotal=0.6354632037785791, exposureTime=0.0086, xResolution=4000, yResolution=3000, SaturationTotalRed=0.6506974797385621, SaturationTotalGreen=0.6476083437908496, SaturationTotalBlue=0.4195466382352941, time=0.6185069444444444, GreenIndex=57.392272, LAI=0.03207466666666667, Utility=464.86660812294906]"
33,29,"[39.647210305555554, -82.8172108611111]",/home/boubin/Images/Photos_20AUG2018/North_Path/Images/33.6Feet/Sorte_6/DJI_0031.JPG,48,24,[],65,[],[],[],[],"[Latitude=39.647210305555554, Longitude=-82.8172108611111, BrightnessTotal=0.6138236694064466, exposureTime=0.008333, xResolution=4000, yResolution=3000, SaturationTotalRed=0.6231235944444444, SaturationTotalGreen=0.6275239833333334, SaturationTotalBlue=0.40396787777777776, time=0.6186921296296296, GreenIndex=58.154122666666666, LAI=0.04546666666666667, Utility=471.0343717452458]"
33,30,"[39.64710727777778, -82.81595941666666]",/home/boubin/Images/Photos_20AUG2018/North_Path/Images/33.6Feet/Sorte_6/DJI_0072.JPG,32,84,23,35,[],[],[],[],"[Latitude=39.64710727777778, Longitude=-82.81595941666666, BrightnessTotal=0.6031493443328055, exposureTime=0.007471, xResolution=4000, yResolution=3000, SaturationTotalRed=0.6246737375816993, SaturationTotalGreen=0.6131627519607843, SaturationTotalBlue=0.3825704901960784, time=0.622337962962963, GreenIndex=55.898368, LAI=0.029082666666666666, Utility=452.7680250668297]"
33,31,"[39.64710627777778, -82.81460527777777]",/home/boubin/Images/Photos_20AUG2018/North_Path/Images/33.6Feet/Sorte_6/DJI_0085.JPG,38,78,50,35,[],[],[],[],"[Latitude=39.64710627777778, Longitude=-82.81460527777777, BrightnessTotal=0.6108347802237932, exposureTime=0.007929, xResolution=4000, yResolution=3000, SaturationTotalRed=0.6215830127450981, SaturationTotalGreen=0.6238625852941176, SaturationTotalBlue=0.40338148398692814, time=0.6235185185185185, GreenIndex=56.842048, LAI=0.040592, Utility=460.40938430001876]"
33,32,"[39.64710316666667, -82.81606438888889]",/home/boubin/Images/Photos_20AUG2018/North_Path/Images/33.6Feet/Sorte_6/DJI_0071.JPG,14,30,77,35,[],[],[],[],"[Latitude=39.64710316666667, Longitude=-82.81606438888889, BrightnessTotal=0.6051207840225251, exposureTime=0.009128, xResolution=4000, yResolution=3000, SaturationTotalRed=0.617402118627451, SaturationTotalGreen=0.6184319921568627, SaturationTotalBlue=0.3839983251633987, time=0.6222569444444445, GreenIndex=60.074298666666664, LAI=0.049861333333333334, Utility=486.5812852029618]"
33,33,"[39.647214416666664, -82.81647694444445]",/home/boubin/Images/Photos_20AUG2018/North_Path/Images/33.6Feet/Sorte_6/DJI_0024.JPG,61,44,[],88,[],[],[],[],"[Latitude=39.647214416666664, Longitude=-82.81647694444445, BrightnessTotal=0.6227352052312178, exposureTime=0.006525, xResolution=4000, yResolution=3000, SaturationTotalRed=0.6497756081699346, SaturationTotalGreen=0.6312552130718954, SaturationTotalBlue=0.39658604019607846, time=0.6180787037037037, GreenIndex=55.154805333333336, LAI=0.027792, Utility=446.74890349584115]"
33,34,"[39.647211166666665, -82.81429849999999]",/home/boubin/Images/Photos_20AUG2018/North_Path/Images/33.6Feet/Sorte_6/DJI_0003.JPG,27,58,[],2,[],[],[],[],"[Latitude=39.647211166666665, Longitude=-82.81429849999999, BrightnessTotal=0.6229834377401906, exposureTime=0.008236, xResolution=4000, yResolution=3000, SaturationTotalRed=0.6388270467320261, SaturationTotalGreen=0.6337017549019608, SaturationTotalBlue=0.42471315686274513, time=0.6162268518518519, GreenIndex=52.03947733333333, LAI=0.030965333333333334, Utility=421.52404039326325]"
33,35,"[39.645299027777774, -82.81497902777778]",/home/boubin/Images/Photos_20AUG2018/North_Path/Images/33.6Feet/Sorte_6/DJI_0001.JPG,[],[],82,[],[],[],[],[],"[Latitude=39.645299027777774, Longitude=-82.81497902777778, BrightnessTotal=0.7677348120254857, exposureTime=0.009178, xResolution=4000, yResolution=3000, SaturationTotalRed=0.79568127875817, SaturationTotalGreen=0.7763098163398693, SaturationTotalBlue=0.5477441202614378, time=0.6158217592592593, GreenIndex=53.34480533333333, LAI=0.0006453333333333334, Utility=432.10050071092775]"
33,36,"[39.64721013888889, -82.81783408333332]",/home/boubin/Images/Photos_20AUG2018/North_Path/Images/33.6Feet/Sorte_6/DJI_0037.JPG,87,45,[],26,[],[],[],[],"[Latitude=39.64721013888889, Longitude=-82.81783408333332, BrightnessTotal=0.6126430161080524, exposureTime=0.008508, xResolution=4000, yResolution=3000, SaturationTotalRed=0.6245996709150328, SaturationTotalGreen=0.6265591486928105, SaturationTotalBlue=0.3842703405228758, time=0.6192129629629629, GreenIndex=62.33128, LAI=0.028901333333333334, Utility=504.85723966760486]"
33,37,"[39.64528675, -82.81491972222221]",/home/boubin/Images/Photos_20AUG2018/North_Path/Images/33.6Feet/Sorte_6/DJI_0090.JPG,[],[],81,[],[],[],[],[],"[Latitude=39.64528675, Longitude=-82.81491972222221, BrightnessTotal=0.6485046053296118, exposureTime=0.006454, xResolution=4000, yResolution=3000, SaturationTotalRed=0.6851444722222222, SaturationTotalGreen=0.6548277431372549, SaturationTotalBlue=0.40451361209150327, time=0.624837962962963, GreenIndex=56.10078933333333, LAI=0.0026666666666666666, Utility=454.4087657790891]"
33,38,"[39.64710313888889, -82.81471322222222]",/home/boubin/Images/Photos_20AUG2018/North_Path/Images/33.6Feet/Sorte_6/DJI_0084.JPG,4,31,16,35,[],[],[],[],"[Latitude=39.64710313888889, Longitude=-82.81471322222222, BrightnessTotal=0.6088341344902722, exposureTime=0.007717, xResolution=4000, yResolution=3000, SaturationTotalRed=0.6224623990196079, SaturationTotalGreen=0.6213431846405228, SaturationTotalBlue=0.3934899977124183, time=0.6234259259259259, GreenIndex=57.863658666666666, LAI=0.043077333333333336, Utility=468.68140847071237]"
33,39,"[39.64710238888889, -82.81825613888888]",/home/boubin/Images/Photos_20AUG2018/North_Path/Images/33.6Feet/Sorte_6/DJI_0050.JPG,5,64,55,[],[],[],[],[],"[Latitude=39.64710238888889, Longitude=-82.81825613888888, BrightnessTotal=0.6222637079958807, exposureTime=0.01, xResolution=4000, yResolution=3000, SaturationTotalRed=0.6263024934640522, SaturationTotalGreen=0.638698431372549, SaturationTotalBlue=0.3984372614379085, time=0.6203587962962963, GreenIndex=64.43025066666667, LAI=0.03405333333333333, Utility=521.8532285024372]"
33,40,"[39.64721183333333, -82.81480622222222]",/home/boubin/Images/Photos_20AUG2018/North_Path/Images/33.6Feet/Sorte_6/DJI_0008.JPG,46,16,[],4,[],[],[],[],"[Latitude=39.64721183333333, Longitude=-82.81480622222222, BrightnessTotal=0.6171456776276399, exposureTime=0.006814, xResolution=4000, yResolution=3000, SaturationTotalRed=0.6399296751633986, SaturationTotalGreen=0.6263333091503268, SaturationTotalBlue=0.40406265620915033, time=0.6166550925925925, GreenIndex=53.24613333333333, LAI=0.026997333333333335, Utility=431.294105215829]"
33,41,"[39.64720991666667, -82.81449647222222]",/home/boubin/Images/Photos_20AUG2018/North_Path/Images/33.6Feet/Sorte_6/DJI_0005.JPG,50,27,[],78,[],[],[],[],"[Latitude=39.64720991666667, Longitude=-82.81449647222222, BrightnessTotal=0.6018667664418252, exposureTime=0.007972, xResolution=4000, yResolution=3000, SaturationTotalRed=0.6085799977124182, SaturationTotalGreen=0.615887954248366, SaturationTotalBlue=0.39992295, time=0.6164004629629629, GreenIndex=56.97661333333333, LAI=0.04839466666666667, Utility=461.4997191520271]"
33,42,"[39.64710380555555, -82.81773327777778]",/home/boubin/Images/Photos_20AUG2018/North_Path/Images/33.6Feet/Sorte_6/DJI_0055.JPG,26,72,45,[],[],[],[],[],"[Latitude=39.64710380555555, Longitude=-82.81773327777778, BrightnessTotal=0.6067352847567912, exposureTime=0.01, xResolution=4000, yResolution=3000, SaturationTotalRed=0.602644745751634, SaturationTotalGreen=0.6250803424836602, SaturationTotalBlue=0.3950034307189543, time=0.6208101851851852, GreenIndex=64.423376, LAI=0.04896, Utility=521.7967832442877]"
33,43,"[39.64721022222222, -82.8154396111111]",/home/boubin/Images/Photos_20AUG2018/North_Path/Images/33.6Feet/Sorte_6/DJI_0014.JPG,86,13,[],18,[],[],[],[],"[Latitude=39.64721022222222, Longitude=-82.8154396111111, BrightnessTotal=0.610226953036219, exposureTime=0.005887, xResolution=4000, yResolution=3000, SaturationTotalRed=0.6423770467320262, SaturationTotalGreen=0.6167441555555555, SaturationTotalBlue=0.385217927124183, time=0.6171875, GreenIndex=52.53021866666667, LAI=0.015349333333333333, Utility=425.49676062068977]"
33,44,"[39.64720986111111, -82.81637569444445]",/home/boubin/Images/Photos_20AUG2018/North_Path/Images/33.6Feet/Sorte_6/DJI_0023.JPG,33,83,[],11,[],[],[],[],"[Latitude=39.64720986111111, Longitude=-82.81637569444445, BrightnessTotal=0.6290269270623722, exposureTime=0.007802, xResolution=4000, yResolution=3000, SaturationTotalRed=0.6434913202614378, SaturationTotalGreen=0.6411453303921569, SaturationTotalBlue=0.41716491666666666, time=0.6179861111111111, GreenIndex=56.54645333333333, LAI=0.032202666666666664, Utility=458.01767201181866]"
33,45,"[39.64721175, -82.81772716666666]",/home/boubin/Images/Photos_20AUG2018/North_Path/Images/33.6Feet/Sorte_6/DJI_0036.JPG,36,56,[],42,[],[],[],[],"[Latitude=39.64721175, Longitude=-82.81772716666666, BrightnessTotal=0.6305425007464045, exposureTime=0.008884, xResolution=4000, yResolution=3000, SaturationTotalRed=0.6390854696078431, SaturationTotalGreen=0.6459768928104576, SaturationTotalBlue=0.3986637810457517, time=0.6191203703703704, GreenIndex=64.84331733333333, LAI=0.025909333333333333, Utility=525.1984638021994]"
33,46,"[39.64721086111111, -82.81490830555555]",/home/boubin/Images/Photos_20AUG2018/North_Path/Images/33.6Feet/Sorte_6/DJI_0009.JPG,1,40,[],81,[],[],[],[],"[Latitude=39.64721086111111, Longitude=-82.81490830555555, BrightnessTotal=0.6124070058229881, exposureTime=0.005398, xResolution=4000, yResolution=3000, SaturationTotalRed=0.6404273310457516, SaturationTotalGreen=0.6204766153594772, SaturationTotalBlue=0.3866890683006536, time=0.6167476851851852, GreenIndex=54.56162666666667, LAI=0.025642666666666668, Utility=441.9455589230375]"
33,47,"[39.64710263888889, -82.81439927777778]",/home/boubin/Images/Photos_20AUG2018/North_Path/Images/33.6Feet/Sorte_6/DJI_0087.JPG,78,2,27,35,[],[],[],[],"[Latitude=39.64710263888889, Longitude=-82.81439927777778, BrightnessTotal=0.6277326900050345, exposureTime=0.007676, xResolution=4000, yResolution=3000, SaturationTotalRed=0.6469136470588235, SaturationTotalGreen=0.6382085954248365, SaturationTotalBlue=0.4154928473856209, time=0.6237037037037036, GreenIndex=54.631877333333335, LAI=0.033253333333333336, Utility=442.5140653637178]"
33,48,"[39.64721161111111, -82.81731547222222]",/home/boubin/Images/Photos_20AUG2018/North_Path/Images/33.6Feet/Sorte_6/DJI_0032.JPG,74,29,[],60,[],[],[],[],"[Latitude=39.64721161111111, Longitude=-82.81731547222222, BrightnessTotal=0.6205820901890724, exposureTime=0.0086, xResolution=4000, yResolution=3000, SaturationTotalRed=0.6315396718954249, SaturationTotalGreen=0.6336447107843137, SaturationTotalBlue=0.41232375032679736, time=0.6187731481481481, GreenIndex=57.020197333333336, LAI=0.034656, Utility=461.8531265163882]"
33,49,"[39.64710361111111, -82.8165866388889]",/home/boubin/Images/Photos_20AUG2018/North_Path/Images/33.6Feet/Sorte_6/DJI_0066.JPG,54,88,61,[],[],[],[],[],"[Latitude=39.64710361111111, Longitude=-82.8165866388889, BrightnessTotal=0.6130070819917781, exposureTime=0.009954, xResolution=4000, yResolution=3000, SaturationTotalRed=0.6352016006535948, SaturationTotalGreen=0.6229626905228759, SaturationTotalBlue=0.39058265, time=0.6217824074074074, GreenIndex=56.175370666666666, LAI=0.034048, Utility=455.01152054012675]"
33,50,"[39.64721127777778, -82.81460366666667]",/home/boubin/Images/Photos_20AUG2018/North_Path/Images/33.6Feet/Sorte_6/DJI_0006.JPG,16,41,[],31,[],[],[],[],"[Latitude=39.64721127777778, Longitude=-82.81460366666667, BrightnessTotal=0.6008252051562, exposureTime=0.00743, xResolution=4000, yResolution=3000, SaturationTotalRed=0.6106604689542484, SaturationTotalGreen=0.6140376352941177, SaturationTotalBlue=0.3945279869281046, time=0.6164814814814815, GreenIndex=56.87408, LAI=0.046144, Utility=460.6694094905021]"
33,51,"[39.647105055555556, -82.81794097222222]",/home/boubin/Images/Photos_20AUG2018/North_Path/Images/33.6Feet/Sorte_6/DJI_0053.JPG,10,26,87,[],[],[],[],[],"[Latitude=39.647105055555556, Longitude=-82.81794097222222, BrightnessTotal=0.5951988664086884, exposureTime=0.01, xResolution=4000, yResolution=3000, SaturationTotalRed=0.5933150937908497, SaturationTotalGreen=0.6125933957516341, SaturationTotalBlue=0.3856271382352941, time=0.620625, GreenIndex=62.820586666666664, LAI=0.050085333333333336, Utility=508.81822914083943]"
33,52,"[39.647103027777774, -82.81741786111111]",/home/boubin/Images/Photos_20AUG2018/North_Path/Images/33.6Feet/Sorte_6/DJI_0058.JPG,57,60,74,[],[],[],[],[],"[Latitude=39.647103027777774, Longitude=-82.81741786111111, BrightnessTotal=0.617593614362752, exposureTime=0.01, xResolution=4000, yResolution=3000, SaturationTotalRed=0.6315891401960784, SaturationTotalGreen=0.6299386986928104, SaturationTotalBlue=0.4036829633986928, time=0.6210763888888889, GreenIndex=57.300277333333334, LAI=0.03254933333333333, Utility=464.1204356048658]"
33,53,"[39.64721077777778, -82.81856313888889]",/home/boubin/Images/Photos_20AUG2018/North_Path/Images/33.6Feet/Sorte_6/DJI_0044.JPG,21,71,[],3,[],[],[],[],"[Latitude=39.64721077777778, Longitude=-82.81856313888889, BrightnessTotal=0.6328825195395202, exposureTime=0.008191, xResolution=4000, yResolution=3000, SaturationTotalRed=0.6731748993464053, SaturationTotalGreen=0.6374467986928105, SaturationTotalBlue=0.39384610392156866, time=0.6198263888888889, GreenIndex=53.066176, LAI=0.0015626666666666666, Utility=429.8371059723303]"
33,54,"[39.647103666666666, -82.81668913888889]",/home/boubin/Images/Photos_20AUG2018/North_Path/Images/33.6Feet/Sorte_6/DJI_0065.JPG,8,49,89,[],[],[],[],[],"[Latitude=39.647103666666666, Longitude=-82.81668913888889, BrightnessTotal=0.602067255105991, exposureTime=0.01, xResolution=4000, yResolution=3000, SaturationTotalRed=0.6162866705882353, SaturationTotalGreen=0.6145115071895425, SaturationTotalBlue=0.3837219568627451, time=0.6217013888888889, GreenIndex=58.43128, LAI=0.04871466666666667, Utility=473.277463110301]"
33,55,"[39.64721027777778, -82.81824983333333]",/home/boubin/Images/Photos_20AUG2018/North_Path/Images/33.6Feet/Sorte_6/DJI_0041.JPG,71,75,[],39,[],[],[],[],"[Latitude=39.64721027777778, Longitude=-82.81824983333333, BrightnessTotal=0.6169917751873057, exposureTime=0.009794, xResolution=4000, yResolution=3000, SaturationTotalRed=0.625403781372549, SaturationTotalGreen=0.6322403042483661, SaturationTotalBlue=0.3873863366013072, time=0.6195601851851852, GreenIndex=64.18914133333334, LAI=0.029664, Utility=519.9007784241086]"
33,56,"[39.647212055555556, -82.81762058333332]",/home/boubin/Images/Photos_20AUG2018/North_Path/Images/33.6Feet/Sorte_6/DJI_0035.JPG,45,17,[],72,[],[],[],[],"[Latitude=39.647212055555556, Longitude=-82.81762058333332, BrightnessTotal=0.6265208410795656, exposureTime=0.008103, xResolution=4000, yResolution=3000, SaturationTotalRed=0.6428818385620915, SaturationTotalGreen=0.6396558401960784, SaturationTotalBlue=0.38719378529411763, time=0.6190393518518519, GreenIndex=63.563301333333335, LAI=0.027733333333333332, Utility=514.8337638889359]"
33,57,"[39.64710261111111, -82.8175255]",/home/boubin/Images/Photos_20AUG2018/North_Path/Images/33.6Feet/Sorte_6/DJI_0057.JPG,72,52,17,[],[],[],[],[],"[Latitude=39.64710261111111, Longitude=-82.8175255, BrightnessTotal=0.6175905348434637, exposureTime=0.01, xResolution=4000, yResolution=3000, SaturationTotalRed=0.6382716339869281, SaturationTotalGreen=0.629018002614379, SaturationTotalBlue=0.38027340490196077, time=0.6209837962962963, GreenIndex=61.09147733333333, LAI=0.025146666666666668, Utility=494.8182833364651]"
33,58,"[39.64720852777778, -82.81419591666666]",/home/boubin/Images/Photos_20AUG2018/North_Path/Images/33.6Feet/Sorte_6/DJI_0002.JPG,34,[],[],85,[],[],[],[],"[Latitude=39.64720852777778, Longitude=-82.81419591666666, BrightnessTotal=0.6166647874671415, exposureTime=0.008016, xResolution=4000, yResolution=3000, SaturationTotalRed=0.6305335790849673, SaturationTotalGreen=0.6279791307189543, SaturationTotalBlue=0.41936985163398693, time=0.6161458333333333, GreenIndex=52.56322133333333, LAI=0.04033066666666667, Utility=425.7645853732024]"
33,59,"[39.64710202777778, -82.81710608333333]",/home/boubin/Images/Photos_20AUG2018/North_Path/Images/33.6Feet/Sorte_6/DJI_0061.JPG,65,12,24,[],[],[],[],[],"[Latitude=39.64710202777778, Longitude=-82.81710608333333, BrightnessTotal=0.6008160599449858, exposureTime=0.01, xResolution=4000, yResolution=3000, SaturationTotalRed=0.594657772875817, SaturationTotalGreen=0.6191333068627451, SaturationTotalBlue=0.39999504183006535, time=0.6213425925925926, GreenIndex=62.17721066666667, LAI=0.067824, Utility=503.6089072802932]"
33,60,"[39.64710361111111, -82.81731633333332]",/home/boubin/Images/Photos_20AUG2018/North_Path/Images/33.6Feet/Sorte_6/DJI_0059.JPG,52,65,48,[],[],[],[],[],"[Latitude=39.64710361111111, Longitude=-82.81731633333332, BrightnessTotal=0.6019583391651875, exposureTime=0.01, xResolution=4000, yResolution=3000, SaturationTotalRed=0.6085843464052287, SaturationTotalGreen=0.6161505107843137, SaturationTotalBlue=0.39781103790849676, time=0.6211689814814815, GreenIndex=57.64283733333333, LAI=0.04943466666666667, Utility=466.8934605232089]"
33,61,"[39.647211416666664, -82.81658341666666]",/home/boubin/Images/Photos_20AUG2018/North_Path/Images/33.6Feet/Sorte_6/DJI_0025.JPG,89,33,[],49,[],[],[],[],"[Latitude=39.647211416666664, Longitude=-82.81658341666666, BrightnessTotal=0.6299307018734317, exposureTime=0.005983, xResolution=4000, yResolution=3000, SaturationTotalRed=0.6784488950980392, SaturationTotalGreen=0.6317025032679738, SaturationTotalBlue=0.38615554444444444, time=0.6181597222222223, GreenIndex=50.7304, LAI=0.014341333333333333, Utility=410.9240721020566]"
33,62,"[39.64710475, -82.81846083333333]",/home/boubin/Images/Photos_20AUG2018/North_Path/Images/33.6Feet/Sorte_6/DJI_0048.JPG,3,5,71,[],[],[],[],[],"[Latitude=39.64710475, Longitude=-82.81846083333333, BrightnessTotal=0.633450489364793, exposureTime=0.01, xResolution=4000, yResolution=3000, SaturationTotalRed=0.6523180163398693, SaturationTotalGreen=0.6450862921568628, SaturationTotalBlue=0.4051015287581699, time=0.6201851851851852, GreenIndex=59.412506666666665, LAI=0.017168, Utility=481.22433862565424]"
33,63,"[39.64721313888889, -82.81803827777777]",/home/boubin/Images/Photos_20AUG2018/North_Path/Images/33.6Feet/Sorte_6/DJI_0039.JPG,75,87,[],10,[],[],[],[],"[Latitude=39.64721313888889, Longitude=-82.81803827777777, BrightnessTotal=0.633637434500018, exposureTime=0.01, xResolution=4000, yResolution=3000, SaturationTotalRed=0.6408694581699347, SaturationTotalGreen=0.6480961846405229, SaturationTotalBlue=0.4248632748366013, time=0.619386574074074, GreenIndex=58.813930666666664, LAI=0.029669333333333332, Utility=476.37779495065854]"
33,64,"[39.64710361111111, -82.81815005555555]",/home/boubin/Images/Photos_20AUG2018/North_Path/Images/33.6Feet/Sorte_6/DJI_0051.JPG,39,10,75,[],[],[],[],[],"[Latitude=39.64710361111111, Longitude=-82.81815005555555, BrightnessTotal=0.6109298257558008, exposureTime=0.01, xResolution=4000, yResolution=3000, SaturationTotalRed=0.6067320382352941, SaturationTotalGreen=0.6288435320261437, SaturationTotalBlue=0.4070245437908497, time=0.6204513888888888, GreenIndex=62.20814933333333, LAI=0.03776533333333333, Utility=503.86004611454956]"
33,65,"[39.64710177777778, -82.81721097222221]",/home/boubin/Images/Photos_20AUG2018/North_Path/Images/33.6Feet/Sorte_6/DJI_0060.JPG,60,59,29,[],[],[],[],[],"[Latitude=39.64710177777778, Longitude=-82.81721097222221, BrightnessTotal=0.5985497201350213, exposureTime=0.01, xResolution=4000, yResolution=3000, SaturationTotalRed=0.5947319310457516, SaturationTotalGreen=0.616140251633987, SaturationTotalBlue=0.39658648562091503, time=0.62125, GreenIndex=61.47310933333333, LAI=0.06562666666666667, Utility=497.9075906166966]"
33,66,"[39.647105805555555, -82.81522705555555]",/home/boubin/Images/Photos_20AUG2018/North_Path/Images/33.6Feet/Sorte_6/DJI_0079.JPG,22,82,9,35,[],[],[],[],"[Latitude=39.647105805555555, Longitude=-82.81522705555555, BrightnessTotal=0.6226680162201361, exposureTime=0.008103, xResolution=4000, yResolution=3000, SaturationTotalRed=0.6380355490196078, SaturationTotalGreen=0.6338869258169935, SaturationTotalBlue=0.4192849591503268, time=0.6229745370370371, GreenIndex=53.724016, LAI=0.031632, Utility=435.1628803298939]"
33,67,"[39.64721041666667, -82.81511919444443]",/home/boubin/Images/Photos_20AUG2018/North_Path/Images/33.6Feet/Sorte_6/DJI_0011.JPG,9,1,[],82,[],[],[],[],"[Latitude=39.64721041666667, Longitude=-82.81511919444443, BrightnessTotal=0.6179443679971933, exposureTime=0.00635, xResolution=4000, yResolution=3000, SaturationTotalRed=0.637511277124183, SaturationTotalGreen=0.6289167718954248, SaturationTotalBlue=0.3946756496732026, time=0.6169212962962963, GreenIndex=57.5584, LAI=0.037754666666666666, Utility=466.21114583705867]"
33,68,"[39.64710397222222, -82.81866627777778]",/home/boubin/Images/Photos_20AUG2018/North_Path/Images/33.6Feet/Sorte_6/DJI_0046.JPG,[],3,21,[],[],[],[],[],"[Latitude=39.64710397222222, Longitude=-82.81866627777778, BrightnessTotal=0.611171904758205, exposureTime=0.006316, xResolution=4000, yResolution=3000, SaturationTotalRed=0.6464664568627452, SaturationTotalGreen=0.6144758137254901, SaturationTotalBlue=0.4184091702614379, time=0.62, GreenIndex=41.95147733333334, LAI=0.001232, Utility=339.8387870484895]"
33,69,"[39.64710841666667, -82.815649]",/home/boubin/Images/Photos_20AUG2018/North_Path/Images/33.6Feet/Sorte_6/DJI_0075.JPG,7,15,20,35,[],[],[],[],"[Latitude=39.64710841666667, Longitude=-82.815649, BrightnessTotal=0.6314920359448511, exposureTime=0.008236, xResolution=4000, yResolution=3000, SaturationTotalRed=0.6566925650326797, SaturationTotalGreen=0.6412181447712418, SaturationTotalBlue=0.39741936470588235, time=0.6226157407407408, GreenIndex=58.28129066666666, LAI=0.024874666666666666, Utility=472.0641956116129]"
33,70,"[39.64710438888889, -82.81502633333334]",/home/boubin/Images/Photos_20AUG2018/North_Path/Images/33.6Feet/Sorte_6/DJI_0081.JPG,82,81,1,35,[],[],[],[],"[Latitude=39.64710438888889, Longitude=-82.81502633333334, BrightnessTotal=0.6088776135046449, exposureTime=0.008147, xResolution=4000, yResolution=3000, SaturationTotalRed=0.622346662745098, SaturationTotalGreen=0.6207186205882353, SaturationTotalBlue=0.404977208496732, time=0.6231597222222223, GreenIndex=54.60512, LAI=0.041024, Utility=442.29661118127854]"
33,71,"[39.64720988888889, -82.81845863888888]",/home/boubin/Images/Photos_20AUG2018/North_Path/Images/33.6Feet/Sorte_6/DJI_0043.JPG,53,55,[],62,[],[],[],[],"[Latitude=39.64720988888889, Longitude=-82.81845863888888, BrightnessTotal=0.604380617854526, exposureTime=0.008741, xResolution=4000, yResolution=3000, SaturationTotalRed=0.6223796794117648, SaturationTotalGreen=0.6157076826797385, SaturationTotalBlue=0.38286307810457515, time=0.6197337962962963, GreenIndex=57.696341333333336, LAI=0.029312, Utility=467.32696963320785]"
33,72,"[39.64710297222222, -82.81763]",/home/boubin/Images/Photos_20AUG2018/North_Path/Images/33.6Feet/Sorte_6/DJI_0056.JPG,42,57,56,[],[],[],[],[],"[Latitude=39.64710297222222, Longitude=-82.81763, BrightnessTotal=0.6069040516844545, exposureTime=0.01, xResolution=4000, yResolution=3000, SaturationTotalRed=0.6150062522875817, SaturationTotalGreen=0.6222979274509803, SaturationTotalBlue=0.3754496248366013, time=0.6208912037037037, GreenIndex=64.85188266666667, LAI=0.04294933333333333, Utility=525.2663830652001]"
33,73,"[39.647104694444444, -82.81689894444445]",/home/boubin/Images/Photos_20AUG2018/North_Path/Images/33.6Feet/Sorte_6/DJI_0063.JPG,12,8,76,[],[],[],[],[],"[Latitude=39.647104694444444, Longitude=-82.81689894444445, BrightnessTotal=0.6055436638080537, exposureTime=0.01, xResolution=4000, yResolution=3000, SaturationTotalRed=0.6116576222222222, SaturationTotalGreen=0.6201019065359478, SaturationTotalBlue=0.39873453725490193, time=0.6215162037037038, GreenIndex=58.613536, LAI=0.053130666666666666, Utility=474.75346397557377]"
33,74,"[39.64721322222222, -82.81741472222222]",/home/boubin/Images/Photos_20AUG2018/North_Path/Images/33.6Feet/Sorte_6/DJI_0033.JPG,17,48,[],52,[],[],[],[],"[Latitude=39.64721322222222, Longitude=-82.81741472222222, BrightnessTotal=0.6152301780410858, exposureTime=0.008147, xResolution=4000, yResolution=3000, SaturationTotalRed=0.6300745519607843, SaturationTotalGreen=0.6274400519607842, SaturationTotalBlue=0.3985091369281045, time=0.6188657407407407, GreenIndex=57.72893333333333, LAI=0.04007466666666667, Utility=467.5915605894209]"
33,75,"[39.647208722222224, -82.81814283333333]",/home/boubin/Images/Photos_20AUG2018/North_Path/Images/33.6Feet/Sorte_6/DJI_0040.JPG,55,63,[],64,[],[],[],[],"[Latitude=39.647208722222224, Longitude=-82.81814283333333, BrightnessTotal=0.6114605555741235, exposureTime=0.01, xResolution=4000, yResolution=3000, SaturationTotalRed=0.6151118663398693, SaturationTotalGreen=0.6269586091503269, SaturationTotalBlue=0.4037024973856209, time=0.6194791666666667, GreenIndex=59.96316266666667, LAI=0.03449066666666667, Utility=485.68221245322206]"
33,76,"[39.64721080555555, -82.81689825]",/home/boubin/Images/Photos_20AUG2018/North_Path/Images/33.6Feet/Sorte_6/DJI_0028.JPG,28,25,[],73,[],[],[],[],"[Latitude=39.64721080555555, Longitude=-82.81689825, BrightnessTotal=0.6285156505396864, exposureTime=0.007844, xResolution=4000, yResolution=3000, SaturationTotalRed=0.6530419496732026, SaturationTotalGreen=0.6381220405228759, SaturationTotalBlue=0.39998401960784313, time=0.6184259259259259, GreenIndex=56.96936, LAI=0.020944, Utility=461.4418475825337]"
33,77,"[39.64721155555556, -82.81605947222222]",/home/boubin/Images/Photos_20AUG2018/North_Path/Images/33.6Feet/Sorte_6/DJI_0020.JPG,19,23,[],32,[],[],[],[],"[Latitude=39.64721155555556, Longitude=-82.81605947222222, BrightnessTotal=0.6202676407814788, exposureTime=0.006704, xResolution=4000, yResolution=3000, SaturationTotalRed=0.6410855473856208, SaturationTotalGreen=0.6308863088235295, SaturationTotalBlue=0.39580662418300655, time=0.6177199074074075, GreenIndex=57.36379733333333, LAI=0.031408, Utility=464.6353968954487]"
33,78,"[39.64709961111111, -82.8145036111111]",/home/boubin/Images/Photos_20AUG2018/North_Path/Images/33.6Feet/Sorte_6/DJI_0086.JPG,31,47,41,35,[],[],[],[],"[Latitude=39.64709961111111, Longitude=-82.8145036111111, BrightnessTotal=0.614019755673035, exposureTime=0.007634, xResolution=4000, yResolution=3000, SaturationTotalRed=0.6318411055555556, SaturationTotalGreen=0.624988612745098, SaturationTotalBlue=0.4002836124183007, time=0.6236111111111111, GreenIndex=55.570272, LAI=0.037264, Utility=450.11173239170455]"
33,79,"[39.647210944444446, -82.81585513888889]",/home/boubin/Images/Photos_20AUG2018/North_Path/Images/33.6Feet/Sorte_6/DJI_0018.JPG,23,6,[],84,[],[],[],[],"[Latitude=39.647210944444446, Longitude=-82.81585513888889, BrightnessTotal=0.6302188650730853, exposureTime=0.006248, xResolution=4000, yResolution=3000, SaturationTotalRed=0.6555437758169934, SaturationTotalGreen=0.6397910977124183, SaturationTotalBlue=0.39779143790849675, time=0.6175462962962963, GreenIndex=57.70536, LAI=0.026672, Utility=467.4015615949856]"
33,80,"[39.64710575, -82.81627441666666]",/home/boubin/Images/Photos_20AUG2018/North_Path/Images/33.6Feet/Sorte_6/DJI_0069.JPG,11,14,83,35,[],[],[],[],"[Latitude=39.64710575, Longitude=-82.81627441666666, BrightnessTotal=0.5885035925233357, exposureTime=0.009532, xResolution=4000, yResolution=3000, SaturationTotalRed=0.5939436970588235, SaturationTotalGreen=0.6030628408496732, SaturationTotalBlue=0.38373036895424834, time=0.6220486111111111, GreenIndex=58.295456, LAI=0.057509333333333336, Utility=472.17701437621224]"
33,81,"[39.647103916666666, -82.81491361111111]",/home/boubin/Images/Photos_20AUG2018/North_Path/Images/33.6Feet/Sorte_6/DJI_0082.JPG,70,4,46,35,[],[],[],[],"[Latitude=39.647103916666666, Longitude=-82.81491361111111, BrightnessTotal=0.6068498124327513, exposureTime=0.007634, xResolution=4000, yResolution=3000, SaturationTotalRed=0.626069281372549, SaturationTotalGreen=0.6171671794117647, SaturationTotalBlue=0.3949125385620915, time=0.6232407407407408, GreenIndex=54.440037333333336, LAI=0.038117333333333336, Utility=440.9597669389082]"
33,82,"[39.64710022222222, -82.81513163888889]",/home/boubin/Images/Photos_20AUG2018/North_Path/Images/33.6Feet/Sorte_6/DJI_0080.JPG,66,70,67,35,[],[],[],[],"[Latitude=39.64710022222222, Longitude=-82.81513163888889, BrightnessTotal=0.6147254363875579, exposureTime=0.008191, xResolution=4000, yResolution=3000, SaturationTotalRed=0.6256639816993464, SaturationTotalGreen=0.627695558496732, SaturationTotalBlue=0.40749272679738563, time=0.6230671296296296, GreenIndex=56.699328, LAI=0.044848, Utility=459.2540217488547]"
33,83,"[39.647208972222224, -82.81626980555555]",/home/boubin/Images/Photos_20AUG2018/North_Path/Images/33.6Feet/Sorte_6/DJI_0022.JPG,44,19,[],80,[],[],[],[],"[Latitude=39.647208972222224, Longitude=-82.81626980555555, BrightnessTotal=0.6029785546254288, exposureTime=0.006888, xResolution=4000, yResolution=3000, SaturationTotalRed=0.6194477251633987, SaturationTotalGreen=0.6144963232026144, SaturationTotalBlue=0.38695921209150325, time=0.6178935185185185, GreenIndex=56.78207466666667, LAI=0.04158933333333333, Utility=459.9242642527986]"
33,84,"[39.647102583333336, -82.81585755555555]",/home/boubin/Images/Photos_20AUG2018/North_Path/Images/33.6Feet/Sorte_6/DJI_0073.JPG,30,7,79,35,[],[],[],[],"[Latitude=39.647102583333336, Longitude=-82.81585755555555, BrightnessTotal=0.6213638540705356, exposureTime=0.008016, xResolution=4000, yResolution=3000, SaturationTotalRed=0.6448650264705883, SaturationTotalGreen=0.6313882666666667, SaturationTotalBlue=0.39117153725490195, time=0.6224305555555556, GreenIndex=57.848725333333334, LAI=0.028346666666666666, Utility=468.5612003126706]"
33,85,"[39.64710561111111, -82.81419311111111]",/home/boubin/Images/Photos_20AUG2018/North_Path/Images/33.6Feet/Sorte_6/DJI_0089.JPG,2,[],58,37,[],[],[],[],"[Latitude=39.64710561111111, Longitude=-82.81419311111111, BrightnessTotal=0.6269193901085784, exposureTime=0.006596, xResolution=4000, yResolution=3000, SaturationTotalRed=0.6580672879084967, SaturationTotalGreen=0.6334888215686274, SaturationTotalBlue=0.40869893431372545, time=0.623900462962963, GreenIndex=51.081738666666666, LAI=0.024245333333333334, Utility=413.7679487499718]"
33,86,"[39.64721375, -82.81553377777777]",/home/boubin/Images/Photos_20AUG2018/North_Path/Images/33.6Feet/Sorte_6/DJI_0015.JPG,20,43,[],15,[],[],[],[],"[Latitude=39.64721375, Longitude=-82.81553377777777, BrightnessTotal=0.6361009137971406, exposureTime=0.00674, xResolution=4000, yResolution=3000, SaturationTotalRed=0.6626289267973856, SaturationTotalGreen=0.644351175490196, SaturationTotalBlue=0.4185335483660131, time=0.6172800925925926, GreenIndex=52.95628266666667, LAI=0.020709333333333333, Utility=428.9479423579502]"
33,87,"[39.647210694444446, -82.81793580555555]",/home/boubin/Images/Photos_20AUG2018/North_Path/Images/33.6Feet/Sorte_6/DJI_0038.JPG,63,36,[],51,[],[],[],[],"[Latitude=39.647210694444446, Longitude=-82.81793580555555, BrightnessTotal=0.6333917882019358, exposureTime=0.009328, xResolution=4000, yResolution=3000, SaturationTotalRed=0.6467817346405228, SaturationTotalGreen=0.6469237212418301, SaturationTotalBlue=0.40543777614379084, time=0.6193055555555556, GreenIndex=61.651418666666665, LAI=0.027418666666666668, Utility=499.35329452754803]"
33,88,"[39.647108555555555, -82.81647541666666]",/home/boubin/Images/Photos_20AUG2018/North_Path/Images/33.6Feet/Sorte_6/DJI_0067.JPG,49,11,33,[],[],[],[],[],"[Latitude=39.647108555555555, Longitude=-82.81647541666666, BrightnessTotal=0.6092593491241786, exposureTime=0.009636, xResolution=4000, yResolution=3000, SaturationTotalRed=0.6339840251633987, SaturationTotalGreen=0.6179643800653595, SaturationTotalBlue=0.3920417408496732, time=0.621875, GreenIndex=53.55980266666667, LAI=0.030112, Utility=433.83268773166077]"
33,89,"[39.647211166666665, -82.81668797222221]",/home/boubin/Images/Photos_20AUG2018/North_Path/Images/33.6Feet/Sorte_6/DJI_0026.JPG,25,61,[],54,[],[],[],[],"[Latitude=39.647211166666665, Longitude=-82.81668797222221, BrightnessTotal=0.6395883935494967, exposureTime=0.007511, xResolution=4000, yResolution=3000, SaturationTotalRed=0.6633445689542483, SaturationTotalGreen=0.6497057833333333, SaturationTotalBlue=0.4084363663398693, time=0.6182523148148148, GreenIndex=58.065114666666666, LAI=0.023024, Utility=470.3148977511712]"
