33,1,"[39.64480725, -82.81610913888889]",/home/boubin/Images/Photos_20AUG2018/Center_Path/Images/134.6Feet/Sorte_1/DJI_0010.JPG,96,68,113,83,[],[],[],[],"[Latitude=39.64480725, Longitude=-82.81610913888889, BrightnessTotal=0.635491389279069, exposureTime=0.002655, xResolution=4000, yResolution=3000, SaturationTotalRed=0.6401450303921569, SaturationTotalGreen=0.6514209098039216, SaturationTotalBlue=0.4177260467320261, time=0.6139236111111112, GreenIndex=62.494944, LAI=0.04984, Utility=506.18446391848204]"
33,2,"[39.64416133333333, -82.81424380555555]",/home/boubin/Images/Photos_20AUG2018/Center_Path/Images/134.6Feet/Sorte_1/DJI_0088.JPG,69,[],32,[],[],[],[],[],"[Latitude=39.64416133333333, Longitude=-82.81424380555555, BrightnessTotal=0.6432726884169481, exposureTime=0.002059, xResolution=4000, yResolution=3000, SaturationTotalRed=0.6779518545751634, SaturationTotalGreen=0.6495875192810457, SaturationTotalBlue=0.410425795751634, time=0.6226851851851852, GreenIndex=53.784768, LAI=0.008112, Utility=435.65572534033316]"
33,3,"[39.64437627777778, -82.81464933333334]",/home/boubin/Images/Photos_20AUG2018/Center_Path/Images/134.6Feet/Sorte_1/DJI_0047.JPG,91,97,6,112,[],[],[],[],"[Latitude=39.64437627777778, Longitude=-82.81464933333334, BrightnessTotal=0.633087597838611, exposureTime=0.002396, xResolution=4000, yResolution=3000, SaturationTotalRed=0.641839472875817, SaturationTotalGreen=0.6479467473856209, SaturationTotalBlue=0.4096640330065359, time=0.6179398148148149, GreenIndex=62.36199466666667, LAI=0.06386666666666667, Utility=505.10716261876235]"
33,4,"[39.64416269444445, -82.81527872222222]",/home/boubin/Images/Photos_20AUG2018/Center_Path/Images/134.6Feet/Sorte_1/DJI_0083.JPG,119,56,57,[],[],[],[],[],"[Latitude=39.64416269444445, Longitude=-82.81527872222222, BrightnessTotal=0.6455094256927811, exposureTime=0.001788, xResolution=4000, yResolution=3000, SaturationTotalRed=0.6806335617647058, SaturationTotalGreen=0.654629639869281, SaturationTotalBlue=0.362084439869281, time=0.6221296296296296, GreenIndex=68.04861333333334, LAI=0.005130666666666667, Utility=551.1522641025045]"
33,5,"[39.64555663888889, -82.81726058333334]",/home/boubin/Images/Photos_20AUG2018/Center_Path/Images/134.6Feet/Sorte_1/DJI_0098.JPG,100,12,[],25,[],[],[],[],"[Latitude=39.64555663888889, Longitude=-82.81726058333334, BrightnessTotal=0.6585724898163658, exposureTime=0.003675, xResolution=4000, yResolution=3000, SaturationTotalRed=0.6783500575163398, SaturationTotalGreen=0.6711302967320262, SaturationTotalBlue=0.4127042035947712, time=0.6287268518518518, GreenIndex=64.045936, LAI=0.00384, Utility=518.7416952630789]"
33,6,"[39.644703138888886, -82.81475852777777]",/home/boubin/Images/Photos_20AUG2018/Center_Path/Images/134.6Feet/Sorte_1/DJI_0112.JPG,130,[],18,91,[],[],[],[],"[Latitude=39.644703138888886, Longitude=-82.81475852777777, BrightnessTotal=0.6664642668185051, exposureTime=0.002655, xResolution=4000, yResolution=3000, SaturationTotalRed=0.6821147045751633, SaturationTotalGreen=0.6784921245098039, SaturationTotalBlue=0.45275456895424837, time=0.6311574074074074, GreenIndex=56.596336, LAI=0.022368, Utility=458.42125996801894]"
33,7,"[39.64438138888889, -82.81506405555555]",/home/boubin/Images/Photos_20AUG2018/Center_Path/Images/134.6Feet/Sorte_1/DJI_0049.JPG,57,91,108,56,[],[],[],[],"[Latitude=39.64438138888889, Longitude=-82.81506405555555, BrightnessTotal=0.6390908815365931, exposureTime=0.001929, xResolution=4000, yResolution=3000, SaturationTotalRed=0.6602309732026144, SaturationTotalGreen=0.6527196725490195, SaturationTotalBlue=0.36356834248366016, time=0.6181597222222223, GreenIndex=71.871376, LAI=0.014234666666666666, Utility=582.1061262930234]"
33,8,"[39.64480672222222, -82.8175731111111]",/home/boubin/Images/Photos_20AUG2018/Center_Path/Images/134.6Feet/Sorte_1/DJI_0017.JPG,114,30,52,110,[],[],[],[],"[Latitude=39.64480672222222, Longitude=-82.8175731111111, BrightnessTotal=0.6178242084578479, exposureTime=0.001827, xResolution=4000, yResolution=3000, SaturationTotalRed=0.6604332575163399, SaturationTotalGreen=0.6240111637254903, SaturationTotalBlue=0.332566581372549, time=0.6147106481481481, GreenIndex=65.13758933333334, LAI=0.004522666666666667, Utility=527.5810980080838]"
33,9,"[39.64416280555555, -82.81715988888888]",/home/boubin/Images/Photos_20AUG2018/Center_Path/Images/134.6Feet/Sorte_1/DJI_0074.JPG,124,99,88,[],[],[],[],[],"[Latitude=39.64416280555555, Longitude=-82.81715988888888, BrightnessTotal=0.6358888911326673, exposureTime=0.002161, xResolution=4000, yResolution=3000, SaturationTotalRed=0.6581784202614379, SaturationTotalGreen=0.648226898366013, SaturationTotalBlue=0.3756732761437908, time=0.621087962962963, GreenIndex=67.01567466666667, LAI=0.04704, Utility=542.7881996168062]"
33,10,"[39.644382444444446, -82.81819983333332]",/home/boubin/Images/Photos_20AUG2018/Center_Path/Images/134.6Feet/Sorte_1/DJI_0064.JPG,78,105,90,118,[],[],[],[],"[Latitude=39.644382444444446, Longitude=-82.81819983333332, BrightnessTotal=0.6279014247977985, exposureTime=0.002197, xResolution=4000, yResolution=3000, SaturationTotalRed=0.6379710408496732, SaturationTotalGreen=0.6441569395424837, SaturationTotalBlue=0.37277240326797384, time=0.6199768518518518, GreenIndex=70.845408, LAI=0.061802666666666665, Utility=573.7979519645427]"
33,11,"[39.644807416666666, -82.81652869444444]",/home/boubin/Images/Photos_20AUG2018/Center_Path/Images/134.6Feet/Sorte_1/DJI_0012.JPG,16,96,20,106,[],[],[],[],"[Latitude=39.644807416666666, Longitude=-82.81652869444444, BrightnessTotal=0.6463590412193733, exposureTime=0.002684, xResolution=4000, yResolution=3000, SaturationTotalRed=0.6563548901960784, SaturationTotalGreen=0.6614128761437909, SaturationTotalBlue=0.41421609869281045, time=0.6141550925925926, GreenIndex=64.37207466666666, LAI=0.02942933333333333, Utility=521.3843127595425]"
33,12,"[39.64555186111111, -82.81683497222222]",/home/boubin/Images/Photos_20AUG2018/Center_Path/Images/134.6Feet/Sorte_1/DJI_0097.JPG,5,46,[],39,[],[],[],[],"[Latitude=39.64555186111111, Longitude=-82.81683497222222, BrightnessTotal=0.6532158695956621, exposureTime=0.004208, xResolution=4000, yResolution=3000, SaturationTotalRed=0.6426023228758171, SaturationTotalGreen=0.6749038846405229, SaturationTotalBlue=0.4274712836601307, time=0.6285763888888889, GreenIndex=71.32853866666666, LAI=0.024682666666666665, Utility=577.7098928258206]"
33,13,"[39.64437927777778, -82.81569533333332]",/home/boubin/Images/Photos_20AUG2018/Center_Path/Images/134.6Feet/Sorte_1/DJI_0052.JPG,75,93,54,101,[],[],[],[],"[Latitude=39.64437927777778, Longitude=-82.81569533333332, BrightnessTotal=0.6303343431125962, exposureTime=0.001982, xResolution=4000, yResolution=3000, SaturationTotalRed=0.6501786117647059, SaturationTotalGreen=0.6437481241830066, SaturationTotalBlue=0.36550667908496737, time=0.6185416666666667, GreenIndex=69.37114666666666, LAI=0.018922666666666667, Utility=561.8609414556898]"
33,14,"[39.644166, -82.8184046111111]",/home/boubin/Images/Photos_20AUG2018/Center_Path/Images/134.6Feet/Sorte_1/DJI_0068.JPG,131,118,78,[],[],[],[],[],"[Latitude=39.644166, Longitude=-82.8184046111111, BrightnessTotal=0.6383416461968916, exposureTime=0.002475, xResolution=4000, yResolution=3000, SaturationTotalRed=0.6540054718954249, SaturationTotalGreen=0.6516635091503268, SaturationTotalBlue=0.40137693006535946, time=0.6204513888888888, GreenIndex=63.276949333333334, LAI=0.03541866666666667, Utility=512.5154848291924]"
33,15,"[39.64437733333333, -82.81778408333334]",/home/boubin/Images/Photos_20AUG2018/Center_Path/Images/134.6Feet/Sorte_1/DJI_0062.JPG,105,87,40,48,[],[],[],[],"[Latitude=39.64437733333333, Longitude=-82.81778408333334, BrightnessTotal=0.6411632318572783, exposureTime=0.002461, xResolution=4000, yResolution=3000, SaturationTotalRed=0.6494608539215686, SaturationTotalGreen=0.6568282748366013, SaturationTotalBlue=0.40806352058823525, time=0.6197453703703704, GreenIndex=65.35439466666666, LAI=0.042768, Utility=529.3371465716937]"
33,16,"[39.644803277777775, -82.81673722222222]",/home/boubin/Images/Photos_20AUG2018/Center_Path/Images/134.6Feet/Sorte_1/DJI_0013.JPG,61,11,39,70,[],[],[],[],"[Latitude=39.644803277777775, Longitude=-82.81673722222222, BrightnessTotal=0.6353198473137571, exposureTime=0.002613, xResolution=4000, yResolution=3000, SaturationTotalRed=0.6472252352941177, SaturationTotalGreen=0.6496339006535947, SaturationTotalBlue=0.4032507807189542, time=0.6142939814814815, GreenIndex=63.462064, LAI=0.029984, Utility=514.0152565978054]"
33,17,"[39.64416380555556, -82.8179878611111]",/home/boubin/Images/Photos_20AUG2018/Center_Path/Images/134.6Feet/Sorte_1/DJI_0070.JPG,118,48,105,[],[],[],[],[],"[Latitude=39.64416380555556, Longitude=-82.8179878611111, BrightnessTotal=0.6280746136589206, exposureTime=0.001971, xResolution=4000, yResolution=3000, SaturationTotalRed=0.6510871584967319, SaturationTotalGreen=0.6405657735294117, SaturationTotalBlue=0.3593313267973856, time=0.6206597222222222, GreenIndex=69.08453333333334, LAI=0.024954666666666667, Utility=559.5397194088152]"
33,18,"[39.64512888888889, -82.81475613888888]",/home/boubin/Images/Photos_20AUG2018/Center_Path/Images/134.6Feet/Sorte_1/DJI_0111.JPG,67,[],55,51,[],[],[],[],"[Latitude=39.64512888888889, Longitude=-82.81475613888888, BrightnessTotal=0.659866493302237, exposureTime=0.002409, xResolution=4000, yResolution=3000, SaturationTotalRed=0.6891703297385622, SaturationTotalGreen=0.6670789156862744, SaturationTotalBlue=0.44504473529411764, time=0.6309722222222223, GreenIndex=50.99496, LAI=0.012581333333333333, Utility=413.0657607207787]"
33,19,"[39.644701194444444, -82.81725672222221]",/home/boubin/Images/Photos_20AUG2018/Center_Path/Images/134.6Feet/Sorte_1/DJI_0118.JPG,31,109,25,88,[],[],[],[],"[Latitude=39.644701194444444, Longitude=-82.81725672222221, BrightnessTotal=0.6559511112955873, exposureTime=0.002245, xResolution=4000, yResolution=3000, SaturationTotalRed=0.6834988535947712, SaturationTotalGreen=0.6665811839869281, SaturationTotalBlue=0.3957748862745098, time=0.6322106481481482, GreenIndex=64.78570666666667, LAI=0.009642666666666667, Utility=524.7309810685136]"
33,20,"[39.645129583333336, -82.81642116666666]",/home/boubin/Images/Photos_20AUG2018/Center_Path/Images/134.6Feet/Sorte_1/DJI_0107.JPG,39,113,46,11,[],[],[],[],"[Latitude=39.645129583333336, Longitude=-82.81642116666666, BrightnessTotal=0.6564026611534295, exposureTime=0.002422, xResolution=4000, yResolution=3000, SaturationTotalRed=0.6779264209150327, SaturationTotalGreen=0.6683864558823529, SaturationTotalBlue=0.409572941503268, time=0.6302893518518519, GreenIndex=63.59789333333333, LAI=0.037184, Utility=515.1134626728586]"
33,21,"[39.64555872222222, -82.81559177777777]",/home/boubin/Images/Photos_20AUG2018/Center_Path/Images/134.6Feet/Sorte_1/DJI_0094.JPG,81,62,[],34,[],[],[],[],"[Latitude=39.64555872222222, Longitude=-82.81559177777777, BrightnessTotal=0.6550980448109537, exposureTime=0.006777, xResolution=4000, yResolution=3000, SaturationTotalRed=0.6501340277777777, SaturationTotalGreen=0.6729755232026143, SaturationTotalBlue=0.45918372581699346, time=0.6280787037037037, GreenIndex=60.3492, LAI=0.015664, Utility=488.80879363026037]"
33,22,"[39.64416436111111, -82.81673994444444]",/home/boubin/Images/Photos_20AUG2018/Center_Path/Images/134.6Feet/Sorte_1/DJI_0076.JPG,99,26,84,[],[],[],[],[],"[Latitude=39.64416436111111, Longitude=-82.81673994444444, BrightnessTotal=0.6499864962268015, exposureTime=0.001929, xResolution=4000, yResolution=3000, SaturationTotalRed=0.6848513950980392, SaturationTotalGreen=0.6589952924836602, SaturationTotalBlue=0.371095281372549, time=0.6213194444444444, GreenIndex=66.896544, LAI=0.008245333333333334, Utility=541.824149899342]"
33,23,"[39.64480205555555, -82.81548530555555]",/home/boubin/Images/Photos_20AUG2018/Center_Path/Images/134.6Feet/Sorte_1/DJI_0007.JPG,58,72,34,129,[],[],[],[],"[Latitude=39.64480205555555, Longitude=-82.81548530555555, BrightnessTotal=0.6393551563498464, exposureTime=0.002294, xResolution=4000, yResolution=3000, SaturationTotalRed=0.6609904669934641, SaturationTotalGreen=0.6508698375816994, SaturationTotalBlue=0.3976159513071895, time=0.6136111111111111, GreenIndex=61.989264, LAI=0.026496, Utility=502.0900349757304]"
33,24,"[39.64459083333333, -82.81632630555555]",/home/boubin/Images/Photos_20AUG2018/Center_Path/Images/134.6Feet/Sorte_1/DJI_0034.JPG,106,83,96,60,[],[],[],[],"[Latitude=39.64459083333333, Longitude=-82.81632630555555, BrightnessTotal=0.6430258135681939, exposureTime=0.002357, xResolution=4000, yResolution=3000, SaturationTotalRed=0.6484516127450981, SaturationTotalGreen=0.6601469058823529, SaturationTotalBlue=0.4023939052287582, time=0.616550925925926, GreenIndex=68.70085333333333, LAI=0.06584, Utility=556.4345132362702]"
33,25,"[39.64512825, -82.81725344444445]",/home/boubin/Images/Photos_20AUG2018/Center_Path/Images/134.6Feet/Sorte_1/DJI_0105.JPG,52,39,5,128,[],[],[],[],"[Latitude=39.64512825, Longitude=-82.81725344444445, BrightnessTotal=0.6753481977751287, exposureTime=0.002221, xResolution=4000, yResolution=3000, SaturationTotalRed=0.6956601418300654, SaturationTotalGreen=0.6889707088235294, SaturationTotalBlue=0.41053402647058823, time=0.6299421296296296, GreenIndex=69.290528, LAI=0.011210666666666667, Utility=561.2085049949623]"
33,26,"[39.64416577777778, -82.81652283333334]",/home/boubin/Images/Photos_20AUG2018/Center_Path/Images/134.6Feet/Sorte_1/DJI_0077.JPG,22,33,103,[],[],[],[],[],"[Latitude=39.64416577777778, Longitude=-82.81652283333334, BrightnessTotal=0.651382726783215, exposureTime=0.001993, xResolution=4000, yResolution=3000, SaturationTotalRed=0.6782828555555556, SaturationTotalGreen=0.6632753016339868, SaturationTotalBlue=0.37236676470588237, time=0.6214236111111111, GreenIndex=70.428064, LAI=0.013312, Utility=570.4194623553038]"
33,27,"[39.644700666666665, -82.81642122222222]",/home/boubin/Images/Photos_20AUG2018/Center_Path/Images/134.6Feet/Sorte_1/DJI_0116.JPG,109,116,20,60,[],[],[],[],"[Latitude=39.644700666666665, Longitude=-82.81642122222222, BrightnessTotal=0.6466079793997475, exposureTime=0.002422, xResolution=4000, yResolution=3000, SaturationTotalRed=0.6618984009803921, SaturationTotalGreen=0.661179904248366, SaturationTotalBlue=0.3918417091503268, time=0.631875, GreenIndex=68.49619733333333, LAI=0.015749333333333334, Utility=554.7750168201287]"
33,28,"[39.64528172222222, -82.81491491666667]",/home/boubin/Images/Photos_20AUG2018/Center_Path/Images/134.6Feet/Sorte_1/DJI_0133.JPG,39,[],127,42,[],[],[],[],"[Latitude=39.64528172222222, Longitude=-82.81491491666667, BrightnessTotal=0.6391847631916666, exposureTime=0.002197, xResolution=4000, yResolution=3000, SaturationTotalRed=0.6721016362745098, SaturationTotalGreen=0.6466744062091503, SaturationTotalBlue=0.3971355774509804, time=0.635, GreenIndex=57.19684266666667, LAI=0.017466666666666665, Utility=463.28158811802564]"
33,29,"[39.644808805555556, -82.81840591666666]",/home/boubin/Images/Photos_20AUG2018/Center_Path/Images/134.6Feet/Sorte_1/DJI_0021.JPG,121,111,126,50,[],[],[],[],"[Latitude=39.644808805555556, Longitude=-82.81840591666666, BrightnessTotal=0.6304039695575976, exposureTime=0.002515, xResolution=4000, yResolution=3000, SaturationTotalRed=0.6498139424836601, SaturationTotalGreen=0.6425643379084968, SaturationTotalBlue=0.3899226699346405, time=0.6151273148148149, GreenIndex=62.668848, LAI=0.040336, Utility=507.59205640941457]"
33,30,"[39.64480836111111, -82.81735711111111]",/home/boubin/Images/Photos_20AUG2018/Center_Path/Images/134.6Feet/Sorte_1/DJI_0016.JPG,8,128,25,43,[],[],[],[],"[Latitude=39.64480836111111, Longitude=-82.81735711111111, BrightnessTotal=0.6415919561330781, exposureTime=0.002245, xResolution=4000, yResolution=3000, SaturationTotalRed=0.6689651382352941, SaturationTotalGreen=0.6524852993464052, SaturationTotalBlue=0.3758317408496732, time=0.6146064814814814, GreenIndex=66.41134933333333, LAI=0.013786666666666666, Utility=537.8961883542553]"
33,31,"[39.64470080555556, -82.81767072222222]",/home/boubin/Images/Photos_20AUG2018/Center_Path/Images/134.6Feet/Sorte_1/DJI_0119.JPG,123,19,52,87,[],[],[],[],"[Latitude=39.64470080555556, Longitude=-82.81767072222222, BrightnessTotal=0.6439083865285267, exposureTime=0.002025, xResolution=4000, yResolution=3000, SaturationTotalRed=0.6773353251633987, SaturationTotalGreen=0.6526021401960784, SaturationTotalBlue=0.37888364379084966, time=0.6323726851851852, GreenIndex=63.569376, LAI=0.008133333333333333, Utility=514.8815311138868]"
33,32,"[39.644376083333334, -82.81424497222221]",/home/boubin/Images/Photos_20AUG2018/Center_Path/Images/134.6Feet/Sorte_1/DJI_0045.JPG,97,[],77,2,[],[],[],[],"[Latitude=39.644376083333334, Longitude=-82.81424497222221, BrightnessTotal=0.6592315612773644, exposureTime=0.002307, xResolution=4000, yResolution=3000, SaturationTotalRed=0.6769751401960784, SaturationTotalGreen=0.6711733183006535, SaturationTotalBlue=0.43487321862745093, time=0.6176967592592593, GreenIndex=58.82328, LAI=0.02776, Utility=476.4549536937309]"
33,33,"[39.64416355555556, -82.81632530555555]",/home/boubin/Images/Photos_20AUG2018/Center_Path/Images/134.6Feet/Sorte_1/DJI_0078.JPG,26,95,60,[],[],[],[],[],"[Latitude=39.64416355555556, Longitude=-82.81632530555555, BrightnessTotal=0.6496668646863569, exposureTime=0.002004, xResolution=4000, yResolution=3000, SaturationTotalRed=0.6781839071895425, SaturationTotalGreen=0.6609783748366013, SaturationTotalBlue=0.3704215820261438, time=0.6215740740740741, GreenIndex=69.80448, LAI=0.010378666666666666, Utility=565.3700979998107]"
33,34,"[39.6451285, -82.81558799999999]",/home/boubin/Images/Photos_20AUG2018/Center_Path/Images/134.6Feet/Sorte_1/DJI_0109.JPG,113,67,21,58,[],[],[],[],"[Latitude=39.6451285, Longitude=-82.81558799999999, BrightnessTotal=0.6528040640356052, exposureTime=0.002127, xResolution=4000, yResolution=3000, SaturationTotalRed=0.678077787254902, SaturationTotalGreen=0.6642118712418301, SaturationTotalBlue=0.39277088366013074, time=0.630625, GreenIndex=65.73121066666667, LAI=0.025733333333333334, Utility=532.3869768372546]"
33,35,"[39.645126833333336, -82.81808736111111]",/home/boubin/Images/Photos_20AUG2018/Center_Path/Images/134.6Feet/Sorte_1/DJI_0103.JPG,126,52,79,36,[],[],[],[],"[Latitude=39.645126833333336, Longitude=-82.81808736111111, BrightnessTotal=0.6797999849411573, exposureTime=0.002383, xResolution=4000, yResolution=3000, SaturationTotalRed=0.6995777784313726, SaturationTotalGreen=0.6933537535947712, SaturationTotalBlue=0.4199000166666667, time=0.6295833333333334, GreenIndex=68.14175466666667, LAI=0.004762666666666667, Utility=551.9070059231053]"
33,36,"[39.64480897222222, -82.81798452777777]",/home/boubin/Images/Photos_20AUG2018/Center_Path/Images/134.6Feet/Sorte_1/DJI_0019.JPG,111,114,35,132,[],[],[],[],"[Latitude=39.64480897222222, Longitude=-82.81798452777777, BrightnessTotal=0.641761993501808, exposureTime=0.001847, xResolution=4000, yResolution=3000, SaturationTotalRed=0.6848263735294118, SaturationTotalGreen=0.6482853539215687, SaturationTotalBlue=0.35195431928104576, time=0.6149189814814815, GreenIndex=66.33701333333333, LAI=0.002677333333333333, Utility=537.29413203021]"
33,37,"[39.644274805555554, -82.81850730555556]",/home/boubin/Images/Photos_20AUG2018/Center_Path/Images/134.6Feet/Sorte_1/DJI_0122.JPG,[],125,50,[],[],[],[],[],"[Latitude=39.644274805555554, Longitude=-82.81850730555556, BrightnessTotal=0.6574035248483007, exposureTime=0.002422, xResolution=4000, yResolution=3000, SaturationTotalRed=0.6806689875816994, SaturationTotalGreen=0.6691084718954248, SaturationTotalBlue=0.4050539464052288, time=0.6328819444444445, GreenIndex=64.43195733333333, LAI=0.006037333333333333, Utility=521.8666132504037]"
33,38,"[39.64458925, -82.81715811111111]",/home/boubin/Images/Photos_20AUG2018/Center_Path/Images/134.6Feet/Sorte_1/DJI_0030.JPG,43,44,128,88,[],[],[],[],"[Latitude=39.64458925, Longitude=-82.81715811111111, BrightnessTotal=0.6362833567498677, exposureTime=0.002138, xResolution=4000, yResolution=3000, SaturationTotalRed=0.6609504973856208, SaturationTotalGreen=0.6475482104575164, SaturationTotalBlue=0.380114318627451, time=0.6161342592592592, GreenIndex=64.83599466666666, LAI=0.021477333333333334, Utility=525.1398335593377]"
33,39,"[39.645128944444444, -82.81684008333333]",/home/boubin/Images/Photos_20AUG2018/Center_Path/Images/134.6Feet/Sorte_1/DJI_0106.JPG,25,20,12,61,[],[],[],[],"[Latitude=39.645128944444444, Longitude=-82.81684008333333, BrightnessTotal=0.6343037802503393, exposureTime=0.002047, xResolution=4000, yResolution=3000, SaturationTotalRed=0.6703396349673203, SaturationTotalGreen=0.6423844633986928, SaturationTotalBlue=0.36177944901960785, time=0.6301041666666667, GreenIndex=64.49987733333333, LAI=0.009088, Utility=522.4158110517257]"
33,40,"[39.64459163888889, -82.81778244444445]",/home/boubin/Images/Photos_20AUG2018/Center_Path/Images/134.6Feet/Sorte_1/DJI_0027.JPG,132,110,114,15,[],[],[],[],"[Latitude=39.64459163888889, Longitude=-82.81778244444445, BrightnessTotal=0.6495759280356156, exposureTime=0.00207, xResolution=4000, yResolution=3000, SaturationTotalRed=0.6738831807189543, SaturationTotalGreen=0.6616145640522876, SaturationTotalBlue=0.3841001777777778, time=0.6158217592592593, GreenIndex=67.70870933333333, LAI=0.018576, Utility=548.4013054563142]"
33,41,"[39.644380749999996, -82.81611105555555]",/home/boubin/Images/Photos_20AUG2018/Center_Path/Images/134.6Feet/Sorte_1/DJI_0054.JPG,60,75,83,95,[],[],[],[],"[Latitude=39.644380749999996, Longitude=-82.81611105555555, BrightnessTotal=0.6475245873025427, exposureTime=0.002209, xResolution=4000, yResolution=3000, SaturationTotalRed=0.6678822075163399, SaturationTotalGreen=0.6600984562091503, SaturationTotalBlue=0.3966147114379085, time=0.6187731481481481, GreenIndex=65.20230933333333, LAI=0.016666666666666666, Utility=528.1060812915582]"
33,42,"[39.64480291666666, -82.81486872222222]",/home/boubin/Images/Photos_20AUG2018/Center_Path/Images/134.6Feet/Sorte_1/DJI_0004.JPG,59,85,18,82,[],[],[],[],"[Latitude=39.64480291666666, Longitude=-82.81486872222222, BrightnessTotal=0.6507848414794203, exposureTime=0.002713, xResolution=4000, yResolution=3000, SaturationTotalRed=0.664500362745098, SaturationTotalGreen=0.6633226683006536, SaturationTotalBlue=0.43836045686274505, time=0.6132523148148148, GreenIndex=57.065168, LAI=0.029509333333333332, Utility=462.2196072203728]"
33,43,"[39.644590111111114, -82.8173653611111]",/home/boubin/Images/Photos_20AUG2018/Center_Path/Images/134.6Feet/Sorte_1/DJI_0029.JPG,110,38,30,94,[],[],[],[],"[Latitude=39.644590111111114, Longitude=-82.8173653611111, BrightnessTotal=0.6499315871188076, exposureTime=0.002435, xResolution=4000, yResolution=3000, SaturationTotalRed=0.6685959924836601, SaturationTotalGreen=0.6626236774509804, SaturationTotalBlue=0.4073161395424837, time=0.6160300925925926, GreenIndex=63.61572266666667, LAI=0.022197333333333333, Utility=515.2598412581833]"
33,44,"[39.644589833333335, -82.81694869444443]",/home/boubin/Images/Photos_20AUG2018/Center_Path/Images/134.6Feet/Sorte_1/DJI_0031.JPG,38,70,61,76,[],[],[],[],"[Latitude=39.644589833333335, Longitude=-82.81694869444443, BrightnessTotal=0.6496489466840478, exposureTime=0.002488, xResolution=4000, yResolution=3000, SaturationTotalRed=0.661620070261438, SaturationTotalGreen=0.6639793696078431, SaturationTotalBlue=0.41846954673202613, time=0.6162384259259259, GreenIndex=63.22867733333333, LAI=0.03949866666666667, Utility=512.1258751468944]"
33,45,"[39.64416336111111, -82.81757125]",/home/boubin/Images/Photos_20AUG2018/Center_Path/Images/134.6Feet/Sorte_1/DJI_0072.JPG,48,124,87,[],[],[],[],[],"[Latitude=39.64416336111111, Longitude=-82.81757125, BrightnessTotal=0.6363495045287512, exposureTime=0.002357, xResolution=4000, yResolution=3000, SaturationTotalRed=0.6608291545751634, SaturationTotalGreen=0.6470361003267974, SaturationTotalBlue=0.3911907993464052, time=0.6208680555555556, GreenIndex=61.775456, LAI=0.019488, Utility=500.357463509771]"
33,46,"[39.64555191666667, -82.81642177777778]",/home/boubin/Images/Photos_20AUG2018/Center_Path/Images/134.6Feet/Sorte_1/DJI_0096.JPG,12,81,[],20,[],[],[],[],"[Latitude=39.64555191666667, Longitude=-82.81642177777778, BrightnessTotal=0.6463436198276669, exposureTime=0.005311, xResolution=4000, yResolution=3000, SaturationTotalRed=0.647223839869281, SaturationTotalGreen=0.6634605052287582, SaturationTotalBlue=0.4311615235294118, time=0.6284027777777778, GreenIndex=63.364016, LAI=0.012176, Utility=513.2196665681988]"
33,47,"[39.64416358333333, -82.81485636111111]",/home/boubin/Images/Photos_20AUG2018/Center_Path/Images/134.6Feet/Sorte_1/DJI_0085.JPG,56,112,91,[],[],[],[],[],"[Latitude=39.64416358333333, Longitude=-82.81485636111111, BrightnessTotal=0.6551863617623873, exposureTime=0.002332, xResolution=4000, yResolution=3000, SaturationTotalRed=0.6755877447712418, SaturationTotalGreen=0.6679193434640524, SaturationTotalBlue=0.40230785163398697, time=0.6223611111111111, GreenIndex=65.843008, LAI=0.018970666666666667, Utility=533.2937016340318]"
33,48,"[39.644162916666666, -82.81778119444444]",/home/boubin/Images/Photos_20AUG2018/Center_Path/Images/134.6Feet/Sorte_1/DJI_0071.JPG,17,45,15,[],[],[],[],[],"[Latitude=39.644162916666666, Longitude=-82.81778119444444, BrightnessTotal=0.6358266209731598, exposureTime=0.002221, xResolution=4000, yResolution=3000, SaturationTotalRed=0.6583331532679738, SaturationTotalGreen=0.6479494810457516, SaturationTotalBlue=0.37801835098039216, time=0.6207638888888889, GreenIndex=66.23379733333333, LAI=0.02312, Utility=536.4572780275607]"
33,49,"[39.64427108333333, -82.81683724999999]",/home/boubin/Images/Photos_20AUG2018/Center_Path/Images/134.6Feet/Sorte_1/DJI_0126.JPG,63,98,70,[],[],[],[],[],"[Latitude=39.64427108333333, Longitude=-82.81683724999999, BrightnessTotal=0.6540741294130341, exposureTime=0.002092, xResolution=4000, yResolution=3000, SaturationTotalRed=0.6854858075163398, SaturationTotalGreen=0.6647144078431373, SaturationTotalBlue=0.36890581895424834, time=0.6336111111111111, GreenIndex=70.21673066666666, LAI=0.005738666666666667, Utility=568.7063949219998]"
33,50,"[39.64459211111111, -82.81839569444445]",/home/boubin/Images/Photos_20AUG2018/Center_Path/Images/134.6Feet/Sorte_1/DJI_0024.JPG,64,90,29,78,[],[],[],[],"[Latitude=39.64459211111111, Longitude=-82.81839569444445, BrightnessTotal=0.6554500204123105, exposureTime=0.002699, xResolution=4000, yResolution=3000, SaturationTotalRed=0.6666957078431373, SaturationTotalGreen=0.6701516199346406, SaturationTotalBlue=0.42294449640522874, time=0.6155092592592593, GreenIndex=63.93042666666667, LAI=0.030202666666666666, Utility=517.8084422944687]"
33,51,"[39.644804638888886, -82.81465475]",/home/boubin/Images/Photos_20AUG2018/Center_Path/Images/134.6Feet/Sorte_1/DJI_0003.JPG,42,[],18,3,[],[],[],[],"[Latitude=39.644804638888886, Longitude=-82.81465475, BrightnessTotal=0.6430928344400624, exposureTime=0.002383, xResolution=4000, yResolution=3000, SaturationTotalRed=0.672668012745098, SaturationTotalGreen=0.6508843480392157, SaturationTotalBlue=0.4161751594771242, time=0.6131134259259259, GreenIndex=54.32856, LAI=0.012138666666666667, Utility=440.06045941299647]"
33,52,"[39.64512863888889, -82.81766883333333]",/home/boubin/Images/Photos_20AUG2018/Center_Path/Images/134.6Feet/Sorte_1/DJI_0104.JPG,35,25,100,8,[],[],[],[],"[Latitude=39.64512863888889, Longitude=-82.81766883333333, BrightnessTotal=0.668554512214434, exposureTime=0.002233, xResolution=4000, yResolution=3000, SaturationTotalRed=0.6798418179738562, SaturationTotalGreen=0.684987535620915, SaturationTotalBlue=0.4086545366013072, time=0.6297569444444444, GreenIndex=71.81437333333334, LAI=0.014725333333333333, Utility=581.6441890030062]"
33,53,"[39.64529311111111, -82.81490380555556]",/home/boubin/Images/Photos_20AUG2018/Center_Path/Images/134.6Feet/Sorte_1/DJI_0001.JPG,39,[],74,42,[],[],[],[],"[Latitude=39.64529311111111, Longitude=-82.81490380555556, BrightnessTotal=0.7734155177645039, exposureTime=0.002975, xResolution=4000, yResolution=3000, SaturationTotalRed=0.8002954996732027, SaturationTotalGreen=0.7837166049019608, SaturationTotalBlue=0.5340921529411765, time=0.6129050925925926, GreenIndex=59.43708266666667, LAI=0.0039893333333333334, Utility=481.4312786690334]"
33,54,"[39.64459136111111, -82.81569877777777]",/home/boubin/Images/Photos_20AUG2018/Center_Path/Images/134.6Feet/Sorte_1/DJI_0037.JPG,65,129,58,13,[],[],[],[],"[Latitude=39.64459136111111, Longitude=-82.81569877777777, BrightnessTotal=0.624963446598955, exposureTime=0.00215, xResolution=4000, yResolution=3000, SaturationTotalRed=0.6410907545751634, SaturationTotalGreen=0.6384749003267974, SaturationTotalBlue=0.38045367320261436, time=0.6168634259259259, GreenIndex=65.16570133333333, LAI=0.049210666666666666, Utility=527.8088985788073]"
33,55,"[39.64530911111111, -82.81486791666666]",/home/boubin/Images/Photos_20AUG2018/Center_Path/Images/134.6Feet/Sorte_1/DJI_0090.JPG,39,[],74,18,[],[],[],[],"[Latitude=39.64530911111111, Longitude=-82.81486791666666, BrightnessTotal=0.7655969690784605, exposureTime=0.009128, xResolution=4000, yResolution=3000, SaturationTotalRed=0.7710664130718955, SaturationTotalGreen=0.7793108120915032, SaturationTotalBlue=0.5840017277777778, time=0.6273726851851852, GreenIndex=51.89862933333333, LAI=0.0022986666666666667, Utility=420.3887696314964]"
33,56,"[39.64416286111111, -82.81507599999999]",/home/boubin/Images/Photos_20AUG2018/Center_Path/Images/134.6Feet/Sorte_1/DJI_0084.JPG,4,47,7,[],[],[],[],[],"[Latitude=39.64416286111111, Longitude=-82.81507599999999, BrightnessTotal=0.6428697718055418, exposureTime=0.001712, xResolution=4000, yResolution=3000, SaturationTotalRed=0.6810334911764706, SaturationTotalGreen=0.6512649905228759, SaturationTotalBlue=0.35186900751633987, time=0.6222569444444445, GreenIndex=68.85301333333334, LAI=0.006, Utility=557.6654329655796]"
33,57,"[39.644380166666664, -82.81528358333333]",/home/boubin/Images/Photos_20AUG2018/Center_Path/Images/134.6Feet/Sorte_1/DJI_0050.JPG,93,7,92,4,[],[],[],[],"[Latitude=39.644380166666664, Longitude=-82.81528358333333, BrightnessTotal=0.6646202269557541, exposureTime=0.002209, xResolution=4000, yResolution=3000, SaturationTotalRed=0.6790577405228758, SaturationTotalGreen=0.6804410738562091, SaturationTotalBlue=0.39588376699346406, time=0.618275462962963, GreenIndex=72.940304, LAI=0.025850666666666668, Utility=590.7626537166232]"
33,58,"[39.644812083333335, -82.81569625]",/home/boubin/Images/Photos_20AUG2018/Center_Path/Images/134.6Feet/Sorte_1/DJI_0008.JPG,68,23,34,54,[],[],[],[],"[Latitude=39.644812083333335, Longitude=-82.81569625, BrightnessTotal=0.6543048158498135, exposureTime=0.002515, xResolution=4000, yResolution=3000, SaturationTotalRed=0.6734132215686275, SaturationTotalGreen=0.6667059042483661, SaturationTotalBlue=0.4144016866013072, time=0.6137152777777778, GreenIndex=62.62614933333333, LAI=0.029477333333333335, Utility=507.24771225131775]"
33,59,"[39.644802166666665, -82.81506933333333]",/home/boubin/Images/Photos_20AUG2018/Center_Path/Images/134.6Feet/Sorte_1/DJI_0005.JPG,72,42,67,108,[],[],[],[],"[Latitude=39.644802166666665, Longitude=-82.81506933333333, BrightnessTotal=0.6344220914681694, exposureTime=0.002529, xResolution=4000, yResolution=3000, SaturationTotalRed=0.6473148741830065, SaturationTotalGreen=0.6476386980392156, SaturationTotalBlue=0.4144132490196078, time=0.6133796296296297, GreenIndex=59.57379733333333, LAI=0.04535466666666667, Utility=482.5315171970557]"
33,60,"[39.64438036111111, -82.81631752777777]",/home/boubin/Images/Photos_20AUG2018/Center_Path/Images/134.6Feet/Sorte_1/DJI_0055.JPG,103,41,24,33,[],[],[],[],"[Latitude=39.64438036111111, Longitude=-82.81631752777777, BrightnessTotal=0.6491967400020141, exposureTime=0.002294, xResolution=4000, yResolution=3000, SaturationTotalRed=0.66527419248366, SaturationTotalGreen=0.6629009209150327, SaturationTotalBlue=0.4047670754901961, time=0.618900462962963, GreenIndex=65.25406933333333, LAI=0.03308266666666667, Utility=528.5252781901455]"
33,61,"[39.64480844444444, -82.81695086111111]",/home/boubin/Images/Photos_20AUG2018/Center_Path/Images/134.6Feet/Sorte_1/DJI_0014.JPG,128,16,39,44,[],[],[],[],"[Latitude=39.64480844444444, Longitude=-82.81695086111111, BrightnessTotal=0.6299520563923412, exposureTime=0.002245, xResolution=4000, yResolution=3000, SaturationTotalRed=0.653312637254902, SaturationTotalGreen=0.6418258591503267, SaturationTotalBlue=0.37032894640522873, time=0.6143981481481482, GreenIndex=66.35882666666667, LAI=0.018426666666666668, Utility=537.4703969823133]"
33,62,"[39.645558083333334, -82.8151743611111]",/home/boubin/Images/Photos_20AUG2018/Center_Path/Images/134.6Feet/Sorte_1/DJI_0093.JPG,21,74,[],67,[],[],[],[],"[Latitude=39.645558083333334, Longitude=-82.8151743611111, BrightnessTotal=0.6397364423287393, exposureTime=0.005919, xResolution=4000, yResolution=3000, SaturationTotalRed=0.6423731866013072, SaturationTotalGreen=0.6564209620915034, SaturationTotalBlue=0.4213378274509804, time=0.6279282407407407, GreenIndex=63.52595733333333, LAI=0.011504, Utility=514.5306729540214]"
33,63,"[39.644271527777775, -82.81725444444444]",/home/boubin/Images/Photos_20AUG2018/Center_Path/Images/134.6Feet/Sorte_1/DJI_0125.JPG,107,49,38,[],[],[],[],[],"[Latitude=39.644271527777775, Longitude=-82.81725444444444, BrightnessTotal=0.6564658172985592, exposureTime=0.002282, xResolution=4000, yResolution=3000, SaturationTotalRed=0.6868205349673203, SaturationTotalGreen=0.6668282911764706, SaturationTotalBlue=0.3835250640522876, time=0.6334375, GreenIndex=67.18956266666666, LAI=0.005029333333333334, Utility=544.1951456518927]"
33,64,"[39.64459511111111, -82.81861169444444]",/home/boubin/Images/Photos_20AUG2018/Center_Path/Images/134.6Feet/Sorte_1/DJI_0023.JPG,[],50,121,71,[],[],[],[],"[Latitude=39.64459511111111, Longitude=-82.81861169444444, BrightnessTotal=0.6072141846021489, exposureTime=0.001898, xResolution=4000, yResolution=3000, SaturationTotalRed=0.6363620156862745, SaturationTotalGreen=0.6168056212418301, SaturationTotalBlue=0.3477689872549019, time=0.6154050925925926, GreenIndex=63.72260266666667, LAI=0.04248, Utility=516.1232157408324]"
33,65,"[39.64459044444445, -82.8159073611111]",/home/boubin/Images/Photos_20AUG2018/Center_Path/Images/134.6Feet/Sorte_1/DJI_0036.JPG,83,54,68,75,[],[],[],[],"[Latitude=39.64459044444445, Longitude=-82.8159073611111, BrightnessTotal=0.637517301555591, exposureTime=0.002488, xResolution=4000, yResolution=3000, SaturationTotalRed=0.6469192428104575, SaturationTotalGreen=0.6525146758169935, SaturationTotalBlue=0.40869089379084966, time=0.6167592592592592, GreenIndex=63.638992, LAI=0.049093333333333336, Utility=515.4475910245499]"
33,66,"[39.64427186111111, -82.81517183333332]",/home/boubin/Images/Photos_20AUG2018/Center_Path/Images/134.6Feet/Sorte_1/DJI_0130.JPG,122,89,108,[],[],[],[],[],"[Latitude=39.64427186111111, Longitude=-82.81517183333332, BrightnessTotal=0.6579319710839104, exposureTime=0.001961, xResolution=4000, yResolution=3000, SaturationTotalRed=0.6920739571895425, SaturationTotalGreen=0.6678991957516339, SaturationTotalBlue=0.36774060392156865, time=0.6343171296296296, GreenIndex=70.482928, LAI=0.000848, Utility=570.8618879925306]"
33,67,"[39.645125944444445, -82.81517402777777]",/home/boubin/Images/Photos_20AUG2018/Center_Path/Images/134.6Feet/Sorte_1/DJI_0110.JPG,34,18,62,72,[],[],[],[],"[Latitude=39.645125944444445, Longitude=-82.81517402777777, BrightnessTotal=0.667109985890923, exposureTime=0.002319, xResolution=4000, yResolution=3000, SaturationTotalRed=0.6871701088235294, SaturationTotalGreen=0.6800217166666667, SaturationTotalBlue=0.414729885620915, time=0.6307986111111111, GreenIndex=65.834192, LAI=0.02944, Utility=533.2215326270976]"
33,68,"[39.644808777777776, -82.81590619444444]",/home/boubin/Images/Photos_20AUG2018/Center_Path/Images/134.6Feet/Sorte_1/DJI_0009.JPG,1,58,113,65,[],[],[],[],"[Latitude=39.644808777777776, Longitude=-82.81590619444444, BrightnessTotal=0.6430429921193012, exposureTime=0.002773, xResolution=4000, yResolution=3000, SaturationTotalRed=0.6462141526143791, SaturationTotalGreen=0.6592536032679739, SaturationTotalBlue=0.4295219633986928, time=0.6138194444444445, GreenIndex=61.91106666666666, LAI=0.060784, Utility=501.45712061921785]"
33,69,"[39.64416361111111, -82.81444505555555]",/home/boubin/Images/Photos_20AUG2018/Center_Path/Images/134.6Feet/Sorte_1/DJI_0087.JPG,112,2,97,[],[],[],[],[],"[Latitude=39.64416361111111, Longitude=-82.81444505555555, BrightnessTotal=0.6116845966939837, exposureTime=0.002344, xResolution=4000, yResolution=3000, SaturationTotalRed=0.6278674111111111, SaturationTotalGreen=0.6231563029411764, SaturationTotalBlue=0.398893712745098, time=0.6225694444444444, GreenIndex=56.046528, LAI=0.05443733333333333, Utility=453.9681099783643]"
33,70,"[39.644590666666666, -82.81674105555555]",/home/boubin/Images/Photos_20AUG2018/Center_Path/Images/134.6Feet/Sorte_1/DJI_0032.JPG,44,106,16,84,[],[],[],[],"[Latitude=39.644590666666666, Longitude=-82.81674105555555, BrightnessTotal=0.640397274768154, exposureTime=0.002461, xResolution=4000, yResolution=3000, SaturationTotalRed=0.6497390189542483, SaturationTotalGreen=0.6555689163398692, SaturationTotalBlue=0.4093831633986928, time=0.6163425925925926, GreenIndex=64.31725333333333, LAI=0.04978133333333333, Utility=520.9397762299957]"
33,71,"[39.64437927777778, -82.81860922222222]",/home/boubin/Images/Photos_20AUG2018/Center_Path/Images/134.6Feet/Sorte_1/DJI_0066.JPG,[],78,64,131,[],[],[],[],"[Latitude=39.64437927777778, Longitude=-82.81860922222222, BrightnessTotal=0.6102248342932024, exposureTime=0.00237, xResolution=4000, yResolution=3000, SaturationTotalRed=0.6252911493464052, SaturationTotalGreen=0.6224967343137255, SaturationTotalBlue=0.3907380820261438, time=0.6202199074074074, GreenIndex=58.46662933333333, LAI=0.040912, Utility=473.5643249850506]"
33,72,"[39.64480936111111, -82.81528361111111]",/home/boubin/Images/Photos_20AUG2018/Center_Path/Images/134.6Feet/Sorte_1/DJI_0006.JPG,23,59,67,92,[],[],[],[],"[Latitude=39.64480936111111, Longitude=-82.81528361111111, BrightnessTotal=0.6349216545843662, exposureTime=0.0025, xResolution=4000, yResolution=3000, SaturationTotalRed=0.6467533307189542, SaturationTotalGreen=0.64883240751634, SaturationTotalBlue=0.4097713656862745, time=0.6134837962962963, GreenIndex=61.530074666666664, LAI=0.049744, Utility=498.3717822899466]"
33,73,"[39.6447, -82.81850916666666]",/home/boubin/Images/Photos_20AUG2018/Center_Path/Images/134.6Feet/Sorte_1/DJI_0121.JPG,[],123,126,78,[],[],[],[],"[Latitude=39.6447, Longitude=-82.81850916666666, BrightnessTotal=0.6546876839642629, exposureTime=0.002422, xResolution=4000, yResolution=3000, SaturationTotalRed=0.6794640725490196, SaturationTotalGreen=0.6649316356209151, SaturationTotalBlue=0.41724764444444445, time=0.6326967592592593, GreenIndex=59.486976, LAI=0.007914666666666667, Utility=481.82629774266655]"
33,74,"[39.64555272222222, -82.81475524999999]",/home/boubin/Images/Photos_20AUG2018/Center_Path/Images/134.6Feet/Sorte_1/DJI_0092.JPG,62,80,[],55,[],[],[],[],"[Latitude=39.64555272222222, Longitude=-82.81475524999999, BrightnessTotal=0.6571598791640789, exposureTime=0.007077, xResolution=4000, yResolution=3000, SaturationTotalRed=0.6536848369281046, SaturationTotalGreen=0.6735040133986928, SaturationTotalBlue=0.4764449343137255, time=0.6277662037037037, GreenIndex=55.31346666666666, LAI=0.005792, Utility=448.03389842926896]"
33,75,"[39.644381027777776, -82.81590255555555]",/home/boubin/Images/Photos_20AUG2018/Center_Path/Images/134.6Feet/Sorte_1/DJI_0053.JPG,41,13,65,120,[],[],[],[],"[Latitude=39.644381027777776, Longitude=-82.81590255555555, BrightnessTotal=0.6652502010277567, exposureTime=0.002245, xResolution=4000, yResolution=3000, SaturationTotalRed=0.685149487254902, SaturationTotalGreen=0.6789567454248366, SaturationTotalBlue=0.4001194715686275, time=0.6186574074074074, GreenIndex=69.54497066666667, LAI=0.015504, Utility=563.270101172679]"
33,76,"[39.64438066666666, -82.8169455]",/home/boubin/Images/Photos_20AUG2018/Center_Path/Images/134.6Feet/Sorte_1/DJI_0058.JPG,88,84,44,99,[],[],[],[],"[Latitude=39.64438066666666, Longitude=-82.8169455, BrightnessTotal=0.6503742609127434, exposureTime=0.002269, xResolution=4000, yResolution=3000, SaturationTotalRed=0.6657086107843138, SaturationTotalGreen=0.6645503924836601, SaturationTotalBlue=0.4025432081699346, time=0.6192592592592593, GreenIndex=66.560784, LAI=0.033744, Utility=539.1059331158623]"
33,77,"[39.64459022222222, -82.8142355]",/home/boubin/Images/Photos_20AUG2018/Center_Path/Images/134.6Feet/Sorte_1/DJI_0044.JPG,102,[],80,32,[],[],[],[],"[Latitude=39.64459022222222, Longitude=-82.8142355, BrightnessTotal=0.6645672213719888, exposureTime=0.001939, xResolution=4000, yResolution=3000, SaturationTotalRed=0.6755125535947711, SaturationTotalGreen=0.6783624290849672, SaturationTotalBlue=0.4487861852941176, time=0.6175810185185185, GreenIndex=59.32, LAI=0.03423466666666666, Utility=480.47728536406254]"
33,78,"[39.64438138888889, -82.81840252777778]",/home/boubin/Images/Photos_20AUG2018/Center_Path/Images/134.6Feet/Sorte_1/DJI_0065.JPG,71,10,50,14,[],[],[],[],"[Latitude=39.64438138888889, Longitude=-82.81840252777778, BrightnessTotal=0.639928329061747, exposureTime=0.002515, xResolution=4000, yResolution=3000, SaturationTotalRed=0.6543210209150326, SaturationTotalGreen=0.6536485967320262, SaturationTotalBlue=0.40390115098039214, time=0.6200925925925926, GreenIndex=63.510714666666665, LAI=0.03301333333333333, Utility=514.408457251584]"
33,79,"[39.64555422222222, -82.81808844444444]",/home/boubin/Images/Photos_20AUG2018/Center_Path/Images/134.6Feet/Sorte_1/DJI_0100.JPG,115,100,[],35,[],[],[],[],"[Latitude=39.64555422222222, Longitude=-82.81808844444444, BrightnessTotal=0.681807184389154, exposureTime=0.002332, xResolution=4000, yResolution=3000, SaturationTotalRed=0.7039536071895425, SaturationTotalGreen=0.6940535869281046, SaturationTotalBlue=0.42997005555555556, time=0.6290740740740741, GreenIndex=64.81448533333334, LAI=0.015216, Utility=524.9658076976089]"
33,80,"[39.64555552777778, -82.81434924999999]",/home/boubin/Images/Photos_20AUG2018/Center_Path/Images/134.6Feet/Sorte_1/DJI_0091.JPG,74,[],[],51,[],[],[],[],"[Latitude=39.64555552777778, Longitude=-82.81434924999999, BrightnessTotal=0.6384116019430063, exposureTime=0.004689, xResolution=4000, yResolution=3000, SaturationTotalRed=0.6136058179738562, SaturationTotalGreen=0.6546588241830065, SaturationTotalBlue=0.5515011300653595, time=0.6275925925925926, GreenIndex=36.80702933333333, LAI=0.007552, Utility=298.18390673732415]"
33,81,"[39.645558, -82.81601413888889]",/home/boubin/Images/Photos_20AUG2018/Center_Path/Images/134.6Feet/Sorte_1/DJI_0095.JPG,46,21,[],113,[],[],[],[],"[Latitude=39.645558, Longitude=-82.81601413888889, BrightnessTotal=0.6410637271211399, exposureTime=0.00649, xResolution=4000, yResolution=3000, SaturationTotalRed=0.6347872918300653, SaturationTotalGreen=0.659384384640523, SaturationTotalBlue=0.4441154977124183, time=0.6282291666666666, GreenIndex=61.179861333333335, LAI=0.021141333333333335, Utility=495.53407472352666]"
33,82,"[39.64459080555555, -82.81486519444444]",/home/boubin/Images/Photos_20AUG2018/Center_Path/Images/134.6Feet/Sorte_1/DJI_0041.JPG,108,102,42,91,[],[],[],[],"[Latitude=39.64459080555555, Longitude=-82.81486519444444, BrightnessTotal=0.6228914424763413, exposureTime=0.002396, xResolution=4000, yResolution=3000, SaturationTotalRed=0.6375471316993464, SaturationTotalGreen=0.6361249421568628, SaturationTotalBlue=0.39143016405228753, time=0.6172685185185185, GreenIndex=62.05578666666667, LAI=0.060010666666666664, Utility=502.6273285251953]"
33,83,"[39.644590027777774, -82.81611594444445]",/home/boubin/Images/Photos_20AUG2018/Center_Path/Images/134.6Feet/Sorte_1/DJI_0035.JPG,24,65,1,41,[],[],[],[],"[Latitude=39.644590027777774, Longitude=-82.81611594444445, BrightnessTotal=0.6467079297629865, exposureTime=0.0025, xResolution=4000, yResolution=3000, SaturationTotalRed=0.6574614996732026, SaturationTotalGreen=0.661545358496732, SaturationTotalBlue=0.4138545238562092, time=0.6166550925925925, GreenIndex=64.230384, LAI=0.04776, Utility=520.2366306341656]"
33,84,"[39.64438036111111, -82.816733]",/home/boubin/Images/Photos_20AUG2018/Center_Path/Images/134.6Feet/Sorte_1/DJI_0057.JPG,76,103,70,22,[],[],[],[],"[Latitude=39.64438036111111, Longitude=-82.816733, BrightnessTotal=0.6295872772899298, exposureTime=0.001919, xResolution=4000, yResolution=3000, SaturationTotalRed=0.6597426558823529, SaturationTotalGreen=0.6392591232026144, SaturationTotalBlue=0.36589337679738565, time=0.6191435185185186, GreenIndex=64.529968, LAI=0.007706666666666666, Utility=522.6610428066184]"
33,85,"[39.64480430555555, -82.81465511111111]",/home/boubin/Images/Photos_20AUG2018/Center_Path/Images/134.6Feet/Sorte_1/DJI_0002.JPG,42,[],18,3,[],[],[],[],"[Latitude=39.64480430555555, Longitude=-82.81465511111111, BrightnessTotal=0.6435550856666616, exposureTime=0.002383, xResolution=4000, yResolution=3000, SaturationTotalRed=0.6732806310457516, SaturationTotalGreen=0.6512906986928104, SaturationTotalBlue=0.41671195000000005, time=0.6131018518518518, GreenIndex=54.243376, LAI=0.011930666666666666, Utility=439.37073612550364]"
33,86,"[39.64427244444445, -82.81433838888888]",/home/boubin/Images/Photos_20AUG2018/Center_Path/Images/134.6Feet/Sorte_1/DJI_0132.JPG,89,[],77,[],[],[],[],[],"[Latitude=39.64427244444445, Longitude=-82.81433838888888, BrightnessTotal=0.6667345181487356, exposureTime=0.002488, xResolution=4000, yResolution=3000, SaturationTotalRed=0.6889359176470589, SaturationTotalGreen=0.6760905186274511, SaturationTotalBlue=0.45847333398692813, time=0.6346875, GreenIndex=52.223269333333334, LAI=0.018016, Utility=423.0113302563404]"
33,87,"[39.64437727777778, -82.8175775]",/home/boubin/Images/Photos_20AUG2018/Center_Path/Images/134.6Feet/Sorte_1/DJI_0061.JPG,15,94,110,45,[],[],[],[],"[Latitude=39.64437727777778, Longitude=-82.8175775, BrightnessTotal=0.6391235353266559, exposureTime=0.002448, xResolution=4000, yResolution=3000, SaturationTotalRed=0.6516524254901961, SaturationTotalGreen=0.6533175130718955, SaturationTotalBlue=0.40589051307189544, time=0.6196412037037037, GreenIndex=63.550714666666664, LAI=0.054533333333333336, Utility=514.7323892603254]"
33,88,"[39.64438172222222, -82.81715355555555]",/home/boubin/Images/Photos_20AUG2018/Center_Path/Images/134.6Feet/Sorte_1/DJI_0059.JPG,94,76,38,9,[],[],[],[],"[Latitude=39.64438172222222, Longitude=-82.81715355555555, BrightnessTotal=0.6332512369890014, exposureTime=0.002036, xResolution=4000, yResolution=3000, SaturationTotalRed=0.6524740594771242, SaturationTotalGreen=0.6464418993464052, SaturationTotalBlue=0.3766732251633987, time=0.619375, GreenIndex=67.32294933333333, LAI=0.023802666666666666, Utility=545.2764143824152]"
33,89,"[39.64427077777778, -82.81475488888888]",/home/boubin/Images/Photos_20AUG2018/Center_Path/Images/134.6Feet/Sorte_1/DJI_0131.JPG,66,86,82,[],[],[],[],[],"[Latitude=39.64427077777778, Longitude=-82.81475488888888, BrightnessTotal=0.6489251869811568, exposureTime=0.002307, xResolution=4000, yResolution=3000, SaturationTotalRed=0.668679516993464, SaturationTotalGreen=0.6611023908496731, SaturationTotalBlue=0.40835146274509804, time=0.6345023148148148, GreenIndex=62.524661333333334, LAI=0.010442666666666666, Utility=506.4223173762637]"
33,90,"[39.644590055555554, -82.81819769444444]",/home/boubin/Images/Photos_20AUG2018/Center_Path/Images/134.6Feet/Sorte_1/DJI_0025.JPG,50,132,111,10,[],[],[],[],"[Latitude=39.644590055555554, Longitude=-82.81819769444444, BrightnessTotal=0.6420903393973248, exposureTime=0.002307, xResolution=4000, yResolution=3000, SaturationTotalRed=0.6613770892156863, SaturationTotalGreen=0.6554630352941176, SaturationTotalBlue=0.3832197183006536, time=0.6156134259259259, GreenIndex=67.972944, LAI=0.022976, Utility=550.5405511120848]"
33,91,"[39.64437677777778, -82.81486016666666]",/home/boubin/Images/Photos_20AUG2018/Center_Path/Images/134.6Feet/Sorte_1/DJI_0048.JPG,7,3,82,47,[],[],[],[],"[Latitude=39.64437677777778, Longitude=-82.81486016666666, BrightnessTotal=0.6345761201268096, exposureTime=0.002115, xResolution=4000, yResolution=3000, SaturationTotalRed=0.6547551294117647, SaturationTotalGreen=0.6474248120915033, SaturationTotalBlue=0.3782764656862745, time=0.6180555555555556, GreenIndex=66.78949333333334, LAI=0.015594666666666666, Utility=540.9572178703627]"
33,92,"[39.644590388888886, -82.81528208333333]",/home/boubin/Images/Photos_20AUG2018/Center_Path/Images/134.6Feet/Sorte_1/DJI_0039.JPG,129,108,72,57,[],[],[],[],"[Latitude=39.644590388888886, Longitude=-82.81528208333333, BrightnessTotal=0.6494531904879525, exposureTime=0.00237, xResolution=4000, yResolution=3000, SaturationTotalRed=0.6656307594771241, SaturationTotalGreen=0.6632674156862746, SaturationTotalBlue=0.40263280784313726, time=0.6170601851851852, GreenIndex=65.85249066666667, LAI=0.03787733333333333, Utility=533.3710878827322]"
33,93,"[39.6443785, -82.81548508333333]",/home/boubin/Images/Photos_20AUG2018/Center_Path/Images/134.6Feet/Sorte_1/DJI_0051.JPG,13,57,129,119,[],[],[],[],"[Latitude=39.6443785, Longitude=-82.81548508333333, BrightnessTotal=0.6654096868249881, exposureTime=0.002584, xResolution=4000, yResolution=3000, SaturationTotalRed=0.6689307343137255, SaturationTotalGreen=0.6827468189542484, SaturationTotalBlue=0.43428813039215686, time=0.6184259259259259, GreenIndex=66.89840533333333, LAI=0.03370666666666667, Utility=541.8406397535136]"
33,94,"[39.64437866666667, -82.81735883333333]",/home/boubin/Images/Photos_20AUG2018/Center_Path/Images/134.6Feet/Sorte_1/DJI_0060.JPG,87,88,43,124,[],[],[],[],"[Latitude=39.64437866666667, Longitude=-82.81735883333333, BrightnessTotal=0.6336028254337074, exposureTime=0.002319, xResolution=4000, yResolution=3000, SaturationTotalRed=0.6448683620915032, SaturationTotalGreen=0.6478034738562092, SaturationTotalBlue=0.4068122431372549, time=0.619525462962963, GreenIndex=62.24011733333333, LAI=0.055738666666666666, Utility=504.12005762453]"
33,95,"[39.64416405555556, -82.81611241666667]",/home/boubin/Images/Photos_20AUG2018/Center_Path/Images/134.6Feet/Sorte_1/DJI_0079.JPG,33,120,41,[],[],[],[],[],"[Latitude=39.64416405555556, Longitude=-82.81611241666667, BrightnessTotal=0.6345500398554461, exposureTime=0.00174, xResolution=4000, yResolution=3000, SaturationTotalRed=0.6715426709150327, SaturationTotalGreen=0.642772756862745, SaturationTotalBlue=0.3531107323529412, time=0.621712962962963, GreenIndex=66.61506666666666, LAI=0.007082666666666667, Utility=539.5441577626485]"
33,96,"[39.64480388888889, -82.81631405555555]",/home/boubin/Images/Photos_20AUG2018/Center_Path/Images/134.6Feet/Sorte_1/DJI_0011.JPG,11,1,20,24,[],[],[],[],"[Latitude=39.64480388888889, Longitude=-82.81631405555555, BrightnessTotal=0.6478973219564257, exposureTime=0.002713, xResolution=4000, yResolution=3000, SaturationTotalRed=0.6547006091503268, SaturationTotalGreen=0.6637894166666667, SaturationTotalBlue=0.4201625843137255, time=0.6140509259259259, GreenIndex=64.407904, LAI=0.034501333333333335, Utility=521.6745370530971]"
33,97,"[39.644380222222225, -82.81444894444444]",/home/boubin/Images/Photos_20AUG2018/Center_Path/Images/134.6Feet/Sorte_1/DJI_0046.JPG,3,32,102,69,[],[],[],[],"[Latitude=39.644380222222225, Longitude=-82.81444894444444, BrightnessTotal=0.6452466797997448, exposureTime=0.002684, xResolution=4000, yResolution=3000, SaturationTotalRed=0.648532539869281, SaturationTotalGreen=0.6616597398692811, SaturationTotalBlue=0.42813941895424834, time=0.617800925925926, GreenIndex=62.91258666666667, LAI=0.05611733333333333, Utility=509.56603012053637]"
33,98,"[39.644269666666666, -82.81642161111111]",/home/boubin/Images/Photos_20AUG2018/Center_Path/Images/134.6Feet/Sorte_1/DJI_0127.JPG,49,117,24,[],[],[],[],[],"[Latitude=39.644269666666666, Longitude=-82.81642161111111, BrightnessTotal=0.678455536901186, exposureTime=0.002257, xResolution=4000, yResolution=3000, SaturationTotalRed=0.7041482349673202, SaturationTotalGreen=0.6909512493464052, SaturationTotalBlue=0.40064903888888886, time=0.6337847222222223, GreenIndex=70.71982933333334, LAI=0.0029333333333333334, Utility=572.7812530690104]"
33,99,"[39.64416394444444, -82.81694305555556]",/home/boubin/Images/Photos_20AUG2018/Center_Path/Images/134.6Feet/Sorte_1/DJI_0075.JPG,9,22,76,[],[],[],[],[],"[Latitude=39.64416394444444, Longitude=-82.81694305555556, BrightnessTotal=0.6356647663316236, exposureTime=0.001898, xResolution=4000, yResolution=3000, SaturationTotalRed=0.6644056091503268, SaturationTotalGreen=0.6460439062091503, SaturationTotalBlue=0.3694063111111111, time=0.6211921296296297, GreenIndex=65.94765333333334, LAI=0.019024, Utility=534.140213286366]"
33,100,"[39.64555125, -82.81767380555556]",/home/boubin/Images/Photos_20AUG2018/Center_Path/Images/134.6Feet/Sorte_1/DJI_0099.JPG,79,5,[],52,[],[],[],[],"[Latitude=39.64555125, Longitude=-82.81767380555556, BrightnessTotal=0.6634798304689009, exposureTime=0.002127, xResolution=4000, yResolution=3000, SaturationTotalRed=0.6803806215686274, SaturationTotalGreen=0.6785907892156863, SaturationTotalBlue=0.39195673692810457, time=0.628900462962963, GreenIndex=72.65349333333333, LAI=0.018906666666666665, Utility=588.4385157223741]"
33,101,"[39.64416533333333, -82.81569208333333]",/home/boubin/Images/Photos_20AUG2018/Center_Path/Images/134.6Feet/Sorte_1/DJI_0081.JPG,120,119,13,[],[],[],[],[],"[Latitude=39.64416533333333, Longitude=-82.81569208333333, BrightnessTotal=0.6429915412792601, exposureTime=0.001676, xResolution=4000, yResolution=3000, SaturationTotalRed=0.6899881875816993, SaturationTotalGreen=0.6483361941176471, SaturationTotalBlue=0.34825478039215685, time=0.6219212962962963, GreenIndex=66.01413866666667, LAI=0.0012746666666666666, Utility=534.6786704010257]"
33,102,"[39.64459188888889, -82.81444080555555]",/home/boubin/Images/Photos_20AUG2018/Center_Path/Images/134.6Feet/Sorte_1/DJI_0043.JPG,82,77,18,97,[],[],[],[],"[Latitude=39.64459188888889, Longitude=-82.81444080555555, BrightnessTotal=0.6252099252030305, exposureTime=0.002269, xResolution=4000, yResolution=3000, SaturationTotalRed=0.6488819699346405, SaturationTotalGreen=0.6346051908496732, SaturationTotalBlue=0.40462070294117647, time=0.6174768518518519, GreenIndex=55.058832, LAI=0.030794666666666668, Utility=445.9720340129741]"
33,103,"[39.6443785, -82.816538]",/home/boubin/Images/Photos_20AUG2018/Center_Path/Images/134.6Feet/Sorte_1/DJI_0056.JPG,84,60,106,26,[],[],[],[],"[Latitude=39.6443785, Longitude=-82.816538, BrightnessTotal=0.6315140565195768, exposureTime=0.002092, xResolution=4000, yResolution=3000, SaturationTotalRed=0.6488640790849673, SaturationTotalGreen=0.6453574264705882, SaturationTotalBlue=0.37477654084967316, time=0.6190162037037037, GreenIndex=68.14924266666667, LAI=0.027445333333333332, Utility=551.9670111968304]"
33,104,"[39.64470011111111, -82.81558844444444]",/home/boubin/Images/Photos_20AUG2018/Center_Path/Images/134.6Feet/Sorte_1/DJI_0114.JPG,116,130,34,13,[],[],[],[],"[Latitude=39.64470011111111, Longitude=-82.81558844444444, BrightnessTotal=0.644736741871954, exposureTime=0.002221, xResolution=4000, yResolution=3000, SaturationTotalRed=0.6658851147058823, SaturationTotalGreen=0.65650427875817, SaturationTotalBlue=0.40230621732026145, time=0.6315162037037036, GreenIndex=62.47052266666667, LAI=0.017205333333333333, Utility=505.98422063505257]"
33,105,"[39.644379083333334, -82.81798222222221]",/home/boubin/Images/Photos_20AUG2018/Center_Path/Images/134.6Feet/Sorte_1/DJI_0063.JPG,10,15,132,17,[],[],[],[],"[Latitude=39.644379083333334, Longitude=-82.81798222222221, BrightnessTotal=0.6258801627866556, exposureTime=0.002294, xResolution=4000, yResolution=3000, SaturationTotalRed=0.6316717607843138, SaturationTotalGreen=0.643194408496732, SaturationTotalBlue=0.37766146111111115, time=0.6198726851851852, GreenIndex=70.68235733333333, LAI=0.057664, Utility=572.4776522084888]"
33,106,"[39.6445915, -82.8165361111111]",/home/boubin/Images/Photos_20AUG2018/Center_Path/Images/134.6Feet/Sorte_1/DJI_0033.JPG,70,24,11,103,[],[],[],[],"[Latitude=39.6445915, Longitude=-82.8165361111111, BrightnessTotal=0.6438226637334387, exposureTime=0.002422, xResolution=4000, yResolution=3000, SaturationTotalRed=0.6463606124183007, SaturationTotalGreen=0.6617014065359477, SaturationTotalBlue=0.4070818526143791, time=0.6164467592592593, GreenIndex=68.88190933333334, LAI=0.06950933333333334, Utility=557.9006235628415]"
33,107,"[39.6442725, -82.81766969444445]",/home/boubin/Images/Photos_20AUG2018/Center_Path/Images/134.6Feet/Sorte_1/DJI_0124.JPG,125,63,110,[],[],[],[],[],"[Latitude=39.6442725, Longitude=-82.81766969444445, BrightnessTotal=0.6769802967719575, exposureTime=0.002598, xResolution=4000, yResolution=3000, SaturationTotalRed=0.6946183614379084, SaturationTotalGreen=0.6900421598039215, SaturationTotalBlue=0.4371667343137255, time=0.6332523148148148, GreenIndex=63.31302933333333, LAI=0.00808, Utility=512.8074255480398]"
33,108,"[39.64459030555555, -82.81507191666667]",/home/boubin/Images/Photos_20AUG2018/Center_Path/Images/134.6Feet/Sorte_1/DJI_0040.JPG,92,82,59,7,[],[],[],[],"[Latitude=39.64459030555555, Longitude=-82.81507191666667, BrightnessTotal=0.6409615618093605, exposureTime=0.002515, xResolution=4000, yResolution=3000, SaturationTotalRed=0.644677652614379, SaturationTotalGreen=0.6577890196078431, SaturationTotalBlue=0.414508741503268, time=0.6171643518518518, GreenIndex=65.36045866666667, LAI=0.05795733333333333, Utility=529.3866821030671]"
33,109,"[39.644700972222225, -82.81683930555555]",/home/boubin/Images/Photos_20AUG2018/Center_Path/Images/134.6Feet/Sorte_1/DJI_0117.JPG,19,27,39,76,[],[],[],[],"[Latitude=39.644700972222225, Longitude=-82.81683930555555, BrightnessTotal=0.6502562224854803, exposureTime=0.002396, xResolution=4000, yResolution=3000, SaturationTotalRed=0.668995561111111, SaturationTotalGreen=0.6631777735294118, SaturationTotalBlue=0.403428260130719, time=0.6320486111111111, GreenIndex=64.77725866666667, LAI=0.015909333333333334, Utility=524.6623810907423]"
33,110,"[39.64459016666667, -82.81757297222222]",/home/boubin/Images/Photos_20AUG2018/Center_Path/Images/134.6Feet/Sorte_1/DJI_0028.JPG,40,43,8,87,[],[],[],[],"[Latitude=39.64459016666667, Longitude=-82.81757297222222, BrightnessTotal=0.6409203623013552, exposureTime=0.002173, xResolution=4000, yResolution=3000, SaturationTotalRed=0.6681225879084968, SaturationTotalGreen=0.6514268911764706, SaturationTotalBlue=0.38288321045751633, time=0.6159259259259259, GreenIndex=64.302704, LAI=0.010682666666666667, Utility=520.8219487875136]"
33,111,"[39.6448075, -82.81819358333333]",/home/boubin/Images/Photos_20AUG2018/Center_Path/Images/134.6Feet/Sorte_1/DJI_0020.JPG,29,36,35,90,[],[],[],[],"[Latitude=39.6448075, Longitude=-82.81819358333333, BrightnessTotal=0.643370702645006, exposureTime=0.002138, xResolution=4000, yResolution=3000, SaturationTotalRed=0.6764016513071895, SaturationTotalGreen=0.6526283784313724, SaturationTotalBlue=0.3708176431372549, time=0.6150231481481482, GreenIndex=65.87309866666666, LAI=0.027488, Utility=533.5378798662714]"
33,112,"[39.644162277777774, -82.81465380555555]",/home/boubin/Images/Photos_20AUG2018/Center_Path/Images/134.6Feet/Sorte_1/DJI_0086.JPG,47,69,3,[],[],[],[],[],"[Latitude=39.644162277777774, Longitude=-82.81465380555555, BrightnessTotal=0.6525185820830878, exposureTime=0.002728, xResolution=4000, yResolution=3000, SaturationTotalRed=0.6510517343137255, SaturationTotalGreen=0.6711522683006537, SaturationTotalBlue=0.42651936470588236, time=0.6224652777777778, GreenIndex=67.51306666666666, LAI=0.07291733333333333, Utility=546.8163857508071]"
33,113,"[39.645129222222224, -82.81600580555555]",/home/boubin/Images/Photos_20AUG2018/Center_Path/Images/134.6Feet/Sorte_1/DJI_0108.JPG,20,34,81,68,[],[],[],[],"[Latitude=39.645129222222224, Longitude=-82.81600580555555, BrightnessTotal=0.6397139783431605, exposureTime=0.002245, xResolution=4000, yResolution=3000, SaturationTotalRed=0.6645382277777777, SaturationTotalGreen=0.6504599160130718, SaturationTotalBlue=0.39192062581699344, time=0.630462962962963, GreenIndex=62.39632533333333, LAI=0.02888, Utility=505.3833371237142]"
33,114,"[39.644807916666664, -82.81777566666666]",/home/boubin/Images/Photos_20AUG2018/Center_Path/Images/134.6Feet/Sorte_1/DJI_0018.JPG,36,8,52,40,[],[],[],[],"[Latitude=39.644807916666664, Longitude=-82.81777566666666, BrightnessTotal=0.6459145525492409, exposureTime=0.001798, xResolution=4000, yResolution=3000, SaturationTotalRed=0.7011063552287581, SaturationTotalGreen=0.6482770977124184, SaturationTotalBlue=0.3502134205882353, time=0.6148148148148148, GreenIndex=62.63125866666667, LAI=0.0011093333333333333, Utility=507.2882567684335]"
33,115,"[39.645552277777774, -82.81850202777777]",/home/boubin/Images/Photos_20AUG2018/Center_Path/Images/134.6Feet/Sorte_1/DJI_0101.JPG,[],79,[],126,[],[],[],[],"[Latitude=39.645552277777774, Longitude=-82.81850202777777, BrightnessTotal=0.6518447756993133, exposureTime=0.002115, xResolution=4000, yResolution=3000, SaturationTotalRed=0.6776039006535948, SaturationTotalGreen=0.6628320666666666, SaturationTotalBlue=0.39591380882352945, time=0.6292476851851851, GreenIndex=64.33780266666666, LAI=0.018181333333333334, Utility=521.1045311503336]"
33,116,"[39.64470022222222, -82.8160071111111]",/home/boubin/Images/Photos_20AUG2018/Center_Path/Images/134.6Feet/Sorte_1/DJI_0115.JPG,27,104,113,75,[],[],[],[],"[Latitude=39.64470022222222, Longitude=-82.8160071111111, BrightnessTotal=0.654161665751472, exposureTime=0.002529, xResolution=4000, yResolution=3000, SaturationTotalRed=0.6678533937908496, SaturationTotalGreen=0.667496598366013, SaturationTotalBlue=0.4297480218954248, time=0.6317013888888889, GreenIndex=60.549248, LAI=0.015141333333333333, Utility=490.4278668439962]"
33,117,"[39.64427252777778, -82.81600486111111]",/home/boubin/Images/Photos_20AUG2018/Center_Path/Images/134.6Feet/Sorte_1/DJI_0128.JPG,98,122,65,[],[],[],[],[],"[Latitude=39.64427252777778, Longitude=-82.81600486111111, BrightnessTotal=0.6474687531450034, exposureTime=0.001982, xResolution=4000, yResolution=3000, SaturationTotalRed=0.6774898300653595, SaturationTotalGreen=0.6583954797385622, SaturationTotalBlue=0.3650289496732026, time=0.6339699074074074, GreenIndex=70.023632, LAI=0.005386666666666666, Utility=567.1424771042168]"
33,118,"[39.64416425, -82.81819566666667]",/home/boubin/Images/Photos_20AUG2018/Center_Path/Images/134.6Feet/Sorte_1/DJI_0069.JPG,14,17,10,[],[],[],[],[],"[Latitude=39.64416425, Longitude=-82.81819566666667, BrightnessTotal=0.6199997925072357, exposureTime=0.002115, xResolution=4000, yResolution=3000, SaturationTotalRed=0.6339609954248366, SaturationTotalGreen=0.63416929248366, SaturationTotalBlue=0.3765227480392157, time=0.6205555555555555, GreenIndex=65.814208, LAI=0.05334933333333333, Utility=533.0591217919218]"
33,119,"[39.64416527777778, -82.81548869444444]",/home/boubin/Images/Photos_20AUG2018/Center_Path/Images/134.6Feet/Sorte_1/DJI_0082.JPG,101,4,93,[],[],[],[],[],"[Latitude=39.64416527777778, Longitude=-82.81548869444444, BrightnessTotal=0.654252863446566, exposureTime=0.001817, xResolution=4000, yResolution=3000, SaturationTotalRed=0.692969005882353, SaturationTotalGreen=0.6622280401960785, SaturationTotalBlue=0.36945672908496735, time=0.622025462962963, GreenIndex=66.88449066666666, LAI=0.003488, Utility=541.7266199981611]"
33,120,"[39.64416516666667, -82.81590194444445]",/home/boubin/Images/Photos_20AUG2018/Center_Path/Images/134.6Feet/Sorte_1/DJI_0080.JPG,95,101,75,[],[],[],[],[],"[Latitude=39.64416516666667, Longitude=-82.81590194444445, BrightnessTotal=0.6419183759457977, exposureTime=0.001722, xResolution=4000, yResolution=3000, SaturationTotalRed=0.6848289287581699, SaturationTotalGreen=0.6484911532679738, SaturationTotalBlue=0.35227779379084967, time=0.6218171296296297, GreenIndex=66.33710933333333, LAI=0.006112, Utility=537.2938003542056]"
33,121,"[39.64480147222222, -82.81860683333333]",/home/boubin/Images/Photos_20AUG2018/Center_Path/Images/134.6Feet/Sorte_1/DJI_0022.JPG,[],29,126,64,[],[],[],[],"[Latitude=39.64480147222222, Longitude=-82.81860683333333, BrightnessTotal=0.6189913294594885, exposureTime=0.002282, xResolution=4000, yResolution=3000, SaturationTotalRed=0.6359577673202614, SaturationTotalGreen=0.63203652875817, SaturationTotalBlue=0.376629518627451, time=0.6152662037037037, GreenIndex=64.193632, LAI=0.04738666666666667, Utility=519.9378807589392]"
33,122,"[39.644271833333335, -82.81558666666666]",/home/boubin/Images/Photos_20AUG2018/Center_Path/Images/134.6Feet/Sorte_1/DJI_0129.JPG,117,66,129,[],[],[],[],[],"[Latitude=39.644271833333335, Longitude=-82.81558666666666, BrightnessTotal=0.6770149408370383, exposureTime=0.00215, xResolution=4000, yResolution=3000, SaturationTotalRed=0.709258344117647, SaturationTotalGreen=0.686811837254902, SaturationTotalBlue=0.4051661183006536, time=0.6341435185185185, GreenIndex=66.122208, LAI=0.0006666666666666666, Utility=535.553501301634]"
33,123,"[39.64469963888889, -82.81809008333333]",/home/boubin/Images/Photos_20AUG2018/Center_Path/Images/134.6Feet/Sorte_1/DJI_0120.JPG,73,31,35,10,[],[],[],[],"[Latitude=39.64469963888889, Longitude=-82.81809008333333, BrightnessTotal=0.6694276223645873, exposureTime=0.002269, xResolution=4000, yResolution=3000, SaturationTotalRed=0.6968336107843137, SaturationTotalGreen=0.6805145212418301, SaturationTotalBlue=0.4041540843137255, time=0.6325462962962963, GreenIndex=66.40545066666667, LAI=0.010464, Utility=537.8468787516127]"
33,124,"[39.64416377777778, -82.81736519444443]",/home/boubin/Images/Photos_20AUG2018/Center_Path/Images/134.6Feet/Sorte_1/DJI_0073.JPG,45,9,94,[],[],[],[],[],"[Latitude=39.64416377777778, Longitude=-82.81736519444443, BrightnessTotal=0.6331785199177293, exposureTime=0.002059, xResolution=4000, yResolution=3000, SaturationTotalRed=0.6572282921568627, SaturationTotalGreen=0.6450718980392157, SaturationTotalBlue=0.3693785434640523, time=0.6209722222222223, GreenIndex=67.25864533333333, LAI=0.021648, Utility=544.7554421310307]"
33,125,"[39.644273166666665, -82.81808886111111]",/home/boubin/Images/Photos_20AUG2018/Center_Path/Images/134.6Feet/Sorte_1/DJI_0123.JPG,37,107,132,[],[],[],[],[],"[Latitude=39.644273166666665, Longitude=-82.81808886111111, BrightnessTotal=0.6603668980556341, exposureTime=0.002332, xResolution=4000, yResolution=3000, SaturationTotalRed=0.6826501908496732, SaturationTotalGreen=0.6729830918300654, SaturationTotalBlue=0.39884958986928104, time=0.6330671296296296, GreenIndex=67.452736, LAI=0.009109333333333334, Utility=546.3263987123411]"
33,126,"[39.64512475, -82.81850813888889]",/home/boubin/Images/Photos_20AUG2018/Center_Path/Images/134.6Feet/Sorte_1/DJI_0102.JPG,[],35,115,29,[],[],[],[],"[Latitude=39.64512475, Longitude=-82.81850813888889, BrightnessTotal=0.6529155902460317, exposureTime=0.002185, xResolution=4000, yResolution=3000, SaturationTotalRed=0.6738332921568628, SaturationTotalGreen=0.6661722225490196, SaturationTotalBlue=0.38761471045751633, time=0.6294097222222222, GreenIndex=69.07395733333334, LAI=0.013104, Utility=559.4538907359092]"
33,127,"[39.64528461111111, -82.81491436111111]",/home/boubin/Images/Photos_20AUG2018/Center_Path/Images/134.6Feet/Sorte_1/DJI_0089.JPG,39,[],74,28,[],[],[],[],"[Latitude=39.64528461111111, Longitude=-82.81491436111111, BrightnessTotal=0.6571917450504555, exposureTime=0.002104, xResolution=4000, yResolution=3000, SaturationTotalRed=0.6930573222222222, SaturationTotalGreen=0.6640247294117647, SaturationTotalBlue=0.4105234022875817, time=0.6230439814814814, GreenIndex=57.293504, LAI=0.010186666666666667, Utility=464.0670631664732]"
33,128,"[39.64480872222222, -82.81714963888888]",/home/boubin/Images/Photos_20AUG2018/Center_Path/Images/134.6Feet/Sorte_1/DJI_0015.JPG,30,61,25,38,[],[],[],[],"[Latitude=39.64480872222222, Longitude=-82.81714963888888, BrightnessTotal=0.6327400225766803, exposureTime=0.002047, xResolution=4000, yResolution=3000, SaturationTotalRed=0.6660600803921569, SaturationTotalGreen=0.6420741699346405, SaturationTotalBlue=0.3550583660130719, time=0.6144907407407407, GreenIndex=67.13574933333334, LAI=0.011589333333333333, Utility=543.7613030866606]"
33,129,"[39.644590388888886, -82.81549080555556]",/home/boubin/Images/Photos_20AUG2018/Center_Path/Images/134.6Feet/Sorte_1/DJI_0038.JPG,54,92,23,93,[],[],[],[],"[Latitude=39.644590388888886, Longitude=-82.81549080555556, BrightnessTotal=0.6318136716416589, exposureTime=0.002138, xResolution=4000, yResolution=3000, SaturationTotalRed=0.651342629738562, SaturationTotalGreen=0.6442839862745098, SaturationTotalBlue=0.38557736601307185, time=0.6169560185185186, GreenIndex=64.19317333333333, LAI=0.045488, Utility=519.9345008741693]"
33,130,"[39.64470125, -82.81517269444444]",/home/boubin/Images/Photos_20AUG2018/Center_Path/Images/134.6Feet/Sorte_1/DJI_0113.JPG,104,6,67,7,[],[],[],[],"[Latitude=39.64470125, Longitude=-82.81517269444444, BrightnessTotal=0.6478947147173579, exposureTime=0.002422, xResolution=4000, yResolution=3000, SaturationTotalRed=0.6623051323529412, SaturationTotalGreen=0.6615740035947713, SaturationTotalBlue=0.41331479183006536, time=0.6313310185185185, GreenIndex=63.12426133333334, LAI=0.016165333333333334, Utility=511.2778590367197]"
33,131,"[39.64416191666667, -82.81861708333334]",/home/boubin/Images/Photos_20AUG2018/Center_Path/Images/134.6Feet/Sorte_1/DJI_0067.JPG,[],14,71,[],[],[],[],[],"[Latitude=39.64416191666667, Longitude=-82.81861708333334, BrightnessTotal=0.6150745193975914, exposureTime=0.001867, xResolution=4000, yResolution=3000, SaturationTotalRed=0.6425894607843137, SaturationTotalGreen=0.6252519486928104, SaturationTotalBlue=0.35692955359477124, time=0.6203472222222223, GreenIndex=64.027696, LAI=0.021413333333333333, Utility=518.5931906888811]"
33,132,"[39.644590055555554, -82.81799033333333]",/home/boubin/Images/Photos_20AUG2018/Center_Path/Images/134.6Feet/Sorte_1/DJI_0026.JPG,90,40,36,105,[],[],[],[],"[Latitude=39.644590055555554, Longitude=-82.81799033333333, BrightnessTotal=0.6324912981911286, exposureTime=0.002004, xResolution=4000, yResolution=3000, SaturationTotalRed=0.6593198326797385, SaturationTotalGreen=0.6435681571895425, SaturationTotalBlue=0.36548807647058823, time=0.6157175925925926, GreenIndex=66.957424, LAI=0.019658666666666668, Utility=542.3172105110045]"
