33,1,"[39.648119055555554, -82.81768427777777]",/home/boubin/Images/Photos_20AUG2018/North_Path/Images/134.6Feet/Sorte_1/DJI_0010.JPG,53,37,[],64,[],[],[],[],"[Latitude=39.648119055555554, Longitude=-82.81768427777777, BrightnessTotal=0.6695884987801399, exposureTime=0.00257, xResolution=4000, yResolution=3000, SaturationTotalRed=0.6839464751633987, SaturationTotalGreen=0.6818835529411764, SaturationTotalBlue=0.4589336790849673, time=0.5078472222222222, GreenIndex=56.34002666666667, LAI=0.019434666666666666, Utility=456.366018230168]"
33,2,"[39.64640986111111, -82.81476491666666]",/home/boubin/Images/Photos_20AUG2018/North_Path/Images/134.6Feet/Sorte_1/DJI_0047.JPG,49,54,40,36,[],[],[],[],"[Latitude=39.64640986111111, Longitude=-82.81476491666666, BrightnessTotal=0.6575671818048356, exposureTime=0.001993, xResolution=4000, yResolution=3000, SaturationTotalRed=0.6934184205882353, SaturationTotalGreen=0.6643623022875816, SaturationTotalBlue=0.41165182614379087, time=0.5130787037037037, GreenIndex=57.05176, LAI=0.002848, Utility=462.12745392729033]"
33,3,"[39.64640861111111, -82.81559552777777]",/home/boubin/Images/Photos_20AUG2018/North_Path/Images/134.6Feet/Sorte_1/DJI_0049.JPG,27,49,18,5,[],[],[],[],"[Latitude=39.64640861111111, Longitude=-82.81559552777777, BrightnessTotal=0.6979939070603479, exposureTime=0.003557, xResolution=4000, yResolution=3000, SaturationTotalRed=0.7202376346405228, SaturationTotalGreen=0.7078918326797385, SaturationTotalBlue=0.4837205202614379, time=0.513425925925926, GreenIndex=54.035344, LAI=0.0014613333333333334, Utility=437.7051118476943]"
33,4,"[39.64769427777778, -82.81685294444443]",/home/boubin/Images/Photos_20AUG2018/North_Path/Images/134.6Feet/Sorte_1/DJI_0017.JPG,34,62,[],17,[],[],[],[],"[Latitude=39.64769427777778, Longitude=-82.81685294444443, BrightnessTotal=0.6598828457013726, exposureTime=0.003073, xResolution=4000, yResolution=3000, SaturationTotalRed=0.6766847418300653, SaturationTotalGreen=0.6713508284313725, SaturationTotalBlue=0.4480182388888889, time=0.5088888888888888, GreenIndex=55.62408533333333, LAI=0.009669333333333334, Utility=450.5682854890834]"
33,5,"[39.64598125, -82.81560102777777]",/home/boubin/Images/Photos_20AUG2018/North_Path/Images/134.6Feet/Sorte_1/DJI_0064.JPG,57,41,3,[],[],[],[],[],"[Latitude=39.64598125, Longitude=-82.81560102777777, BrightnessTotal=0.6594581838334707, exposureTime=0.002014, xResolution=4000, yResolution=3000, SaturationTotalRed=0.6907934637254902, SaturationTotalGreen=0.6687834921568628, SaturationTotalBlue=0.39882999836601307, time=0.5155671296296296, GreenIndex=63.278485333333336, LAI=0.001824, Utility=512.5458362125222]"
33,6,"[39.64811819444444, -82.81850947222222]",/home/boubin/Images/Photos_20AUG2018/North_Path/Images/134.6Feet/Sorte_1/DJI_0012.JPG,[],53,[],10,[],[],[],[],"[Latitude=39.64811819444444, Longitude=-82.81850947222222, BrightnessTotal=0.5268683339303336, exposureTime=0.001264, xResolution=4000, yResolution=3000, SaturationTotalRed=0.5454653196078432, SaturationTotalGreen=0.5327101565359478, SaturationTotalBlue=0.37949022875816996, time=0.5081828703703704, GreenIndex=35.915194666666665, LAI=0.01264, Utility=290.9762694734085]"
33,7,"[39.64641097222222, -82.81684041666666]",/home/boubin/Images/Photos_20AUG2018/North_Path/Images/134.6Feet/Sorte_1/DJI_0052.JPG,38,51,50,46,[],[],[],[],"[Latitude=39.64641097222222, Longitude=-82.81684041666666, BrightnessTotal=0.6835236616830431, exposureTime=0.002115, xResolution=4000, yResolution=3000, SaturationTotalRed=0.7159226284313726, SaturationTotalGreen=0.6935797156862745, SaturationTotalBlue=0.4071728294117647, time=0.5138194444444445, GreenIndex=67.364464, LAI=0.00019733333333333332, Utility=545.6320231357869]"
33,8,"[39.645286, -82.81492438888888]",/home/boubin/Images/Photos_20AUG2018/North_Path/Images/134.6Feet/Sorte_1/DJI_0068.JPG,25,[],36,[],[],[],[],[],"[Latitude=39.645286, Longitude=-82.81492438888888, BrightnessTotal=0.6609849873547758, exposureTime=0.005668, xResolution=4000, yResolution=3000, SaturationTotalRed=0.6883087522875817, SaturationTotalGreen=0.6691052228758171, SaturationTotalBlue=0.44326489281045756, time=0.5163194444444444, GreenIndex=52.718224, LAI=0.0051786666666666665, Utility=427.03790481733716]"
33,9,"[39.645981138888885, -82.81643211111111]",/home/boubin/Images/Photos_20AUG2018/North_Path/Images/134.6Feet/Sorte_1/DJI_0062.JPG,46,57,51,[],[],[],[],[],"[Latitude=39.645981138888885, Longitude=-82.81643211111111, BrightnessTotal=0.6510993463885101, exposureTime=0.003616, xResolution=4000, yResolution=3000, SaturationTotalRed=0.6754696071895425, SaturationTotalGreen=0.662420637254902, SaturationTotalBlue=0.3977941653594771, time=0.5152777777777777, GreenIndex=64.19203733333333, LAI=0.005296, Utility=519.9426782204595]"
33,10,"[39.64769511111111, -82.81851391666666]",/home/boubin/Images/Photos_20AUG2018/North_Path/Images/134.6Feet/Sorte_1/DJI_0013.JPG,[],31,6,12,[],[],[],[],"[Latitude=39.64769511111111, Longitude=-82.81851391666666, BrightnessTotal=0.6027057445901551, exposureTime=0.001759, xResolution=4000, yResolution=3000, SaturationTotalRed=0.6225385029411765, SaturationTotalGreen=0.6119781683006535, SaturationTotalBlue=0.40333564901960783, time=0.5083680555555555, GreenIndex=50.59142933333333, LAI=0.0067413333333333336, Utility=409.81544892126516]"
33,11,"[39.6476925, -82.81642525]",/home/boubin/Images/Photos_20AUG2018/North_Path/Images/134.6Feet/Sorte_1/DJI_0007.JPG,28,16,[],21,[],[],[],[],"[Latitude=39.6476925, Longitude=-82.81642525, BrightnessTotal=0.6465423369063464, exposureTime=0.002357, xResolution=4000, yResolution=3000, SaturationTotalRed=0.6658324176470588, SaturationTotalGreen=0.6577048156862746, SaturationTotalBlue=0.4246803297385621, time=0.5073148148148148, GreenIndex=57.38392, LAI=0.01032, Utility=464.81750241520234]"
33,12,"[39.647264444444446, -82.81851563888888]",/home/boubin/Images/Photos_20AUG2018/North_Path/Images/134.6Feet/Sorte_1/DJI_0034.JPG,[],58,10,43,[],[],[],[],"[Latitude=39.647264444444446, Longitude=-82.81851563888888, BrightnessTotal=0.5192104657516595, exposureTime=0.001098, xResolution=4000, yResolution=3000, SaturationTotalRed=0.5569963166666667, SaturationTotalGreen=0.5220198535947712, SaturationTotalBlue=0.3094045725490196, time=0.5111689814814815, GreenIndex=45.44517333333334, LAI=0.008608, Utility=368.14085834691315]"
33,13,"[39.64769288888889, -82.81518019444444]",/home/boubin/Images/Photos_20AUG2018/North_Path/Images/134.6Feet/Sorte_1/DJI_0021.JPG,61,63,20,67,[],[],[],[],"[Latitude=39.64769288888889, Longitude=-82.81518019444444, BrightnessTotal=0.6277245559865017, exposureTime=0.002025, xResolution=4000, yResolution=3000, SaturationTotalRed=0.6618883885620915, SaturationTotalGreen=0.6345163977124183, SaturationTotalBlue=0.3882972418300653, time=0.5094097222222222, GreenIndex=55.90157333333333, LAI=0.012117333333333334, Utility=452.8133847334813]"
33,14,"[39.647693305555556, -82.81726474999999]",/home/boubin/Images/Photos_20AUG2018/North_Path/Images/134.6Feet/Sorte_1/DJI_0016.JPG,64,4,[],22,[],[],[],[],"[Latitude=39.647693305555556, Longitude=-82.81726474999999, BrightnessTotal=0.6575444937016782, exposureTime=0.002627, xResolution=4000, yResolution=3000, SaturationTotalRed=0.6772120477124184, SaturationTotalGreen=0.6683091130718954, SaturationTotalBlue=0.4407889222222222, time=0.5087615740740741, GreenIndex=55.786576, LAI=0.01064, Utility=451.8838843083613]"
33,15,"[39.64683825, -82.81435280555556]",/home/boubin/Images/Photos_20AUG2018/North_Path/Images/134.6Feet/Sorte_1/DJI_0045.JPG,40,[],23,54,[],[],[],[],"[Latitude=39.64683825, Longitude=-82.81435280555556, BrightnessTotal=0.6465303525969515, exposureTime=0.002461, xResolution=4000, yResolution=3000, SaturationTotalRed=0.6636832591503268, SaturationTotalGreen=0.6586203147058823, SaturationTotalBlue=0.4219079934640523, time=0.5127314814814815, GreenIndex=59.07292266666666, LAI=0.0069173333333333335, Utility=478.49272744665694]"
33,16,"[39.64769344444444, -82.81601508333333]",/home/boubin/Images/Photos_20AUG2018/North_Path/Images/134.6Feet/Sorte_1/DJI_0019.JPG,11,61,37,60,[],[],[],[],"[Latitude=39.64769344444444, Longitude=-82.81601508333333, BrightnessTotal=0.6606801179398815, exposureTime=0.00257, xResolution=4000, yResolution=3000, SaturationTotalRed=0.6736450310457517, SaturationTotalGreen=0.6732711604575163, SaturationTotalBlue=0.45222973039215686, time=0.5091550925925926, GreenIndex=56.28810133333333, LAI=0.014021333333333334, Utility=455.94493455673836]"
33,17,"[39.647265527777776, -82.8168405]",/home/boubin/Images/Photos_20AUG2018/North_Path/Images/134.6Feet/Sorte_1/DJI_0030.JPG,22,21,28,50,[],[],[],[],"[Latitude=39.647265527777776, Longitude=-82.8168405, BrightnessTotal=0.6448898862219303, exposureTime=0.001993, xResolution=4000, yResolution=3000, SaturationTotalRed=0.6792367947712419, SaturationTotalGreen=0.6519957581699346, SaturationTotalBlue=0.40131275882352946, time=0.5106597222222222, GreenIndex=57.028362666666666, LAI=0.006202666666666667, Utility=461.93778694083113]"
33,18,"[39.647264722222225, -82.81559247222222]",/home/boubin/Images/Photos_20AUG2018/North_Path/Images/134.6Feet/Sorte_1/DJI_0027.JPG,60,67,61,3,[],[],[],[],"[Latitude=39.647264722222225, Longitude=-82.81559247222222, BrightnessTotal=0.650891932849884, exposureTime=0.002083, xResolution=4000, yResolution=3000, SaturationTotalRed=0.6869247993464052, SaturationTotalGreen=0.657551445751634, SaturationTotalBlue=0.40530148267973853, time=0.5102662037037037, GreenIndex=56.86445333333333, LAI=0.0014026666666666666, Utility=460.6109349213408]"
33,19,"[39.64641133333333, -82.81767627777778]",/home/boubin/Images/Photos_20AUG2018/North_Path/Images/134.6Feet/Sorte_1/DJI_0054.JPG,30,38,26,47,[],[],[],[],"[Latitude=39.64641133333333, Longitude=-82.81767627777778, BrightnessTotal=0.6900237033665826, exposureTime=0.002461, xResolution=4000, yResolution=3000, SaturationTotalRed=0.7089204160130719, SaturationTotalGreen=0.7044267888888889, SaturationTotalBlue=0.4223145055555556, time=0.5140740740740741, GreenIndex=70.852112, LAI=0.007605333333333334, Utility=573.8723583104379]"
33,20,"[39.648118527777775, -82.81517783333334]",/home/boubin/Images/Photos_20AUG2018/North_Path/Images/134.6Feet/Sorte_1/DJI_0004.JPG,29,24,[],13,[],[],[],[],"[Latitude=39.648118527777775, Longitude=-82.81517783333334, BrightnessTotal=0.6539795964082432, exposureTime=0.001877, xResolution=4000, yResolution=3000, SaturationTotalRed=0.700579444117647, SaturationTotalGreen=0.6574222794117648, SaturationTotalBlue=0.39761654248366013, time=0.5067708333333333, GreenIndex=55.25019733333333, LAI=0.0016053333333333334, Utility=447.5407244835781]"
33,21,"[39.647264416666665, -82.81642536111111]",/home/boubin/Images/Photos_20AUG2018/North_Path/Images/134.6Feet/Sorte_1/DJI_0029.JPG,17,60,11,59,[],[],[],[],"[Latitude=39.647264416666665, Longitude=-82.81642536111111, BrightnessTotal=0.6463031135797757, exposureTime=0.002092, xResolution=4000, yResolution=3000, SaturationTotalRed=0.6817524748366013, SaturationTotalGreen=0.6530702441176471, SaturationTotalBlue=0.4018737251633987, time=0.5105208333333333, GreenIndex=56.78208, LAI=0.0026293333333333333, Utility=459.9436857418476]"
33,22,"[39.647265833333336, -82.81725702777777]",/home/boubin/Images/Photos_20AUG2018/North_Path/Images/134.6Feet/Sorte_1/DJI_0031.JPG,35,17,34,65,[],[],[],[],"[Latitude=39.647265833333336, Longitude=-82.81725702777777, BrightnessTotal=0.6710293720908074, exposureTime=0.002233, xResolution=4000, yResolution=3000, SaturationTotalRed=0.6979556859477124, SaturationTotalGreen=0.6809675081699347, SaturationTotalBlue=0.4279034091503268, time=0.510787037037037, GreenIndex=60.210032, LAI=0.0054986666666666665, Utility=487.7015074816097]"
33,23,"[39.647267666666664, -82.81434947222222]",/home/boubin/Images/Photos_20AUG2018/North_Path/Images/134.6Feet/Sorte_1/DJI_0024.JPG,48,[],32,15,[],[],[],[],"[Latitude=39.647267666666664, Longitude=-82.81434947222222, BrightnessTotal=0.6606966737396264, exposureTime=0.002319, xResolution=4000, yResolution=3000, SaturationTotalRed=0.690263856862745, SaturationTotalGreen=0.6681294816993464, SaturationTotalBlue=0.44111980522875816, time=0.5098842592592593, GreenIndex=52.28653333333333, LAI=0.004016, Utility=423.5434595248028]"
33,24,"[39.64811733333333, -82.81476302777777]",/home/boubin/Images/Photos_20AUG2018/North_Path/Images/134.6Feet/Sorte_1/DJI_0003.JPG,20,45,[],63,[],[],[],[],"[Latitude=39.64811733333333, Longitude=-82.81476302777777, BrightnessTotal=0.6576293953021429, exposureTime=0.001982, xResolution=4000, yResolution=3000, SaturationTotalRed=0.6971412535947712, SaturationTotalGreen=0.6621701379084968, SaturationTotalBlue=0.4264544764705882, time=0.5066087962962963, GreenIndex=51.192304, LAI=0.0026186666666666667, Utility=414.6836475961777]"
33,25,"[39.645282305555554, -82.81496830555555]",/home/boubin/Images/Photos_20AUG2018/North_Path/Images/134.6Feet/Sorte_1/DJI_0001.JPG,[],8,41,[],[],[],[],[],"[Latitude=39.645282305555554, Longitude=-82.81496830555555, BrightnessTotal=0.6699196157589866, exposureTime=0.00215, xResolution=4000, yResolution=3000, SaturationTotalRed=0.7286695679738563, SaturationTotalGreen=0.6693907565359478, SaturationTotalBlue=0.40593134052287577, time=0.5060300925925926, GreenIndex=52.105472, LAI=0.0005706666666666667, Utility=422.0782603130401]"
33,26,"[39.64683575, -82.81768124999999]",/home/boubin/Images/Photos_20AUG2018/North_Path/Images/134.6Feet/Sorte_1/DJI_0037.JPG,33,65,35,19,[],[],[],[],"[Latitude=39.64683575, Longitude=-82.81768124999999, BrightnessTotal=0.6811020060850843, exposureTime=0.002127, xResolution=4000, yResolution=3000, SaturationTotalRed=0.7150249539215686, SaturationTotalGreen=0.690028037254902, SaturationTotalBlue=0.41434358725490195, time=0.5116319444444445, GreenIndex=63.93565866666667, LAI=0.0013173333333333333, Utility=517.8687346589026]"
33,27,"[39.64641063888889, -82.81601375]",/home/boubin/Images/Photos_20AUG2018/North_Path/Images/134.6Feet/Sorte_1/DJI_0050.JPG,51,3,42,57,[],[],[],[],"[Latitude=39.64641063888889, Longitude=-82.81601375, BrightnessTotal=0.660806909412546, exposureTime=0.004442, xResolution=4000, yResolution=3000, SaturationTotalRed=0.6747522486928105, SaturationTotalGreen=0.673327935620915, SaturationTotalBlue=0.4482271611111111, time=0.5135416666666667, GreenIndex=57.054474666666664, LAI=0.00248, Utility=462.149656367668]"
33,28,"[39.64769013888889, -82.81684166666666]",/home/boubin/Images/Photos_20AUG2018/North_Path/Images/134.6Feet/Sorte_1/DJI_0008.JPG,34,62,[],17,[],[],[],[],"[Latitude=39.64769013888889, Longitude=-82.81684166666666, BrightnessTotal=0.6588683193613735, exposureTime=0.00237, xResolution=4000, yResolution=3000, SaturationTotalRed=0.6819341055555556, SaturationTotalGreen=0.6691511970588235, SaturationTotalBlue=0.43096644215686275, time=0.5074768518518519, GreenIndex=57.51362666666667, LAI=0.009450666666666666, Utility=465.86830596220636]"
33,29,"[39.64811647222222, -82.81559202777777]",/home/boubin/Images/Photos_20AUG2018/North_Path/Images/134.6Feet/Sorte_1/DJI_0005.JPG,37,20,[],61,[],[],[],[],"[Latitude=39.64811647222222, Longitude=-82.81559202777777, BrightnessTotal=0.6708901863824323, exposureTime=0.002197, xResolution=4000, yResolution=3000, SaturationTotalRed=0.7057411294117647, SaturationTotalGreen=0.6788341094771242, SaturationTotalBlue=0.4136451950980392, time=0.5069328703703704, GreenIndex=60.792586666666665, LAI=0.008693333333333334, Utility=492.419100406902]"
33,30,"[39.64641038888889, -82.8180905]",/home/boubin/Images/Photos_20AUG2018/North_Path/Images/134.6Feet/Sorte_1/DJI_0055.JPG,56,19,33,39,[],[],[],[],"[Latitude=39.64641038888889, Longitude=-82.8180905, BrightnessTotal=0.6714211143016213, exposureTime=0.003227, xResolution=4000, yResolution=3000, SaturationTotalRed=0.7038204333333333, SaturationTotalGreen=0.6789168405228758, SaturationTotalBlue=0.4359317303921569, time=0.5142129629629629, GreenIndex=55.60829866666667, LAI=0.0008266666666666666, Utility=450.440059431211]"
33,31,"[39.64769663888889, -82.8180958611111]",/home/boubin/Images/Photos_20AUG2018/North_Path/Images/134.6Feet/Sorte_1/DJI_0014.JPG,10,64,53,58,[],[],[],[],"[Latitude=39.64769663888889, Longitude=-82.8180958611111, BrightnessTotal=0.6566072419716629, exposureTime=0.002927, xResolution=4000, yResolution=3000, SaturationTotalRed=0.6702062078431372, SaturationTotalGreen=0.6695543147058823, SaturationTotalBlue=0.4389862617647059, time=0.5084953703703704, GreenIndex=58.67085333333333, LAI=0.010208, Utility=475.23831574442227]"
33,32,"[39.64769669444444, -82.81434780555556]",/home/boubin/Images/Photos_20AUG2018/North_Path/Images/134.6Feet/Sorte_1/DJI_0023.JPG,63,[],45,23,[],[],[],[],"[Latitude=39.64769669444444, Longitude=-82.81434780555556, BrightnessTotal=0.6393747207470407, exposureTime=0.002025, xResolution=4000, yResolution=3000, SaturationTotalRed=0.6775607751633986, SaturationTotalGreen=0.6452690937908497, SaturationTotalBlue=0.3919500156862745, time=0.5096759259259259, GreenIndex=56.431424, LAI=0.012042666666666667, Utility=457.10415696784105]"
33,33,"[39.64683630555555, -82.8180961111111]",/home/boubin/Images/Photos_20AUG2018/North_Path/Images/134.6Feet/Sorte_1/DJI_0036.JPG,43,26,58,30,[],[],[],[],"[Latitude=39.64683630555555, Longitude=-82.8180961111111, BrightnessTotal=0.6467299868583275, exposureTime=0.001877, xResolution=4000, yResolution=3000, SaturationTotalRed=0.6892888960784314, SaturationTotalGreen=0.6524046588235295, SaturationTotalBlue=0.3766015277777778, time=0.5114930555555556, GreenIndex=60.98633066666667, LAI=0.0032906666666666666, Utility=493.9859051870348]"
33,34,"[39.647689972222224, -82.81725933333333]",/home/boubin/Images/Photos_20AUG2018/North_Path/Images/134.6Feet/Sorte_1/DJI_0009.JPG,64,4,[],22,[],[],[],[],"[Latitude=39.647689972222224, Longitude=-82.81725933333333, BrightnessTotal=0.6696548313547408, exposureTime=0.002699, xResolution=4000, yResolution=3000, SaturationTotalRed=0.6885375928104576, SaturationTotalGreen=0.6805806156862745, SaturationTotalBlue=0.45566810653594775, time=0.507650462962963, GreenIndex=55.342933333333335, LAI=0.008325333333333334, Utility=448.292421658973]"
33,35,"[39.647262777777776, -82.81767902777777]",/home/boubin/Images/Photos_20AUG2018/North_Path/Images/134.6Feet/Sorte_1/DJI_0032.JPG,58,22,64,26,[],[],[],[],"[Latitude=39.647262777777776, Longitude=-82.81767902777777, BrightnessTotal=0.6534486346151396, exposureTime=0.002092, xResolution=4000, yResolution=3000, SaturationTotalRed=0.6801943630718955, SaturationTotalGreen=0.6645314617647059, SaturationTotalBlue=0.3900599225490196, time=0.5109143518518519, GreenIndex=66.01797333333333, LAI=0.001392, Utility=534.7283415218423]"
33,36,"[39.64598327777778, -82.81476322222223]",/home/boubin/Images/Photos_20AUG2018/North_Path/Images/134.6Feet/Sorte_1/DJI_0066.JPG,41,66,2,8,[],[],[],[],"[Latitude=39.64598327777778, Longitude=-82.81476322222223, BrightnessTotal=0.673905017072596, exposureTime=0.005254, xResolution=4000, yResolution=3000, SaturationTotalRed=0.6884239568627452, SaturationTotalGreen=0.6857284176470588, SaturationTotalBlue=0.4697781245098039, time=0.5158912037037037, GreenIndex=54.397002666666666, LAI=0.0022986666666666667, Utility=440.6319877582415]"
33,37,"[39.64811613888889, -82.81601030555555]",/home/boubin/Images/Photos_20AUG2018/North_Path/Images/134.6Feet/Sorte_1/DJI_0006.JPG,1,29,[],16,[],[],[],[],"[Latitude=39.64811613888889, Longitude=-82.81601030555555, BrightnessTotal=0.6640803437593257, exposureTime=0.002422, xResolution=4000, yResolution=3000, SaturationTotalRed=0.6864179535947712, SaturationTotalGreen=0.6741372549019607, SaturationTotalBlue=0.44421527156862745, time=0.5071064814814815, GreenIndex=55.523472, LAI=0.014645333333333333, Utility=449.7540638209045]"
33,38,"[39.64640852777778, -82.81726383333333]",/home/boubin/Images/Photos_20AUG2018/North_Path/Images/134.6Feet/Sorte_1/DJI_0053.JPG,19,7,65,52,[],[],[],[],"[Latitude=39.64640852777778, Longitude=-82.81726383333333, BrightnessTotal=0.6502597028896093, exposureTime=0.00175, xResolution=4000, yResolution=3000, SaturationTotalRed=0.685916272875817, SaturationTotalGreen=0.6602078797385621, SaturationTotalBlue=0.3485787725490196, time=0.5139467592592593, GreenIndex=72.95313066666667, LAI=0.0009333333333333333, Utility=590.8825685304884]"
33,39,"[39.64598266666667, -82.81809877777778]",/home/boubin/Images/Photos_20AUG2018/North_Path/Images/134.6Feet/Sorte_1/DJI_0058.JPG,44,47,30,[],[],[],[],[],"[Latitude=39.64598266666667, Longitude=-82.81809877777778, BrightnessTotal=0.6655408005387004, exposureTime=0.001685, xResolution=4000, yResolution=3000, SaturationTotalRed=0.7017480630718954, SaturationTotalGreen=0.6741275441176471, SaturationTotalBlue=0.38806635588235294, time=0.5146759259259259, GreenIndex=65.94115733333334, LAI=0.0009813333333333334, Utility=534.1062702767571]"
33,40,"[39.64683947222222, -82.81476927777777]",/home/boubin/Images/Photos_20AUG2018/North_Path/Images/134.6Feet/Sorte_1/DJI_0044.JPG,55,15,48,2,[],[],[],[],"[Latitude=39.64683947222222, Longitude=-82.81476927777777, BrightnessTotal=0.6397610829912932, exposureTime=0.00288, xResolution=4000, yResolution=3000, SaturationTotalRed=0.6621058741830065, SaturationTotalGreen=0.649134404248366, SaturationTotalBlue=0.42828661339869284, time=0.5126041666666666, GreenIndex=53.05878933333333, LAI=0.001408, Utility=429.79510979871094]"
33,41,"[39.64598163888889, -82.81517905555555]",/home/boubin/Images/Photos_20AUG2018/North_Path/Images/134.6Feet/Sorte_1/DJI_0065.JPG,5,36,49,25,[],[],[],[],"[Latitude=39.64598163888889, Longitude=-82.81517905555555, BrightnessTotal=0.6405615786410832, exposureTime=0.002461, xResolution=4000, yResolution=3000, SaturationTotalRed=0.6737606336601307, SaturationTotalGreen=0.6489092794117647, SaturationTotalBlue=0.38248108235294115, time=0.5157175925925926, GreenIndex=61.638192, LAI=0.00040533333333333334, Utility=499.26319420145336]"
33,42,"[39.646840805555556, -82.81602074999999]",/home/boubin/Images/Photos_20AUG2018/North_Path/Images/134.6Feet/Sorte_1/DJI_0041.JPG,59,55,60,27,[],[],[],[],"[Latitude=39.646840805555556, Longitude=-82.81602074999999, BrightnessTotal=0.6556786484600081, exposureTime=0.002209, xResolution=4000, yResolution=3000, SaturationTotalRed=0.6748940218954248, SaturationTotalGreen=0.6672550846405229, SaturationTotalBlue=0.428572577124183, time=0.5121643518518518, GreenIndex=58.94448533333333, LAI=0.013658666666666666, Utility=477.4532777645776]"
33,43,"[39.646841305555554, -82.81851447222222]",/home/boubin/Images/Photos_20AUG2018/North_Path/Images/134.6Feet/Sorte_1/DJI_0035.JPG,[],33,12,56,[],[],[],[],"[Latitude=39.646841305555554, Longitude=-82.81851447222222, BrightnessTotal=0.655633008734255, exposureTime=0.00152, xResolution=4000, yResolution=3000, SaturationTotalRed=0.7047332888888889, SaturationTotalGreen=0.658580545751634, SaturationTotalBlue=0.39212751993464057, time=0.5113657407407407, GreenIndex=56.288416, LAI=0.0006133333333333334, Utility=455.94664798029106]"
33,44,"[39.64598525, -82.81851308333333]",/home/boubin/Images/Photos_20AUG2018/North_Path/Images/134.6Feet/Sorte_1/DJI_0057.JPG,[],39,56,[],[],[],[],[],"[Latitude=39.64598525, Longitude=-82.81851308333333, BrightnessTotal=0.671886836315022, exposureTime=0.001778, xResolution=4000, yResolution=3000, SaturationTotalRed=0.7227669218954248, SaturationTotalGreen=0.6742874382352941, SaturationTotalBlue=0.40878101732026145, time=0.514525462962963, GreenIndex=55.42901333333333, LAI=0.00043733333333333336, Utility=448.9882131170888]"
33,45,"[39.64811813888889, -82.81435322222222]",/home/boubin/Images/Photos_20AUG2018/North_Path/Images/134.6Feet/Sorte_1/DJI_0002.JPG,24,[],[],32,[],[],[],[],"[Latitude=39.64811813888889, Longitude=-82.81435322222222, BrightnessTotal=0.650125223469547, exposureTime=0.001929, xResolution=4000, yResolution=3000, SaturationTotalRed=0.6789825630718954, SaturationTotalGreen=0.6575070937908497, SaturationTotalBlue=0.434327864379085, time=0.5064467592592593, GreenIndex=51.47679466666666, LAI=0.004048, Utility=416.98693866132083]"
33,46,"[39.64598111111111, -82.81684894444444]",/home/boubin/Images/Photos_20AUG2018/North_Path/Images/134.6Feet/Sorte_1/DJI_0061.JPG,52,9,7,[],[],[],[],[],"[Latitude=39.64598111111111, Longitude=-82.81684894444444, BrightnessTotal=0.7008743065194925, exposureTime=0.002294, xResolution=4000, yResolution=3000, SaturationTotalRed=0.7392230078431373, SaturationTotalGreen=0.7093770676470589, SaturationTotalBlue=0.416710704248366, time=0.5151157407407407, GreenIndex=67.07388266666666, LAI=6.933333333333333e-05, Utility=543.2797432028433]"
33,47,"[39.64598136111111, -82.81768291666667]",/home/boubin/Images/Photos_20AUG2018/North_Path/Images/134.6Feet/Sorte_1/DJI_0059.JPG,39,52,19,[],[],[],[],[],"[Latitude=39.64598136111111, Longitude=-82.81768291666667, BrightnessTotal=0.7006105771245081, exposureTime=0.002788, xResolution=4000, yResolution=3000, SaturationTotalRed=0.7288500650326797, SaturationTotalGreen=0.7115509382352941, SaturationTotalBlue=0.4367999349673203, time=0.5148148148148148, GreenIndex=65.68509333333333, LAI=0.0015146666666666668, Utility=532.0346240462076]"
33,48,"[39.64726530555556, -82.81477002777777]",/home/boubin/Images/Photos_20AUG2018/North_Path/Images/134.6Feet/Sorte_1/DJI_0025.JPG,67,23,63,40,[],[],[],[],"[Latitude=39.64726530555556, Longitude=-82.81477002777777, BrightnessTotal=0.6449514175398706, exposureTime=0.002209, xResolution=4000, yResolution=3000, SaturationTotalRed=0.6743202784313725, SaturationTotalGreen=0.6532948862745098, SaturationTotalBlue=0.41057606633986926, time=0.510011574074074, GreenIndex=56.55876266666667, LAI=0.005850666666666666, Utility=458.13550996492995]"
33,49,"[39.64640986111111, -82.81517886111111]",/home/boubin/Images/Photos_20AUG2018/North_Path/Images/134.6Feet/Sorte_1/DJI_0048.JPG,3,2,55,41,[],[],[],[],"[Latitude=39.64640986111111, Longitude=-82.81517886111111, BrightnessTotal=0.6607841038662159, exposureTime=0.002788, xResolution=4000, yResolution=3000, SaturationTotalRed=0.6844144722222222, SaturationTotalGreen=0.6709973183006537, SaturationTotalBlue=0.430997539869281, time=0.5132523148148148, GreenIndex=57.806704, LAI=0.0007466666666666666, Utility=468.24054830239425]"
33,50,"[39.646838805555554, -82.81685258333333]",/home/boubin/Images/Photos_20AUG2018/North_Path/Images/134.6Feet/Sorte_1/DJI_0039.JPG,65,59,17,7,[],[],[],[],"[Latitude=39.646838805555554, Longitude=-82.81685258333333, BrightnessTotal=0.648941460084324, exposureTime=0.002713, xResolution=4000, yResolution=3000, SaturationTotalRed=0.6593874241830064, SaturationTotalGreen=0.6626133594771242, SaturationTotalBlue=0.4364324633986928, time=0.5118981481481482, GreenIndex=58.52082133333333, LAI=0.028474666666666665, Utility=474.0225799837869]"
33,51,"[39.64641097222222, -82.81642494444444]",/home/boubin/Images/Photos_20AUG2018/North_Path/Images/134.6Feet/Sorte_1/DJI_0051.JPG,7,27,59,9,[],[],[],[],"[Latitude=39.64641097222222, Longitude=-82.81642494444444, BrightnessTotal=0.6597048833754762, exposureTime=0.001759, xResolution=4000, yResolution=3000, SaturationTotalRed=0.703323770261438, SaturationTotalGreen=0.665085031372549, SaturationTotalBlue=0.38996237091503266, time=0.5136805555555556, GreenIndex=60.458624, LAI=0.000288, Utility=489.7132621434134]"
33,52,"[39.64598161111111, -82.81726688888888]",/home/boubin/Images/Photos_20AUG2018/North_Path/Images/134.6Feet/Sorte_1/DJI_0060.JPG,47,46,38,[],[],[],[],[],"[Latitude=39.64598161111111, Longitude=-82.81726688888888, BrightnessTotal=0.6654744377438311, exposureTime=0.002788, xResolution=4000, yResolution=3000, SaturationTotalRed=0.6999677457516339, SaturationTotalGreen=0.6746578166666667, SaturationTotalBlue=0.38842365130718953, time=0.5149652777777778, GreenIndex=66.56133333333334, LAI=0.000176, Utility=539.1278825935606]"
33,53,"[39.64811811111111, -82.81809397222221]",/home/boubin/Images/Photos_20AUG2018/North_Path/Images/134.6Feet/Sorte_1/DJI_0011.JPG,6,1,[],31,[],[],[],[],"[Latitude=39.64811811111111, Longitude=-82.81809397222221, BrightnessTotal=0.6328867742027472, exposureTime=0.002307, xResolution=4000, yResolution=3000, SaturationTotalRed=0.6530532774509804, SaturationTotalGreen=0.6443905571895425, SaturationTotalBlue=0.39915443692810454, time=0.5080092592592592, GreenIndex=60.37736533333333, LAI=0.015114666666666667, Utility=489.05506402220493]"
33,54,"[39.646413805555554, -82.81434908333333]",/home/boubin/Images/Photos_20AUG2018/North_Path/Images/134.6Feet/Sorte_1/DJI_0046.JPG,2,[],15,66,[],[],[],[],"[Latitude=39.646413805555554, Longitude=-82.81434908333333, BrightnessTotal=0.6539645102818409, exposureTime=0.001939, xResolution=4000, yResolution=3000, SaturationTotalRed=0.6901233683006536, SaturationTotalGreen=0.6596278111111111, SaturationTotalBlue=0.42406007516339866, time=0.5129282407407407, GreenIndex=52.33750933333334, LAI=0.0043946666666666665, Utility=423.95535605914114]"
33,55,"[39.64683813888889, -82.81518538888889]",/home/boubin/Images/Photos_20AUG2018/North_Path/Images/134.6Feet/Sorte_1/DJI_0043.JPG,42,40,67,49,[],[],[],[],"[Latitude=39.64683813888889, Longitude=-82.81518538888889, BrightnessTotal=0.6609033588756283, exposureTime=0.002344, xResolution=4000, yResolution=3000, SaturationTotalRed=0.6970695065359477, SaturationTotalGreen=0.6666850532679738, SaturationTotalBlue=0.42980633594771245, time=0.5124537037037037, GreenIndex=52.676976, LAI=0.00033066666666666666, Utility=426.7044793271118]"
33,56,"[39.64640997222222, -82.81850591666667]",/home/boubin/Images/Photos_20AUG2018/North_Path/Images/134.6Feet/Sorte_1/DJI_0056.JPG,[],30,43,44,[],[],[],[],"[Latitude=39.64640997222222, Longitude=-82.81850591666667, BrightnessTotal=0.6800101544629155, exposureTime=0.003245, xResolution=4000, yResolution=3000, SaturationTotalRed=0.7126654552287581, SaturationTotalGreen=0.6880461019607843, SaturationTotalBlue=0.4353376970588235, time=0.5143402777777778, GreenIndex=58.22797333333333, LAI=0.00032, Utility=471.6523288056308]"
33,57,"[39.64598263888889, -82.81601555555555]",/home/boubin/Images/Photos_20AUG2018/North_Path/Images/134.6Feet/Sorte_1/DJI_0063.JPG,9,5,27,[],[],[],[],[],"[Latitude=39.64598263888889, Longitude=-82.81601555555555, BrightnessTotal=0.6733481806946274, exposureTime=0.003986, xResolution=4000, yResolution=3000, SaturationTotalRed=0.6803040519607843, SaturationTotalGreen=0.6889100496732027, SaturationTotalBlue=0.4523326473856209, time=0.5154166666666666, GreenIndex=62.541824, LAI=0.0084, Utility=506.58184014540694]"
33,58,"[39.647266083333335, -82.81809436111111]",/home/boubin/Images/Photos_20AUG2018/North_Path/Images/134.6Feet/Sorte_1/DJI_0033.JPG,12,35,31,33,[],[],[],[],"[Latitude=39.647266083333335, Longitude=-82.81809436111111, BrightnessTotal=0.655170728843792, exposureTime=0.002115, xResolution=4000, yResolution=3000, SaturationTotalRed=0.6831103601307189, SaturationTotalGreen=0.6650109669934641, SaturationTotalBlue=0.40585687679738564, time=0.5110416666666666, GreenIndex=61.48366933333333, LAI=0.003973333333333333, Utility=498.01350599506435]"
33,59,"[39.646839166666666, -82.81643675]",/home/boubin/Images/Photos_20AUG2018/North_Path/Images/134.6Feet/Sorte_1/DJI_0040.JPG,50,42,21,51,[],[],[],[],"[Latitude=39.646839166666666, Longitude=-82.81643675, BrightnessTotal=0.6352532851729623, exposureTime=0.001993, xResolution=4000, yResolution=3000, SaturationTotalRed=0.6621125330065359, SaturationTotalGreen=0.6445537140522876, SaturationTotalBlue=0.39886648202614383, time=0.5120370370370371, GreenIndex=58.21658133333333, LAI=0.007845333333333333, Utility=471.55831485973425]"
33,60,"[39.64726611111111, -82.81601227777777]",/home/boubin/Images/Photos_20AUG2018/North_Path/Images/134.6Feet/Sorte_1/DJI_0028.JPG,21,18,16,42,[],[],[],[],"[Latitude=39.64726611111111, Longitude=-82.81601227777777, BrightnessTotal=0.6721303973640022, exposureTime=0.002282, xResolution=4000, yResolution=3000, SaturationTotalRed=0.7043896307189543, SaturationTotalGreen=0.6804119568627451, SaturationTotalBlue=0.42492054640522875, time=0.5103935185185186, GreenIndex=59.07706133333333, LAI=0.002250666666666667, Utility=478.52776984849424]"
33,61,"[39.647693249999996, -82.81559777777777]",/home/boubin/Images/Photos_20AUG2018/North_Path/Images/134.6Feet/Sorte_1/DJI_0020.JPG,16,13,29,18,[],[],[],[],"[Latitude=39.647693249999996, Longitude=-82.81559777777777, BrightnessTotal=0.6317555059117009, exposureTime=0.002221, xResolution=4000, yResolution=3000, SaturationTotalRed=0.6544603454248366, SaturationTotalGreen=0.6417105101307189, SaturationTotalBlue=0.4084001183006536, time=0.5092824074074074, GreenIndex=56.308736, LAI=0.017269333333333334, Utility=456.11052784893474]"
33,62,"[39.64769666666667, -82.81643438888888]",/home/boubin/Images/Photos_20AUG2018/North_Path/Images/134.6Feet/Sorte_1/DJI_0018.JPG,28,16,[],21,[],[],[],[],"[Latitude=39.64769666666667, Longitude=-82.81643438888888, BrightnessTotal=0.6294661907258412, exposureTime=0.002257, xResolution=4000, yResolution=3000, SaturationTotalRed=0.650719872875817, SaturationTotalGreen=0.6400050591503268, SaturationTotalBlue=0.4047775254901961, time=0.5090162037037037, GreenIndex=57.31067733333333, LAI=0.010864, Utility=464.22332720881735]"
33,63,"[39.64769411111111, -82.81476644444444]",/home/boubin/Images/Photos_20AUG2018/North_Path/Images/134.6Feet/Sorte_1/DJI_0022.JPG,13,32,24,48,[],[],[],[],"[Latitude=39.64769411111111, Longitude=-82.81476644444444, BrightnessTotal=0.6437575485158595, exposureTime=0.002197, xResolution=4000, yResolution=3000, SaturationTotalRed=0.6737424267973856, SaturationTotalGreen=0.6517374839869281, SaturationTotalBlue=0.41153512254901964, time=0.5095486111111112, GreenIndex=55.687152, LAI=0.011002666666666666, Utility=451.07797016564086]"
33,64,"[39.64769211111111, -82.81768469444444]",/home/boubin/Images/Photos_20AUG2018/North_Path/Images/134.6Feet/Sorte_1/DJI_0015.JPG,31,14,1,35,[],[],[],[],"[Latitude=39.64769211111111, Longitude=-82.81768469444444, BrightnessTotal=0.6393729057428436, exposureTime=0.002461, xResolution=4000, yResolution=3000, SaturationTotalRed=0.6574910542483661, SaturationTotalGreen=0.6512577549019608, SaturationTotalBlue=0.41188781699346405, time=0.5086226851851852, GreenIndex=59.48550933333333, LAI=0.016181333333333332, Utility=481.83381080949795]"
33,65,"[39.646838, -82.81726963888889]",/home/boubin/Images/Photos_20AUG2018/North_Path/Images/134.6Feet/Sorte_1/DJI_0038.JPG,26,50,22,38,[],[],[],[],"[Latitude=39.646838, Longitude=-82.81726963888889, BrightnessTotal=0.6495451387272658, exposureTime=0.002138, xResolution=4000, yResolution=3000, SaturationTotalRed=0.6773412457516339, SaturationTotalGreen=0.6591398101307189, SaturationTotalBlue=0.4044731869281046, time=0.5117708333333333, GreenIndex=60.33813333333333, LAI=0.008378666666666666, Utility=488.73755065850725]"
33,66,"[39.645986055555554, -82.81434366666666]",/home/boubin/Images/Photos_20AUG2018/North_Path/Images/134.6Feet/Sorte_1/DJI_0067.JPG,36,[],54,[],[],[],[],[],"[Latitude=39.645986055555554, Longitude=-82.81434366666666, BrightnessTotal=0.6612660974719856, exposureTime=0.004515, xResolution=4000, yResolution=3000, SaturationTotalRed=0.6778818392156862, SaturationTotalGreen=0.6696193990196079, SaturationTotalBlue=0.4954206820261438, time=0.5160185185185185, GreenIndex=42.361114666666666, LAI=0.0005333333333333334, Utility=343.1750689595868]"
33,67,"[39.64726586111111, -82.81518316666667]",/home/boubin/Images/Photos_20AUG2018/North_Path/Images/134.6Feet/Sorte_1/DJI_0026.JPG,18,48,13,55,[],[],[],[],"[Latitude=39.64726586111111, Longitude=-82.81518316666667, BrightnessTotal=0.6615735185868964, exposureTime=0.002245, xResolution=4000, yResolution=3000, SaturationTotalRed=0.693966066993464, SaturationTotalGreen=0.6691156333333332, SaturationTotalBlue=0.4243511503267974, time=0.5101388888888889, GreenIndex=56.149642666666665, LAI=0.0020213333333333333, Utility=454.8235792898404]"
