33,"[10,0]","[39.6472093, -82.8141896]",/data/chumley/tmp/Photos_01JUN2018//North_Path/Images/33.6Feet/Sorte_6/DJI_0003.JPG,"[9,0]","[11,0]","[10,1]",[],"['Links/Photos_01JUN2018_67', [5, 0]]",[],"['Links/Photos_02Aug2018_33', '[10, 0]']",[],"[Latitude=39.6472088056, Longitude=-82.8141928889, BrightnessTotal=0.931943561343, exposureTime=0.01, xResolution=4000, yResolution=3000, SaturationTotalRed=0.954173165686, SaturationTotalGreen=0.93057356634, SaturationTotalBlue=0.863626950654, time=0.589467592593, GreenIndex=11.235744, LAI=4.8e-05, Utility=91.14978827947246]"
33,"[10,1]","[39.6472093, -82.8142937]",/data/chumley/tmp/Photos_01JUN2018//North_Path/Images/33.6Feet/Sorte_6/DJI_0004.JPG,"[9,1]","[11,1]","[10,2]","[10,0]","['Links/Photos_01JUN2018_67', [5, 0]]",[],"['Links/Photos_02Aug2018_33', '[10, 1]']",[],"[Latitude=39.6472108611, Longitude=-82.81429575, BrightnessTotal=0.927625652143, exposureTime=0.01, xResolution=4000, yResolution=3000, SaturationTotalRed=0.952189086601, SaturationTotalGreen=0.925607202614, SaturationTotalBlue=0.857235344444, time=0.589560185185, GreenIndex=10.8467253333, LAI=3.2e-05, Utility=87.9996116452339]"
33,"[10,2]","[39.6472093, -82.8143979]",/data/chumley/tmp/Photos_01JUN2018//North_Path/Images/33.6Feet/Sorte_6/DJI_0005.JPG,"[9,2]","[11,2]","[10,3]","[10,1]","['Links/Photos_01JUN2018_67', [5, 1]]",[],"['Links/Photos_02Aug2018_33', '[10, 2]']",[],"[Latitude=39.6472112778, Longitude=-82.8143989444, BrightnessTotal=0.917314640482, exposureTime=0.01, xResolution=4000, yResolution=3000, SaturationTotalRed=0.942631205882, SaturationTotalGreen=0.915326488889, SaturationTotalBlue=0.843568494444, time=0.589641203704, GreenIndex=11.528832, LAI=2.66666666667e-05, Utility=93.52220766021523]"
33,"[10,3]","[39.6472093, -82.8145021]",/data/chumley/tmp/Photos_01JUN2018//North_Path/Images/33.6Feet/Sorte_6/DJI_0006.JPG,"[9,3]","[11,3]","[10,4]","[10,2]","['Links/Photos_01JUN2018_67', [5, 1]]",[],"['Links/Photos_02Aug2018_33', '[10, 3]']",[],"[Latitude=39.6472106944, Longitude=-82.8145036389, BrightnessTotal=0.936418778174, exposureTime=0.01, xResolution=4000, yResolution=3000, SaturationTotalRed=0.956763783333, SaturationTotalGreen=0.935620723856, SaturationTotalBlue=0.86922585817, time=0.589733796296, GreenIndex=11.7522666667, LAI=2.66666666667e-05, Utility=95.33233082974867]"
33,"[10,4]","[39.6472093, -82.8146062]",/data/chumley/tmp/Photos_01JUN2018//North_Path/Images/33.6Feet/Sorte_6/DJI_0007.JPG,"[9,4]","[11,4]","[10,5]","[10,3]","['Links/Photos_01JUN2018_67', [5, 2]]",[],"['Links/Photos_02Aug2018_33', '[10, 4]']",[],"[Latitude=39.6472096667, Longitude=-82.8146063056, BrightnessTotal=0.911220915827, exposureTime=0.01, xResolution=4000, yResolution=3000, SaturationTotalRed=0.936809799346, SaturationTotalGreen=0.909220504248, SaturationTotalBlue=0.836499273856, time=0.589814814815, GreenIndex=11.7021653333, LAI=0.000138666666667, Utility=94.92538647229661]"
33,"[10,5]","[39.6472093, -82.8147104]",/data/chumley/tmp/Photos_01JUN2018//North_Path/Images/33.6Feet/Sorte_6/DJI_0008.JPG,"[9,5]","[11,5]","[10,6]","[10,4]","['Links/Photos_01JUN2018_67', [5, 2]]",[],"['Links/Photos_02Aug2018_33', '[10, 5]']",[],"[Latitude=39.6472098889, Longitude=-82.8147116667, BrightnessTotal=0.929776901678, exposureTime=0.01, xResolution=4000, yResolution=3000, SaturationTotalRed=0.952062311765, SaturationTotalGreen=0.928447741503, SaturationTotalBlue=0.860785551961, time=0.589907407407, GreenIndex=11.423696, LAI=5.33333333333e-05, Utility=92.6714856531346]"
33,"[10,6]","[39.6472093, -82.8148146]",/data/chumley/tmp/Photos_01JUN2018//North_Path/Images/33.6Feet/Sorte_6/DJI_0009.JPG,"[9,6]","[11,6]","[10,7]","[10,5]","['Links/Photos_01JUN2018_67', [5, 3]]",[],"['Links/Photos_02Aug2018_33', '[10, 6]']",[],"[Latitude=39.6472106111, Longitude=-82.8148157778, BrightnessTotal=0.916348369866, exposureTime=0.01, xResolution=4000, yResolution=3000, SaturationTotalRed=0.941721320261, SaturationTotalGreen=0.914368834641, SaturationTotalBlue=0.842278966993, time=0.589988425926, GreenIndex=11.5908426667, LAI=0.000154666666667, Utility=94.02421305597548]"
33,"[10,7]","[39.6472093, -82.8149187]",/data/chumley/tmp/Photos_01JUN2018//North_Path/Images/33.6Feet/Sorte_6/DJI_0010.JPG,"[9,7]","[11,7]","[10,8]","[10,6]","['Links/Photos_01JUN2018_67', [5, 3]]",[],"['Links/Photos_02Aug2018_33', '[10, 7]']",[],"[Latitude=39.6472101667, Longitude=-82.8149198889, BrightnessTotal=0.930675874917, exposureTime=0.01, xResolution=4000, yResolution=3000, SaturationTotalRed=0.953022660458, SaturationTotalGreen=0.92928395719, SaturationTotalBlue=0.862135284641, time=0.590081018519, GreenIndex=11.2504266667, LAI=9.06666666667e-05, Utility=91.26851429843448]"
33,"[10,8]","[39.6472093, -82.8150229]",/data/chumley/tmp/Photos_01JUN2018//North_Path/Images/33.6Feet/Sorte_6/DJI_0011.JPG,"[9,8]","[11,8]","[10,9]","[10,7]","['Links/Photos_01JUN2018_67', [5, 4]]",[],"['Links/Photos_02Aug2018_33', '[10, 8]']",[],"[Latitude=39.6472101667, Longitude=-82.8150242222, BrightnessTotal=0.91287920127, exposureTime=0.01, xResolution=4000, yResolution=3000, SaturationTotalRed=0.938548114052, SaturationTotalGreen=0.910881163072, SaturationTotalBlue=0.837822315033, time=0.590162037037, GreenIndex=11.7874186667, LAI=0.000144, Utility=95.61571915105446]"
33,"[10,9]","[39.6472093, -82.8151271]",/data/chumley/tmp/Photos_01JUN2018//North_Path/Images/33.6Feet/Sorte_6/DJI_0012.JPG,"[9,9]","[11,9]","[10,10]","[10,8]","['Links/Photos_01JUN2018_67', [5, 4]]",[],"['Links/Photos_02Aug2018_33', '[10, 9]']",[],"[Latitude=39.6472097778, Longitude=-82.8151284444, BrightnessTotal=0.932028420762, exposureTime=0.01, xResolution=4000, yResolution=3000, SaturationTotalRed=0.953831338235, SaturationTotalGreen=0.930790328431, SaturationTotalBlue=0.86393814902, time=0.590243055556, GreenIndex=11.360736, LAI=0.000117333333333, Utility=92.16174723859798]"
33,"[10,10]","[39.6472093, -82.8152313]",/data/chumley/tmp/Photos_01JUN2018//North_Path/Images/33.6Feet/Sorte_6/DJI_0013.JPG,"[9,10]","[11,10]","[10,11]","[10,9]","['Links/Photos_01JUN2018_67', [5, 5]]",[],"['Links/Photos_02Aug2018_33', '[10, 10]']",[],"[Latitude=39.6472098611, Longitude=-82.8152324444, BrightnessTotal=0.935002997822, exposureTime=0.01, xResolution=4000, yResolution=3000, SaturationTotalRed=0.956413548366, SaturationTotalGreen=0.933749689869, SaturationTotalBlue=0.868623716667, time=0.590335648148, GreenIndex=11.0292746667, LAI=5.86666666667e-05, Utility=89.47798987599518]"
33,"[10,11]","[39.6472093, -82.8153354]",/data/chumley/tmp/Photos_01JUN2018//North_Path/Images/33.6Feet/Sorte_6/DJI_0014.JPG,"[9,11]","[11,11]","[10,12]","[10,10]","['Links/Photos_01JUN2018_67', [5, 5]]",[],"['Links/Photos_02Aug2018_33', '[10, 11]']",[],"[Latitude=39.6472093056, Longitude=-82.8153363333, BrightnessTotal=0.942062784593, exposureTime=0.01, xResolution=4000, yResolution=3000, SaturationTotalRed=0.961537959477, SaturationTotalGreen=0.941313618627, SaturationTotalBlue=0.877740979085, time=0.590416666667, GreenIndex=11.2349546667, LAI=8e-05, Utility=91.14374991317916]"
33,"[10,12]","[39.6472093, -82.8154396]",/data/chumley/tmp/Photos_01JUN2018//North_Path/Images/33.6Feet/Sorte_6/DJI_0015.JPG,"[9,12]","[11,12]","[10,13]","[10,11]","['Links/Photos_01JUN2018_67', [5, 6]]",[],"['Links/Photos_02Aug2018_33', '[10, 12]']",[],"[Latitude=39.6472100556, Longitude=-82.8154406667, BrightnessTotal=0.928186136234, exposureTime=0.01, xResolution=4000, yResolution=3000, SaturationTotalRed=0.950943923203, SaturationTotalGreen=0.926728041176, SaturationTotalBlue=0.85874897451, time=0.590509259259, GreenIndex=11.3593386667, LAI=0.000117333333333, Utility=92.15019806366324]"
33,"[10,13]","[39.6472093, -82.8155438]",/data/chumley/tmp/Photos_01JUN2018//North_Path/Images/33.6Feet/Sorte_6/DJI_0016.JPG,"[9,13]","[11,13]","[10,14]","[10,12]","['Links/Photos_01JUN2018_67', [5, 6]]",[],"['Links/Photos_02Aug2018_33', '[10, 13]']",[],"[Latitude=39.6472094722, Longitude=-82.8155445556, BrightnessTotal=0.941810716855, exposureTime=0.01, xResolution=4000, yResolution=3000, SaturationTotalRed=0.961681713725, SaturationTotalGreen=0.94098185915, SaturationTotalBlue=0.876819138235, time=0.590590277778, GreenIndex=11.2493973333, LAI=2.13333333333e-05, Utility=91.2606513571345]"
33,"[10,14]","[39.6472093, -82.8156479]",/data/chumley/tmp/Photos_01JUN2018//North_Path/Images/33.6Feet/Sorte_6/DJI_0017.JPG,"[9,14]","[11,14]","[10,15]","[10,13]","['Links/Photos_01JUN2018_67', [5, 7]]",[],"['Links/Photos_02Aug2018_33', '[10, 14]']",[],"[Latitude=39.6472093333, Longitude=-82.8156487778, BrightnessTotal=0.939414419149, exposureTime=0.01, xResolution=4000, yResolution=3000, SaturationTotalRed=0.959521224183, SaturationTotalGreen=0.938626578105, SaturationTotalBlue=0.873049222876, time=0.59068287037, GreenIndex=11.5902613333, LAI=3.73333333333e-05, Utility=94.02054345081142]"
33,"[10,15]","[39.6472093, -82.8157521]",/data/chumley/tmp/Photos_01JUN2018//North_Path/Images/33.6Feet/Sorte_6/DJI_0018.JPG,"[9,15]","[11,15]","[10,16]","[10,14]","['Links/Photos_01JUN2018_67', [5, 7]]",[],"['Links/Photos_02Aug2018_33', '[10, 15]']",[],"[Latitude=39.6472100278, Longitude=-82.8157533056, BrightnessTotal=0.938274936743, exposureTime=0.01, xResolution=4000, yResolution=3000, SaturationTotalRed=0.958926912418, SaturationTotalGreen=0.937448245098, SaturationTotalBlue=0.870204107516, time=0.590763888889, GreenIndex=11.8778186667, LAI=1.6e-05, Utility=96.34886472062736]"
33,"[10,16]","[39.6472093, -82.8158563]",/data/chumley/tmp/Photos_01JUN2018//North_Path/Images/33.6Feet/Sorte_6/DJI_0019.JPG,"[9,16]","[11,16]","[10,17]","[10,15]","['Links/Photos_01JUN2018_67', [5, 8]]",[],"['Links/Photos_02Aug2018_33', '[10, 16]']",[],"[Latitude=39.6472096111, Longitude=-82.8158579167, BrightnessTotal=0.939055457635, exposureTime=0.01, xResolution=4000, yResolution=3000, SaturationTotalRed=0.959697806209, SaturationTotalGreen=0.938206912745, SaturationTotalBlue=0.871264325817, time=0.590856481481, GreenIndex=11.80408, LAI=1.6e-05, Utility=95.75181543148223]"
33,"[10,17]","[39.6472093, -82.8159604]",/data/chumley/tmp/Photos_01JUN2018//North_Path/Images/33.6Feet/Sorte_6/DJI_0020.JPG,"[9,17]","[11,17]","[10,18]","[10,16]","['Links/Photos_01JUN2018_67', [5, 8]]",[],"['Links/Photos_02Aug2018_33', '[10, 17]']",[],"[Latitude=39.6472093611, Longitude=-82.8159611944, BrightnessTotal=0.945367270825, exposureTime=0.01, xResolution=4000, yResolution=3000, SaturationTotalRed=0.964005010458, SaturationTotalGreen=0.945008313072, SaturationTotalBlue=0.880052478431, time=0.5909375, GreenIndex=11.9185813333, LAI=1.6e-05, Utility=96.67925304384157]"
33,"[10,18]","[39.6472093, -82.8160646]",/data/chumley/tmp/Photos_01JUN2018//North_Path/Images/33.6Feet/Sorte_6/DJI_0021.JPG,"[9,18]","[11,18]","[10,19]","[10,17]","['Links/Photos_01JUN2018_67', [5, 9]]",[],"['Links/Photos_02Aug2018_33', '[10, 18]']",[],"[Latitude=39.6472084444, Longitude=-82.8160635556, BrightnessTotal=0.930936557706, exposureTime=0.01, xResolution=4000, yResolution=3000, SaturationTotalRed=0.953211386601, SaturationTotalGreen=0.92969204085, SaturationTotalBlue=0.861063271895, time=0.591030092593, GreenIndex=11.6796746667, LAI=2.66666666667e-05, Utility=94.74405539449882]"
33,"[10,19]","[39.6472093, -82.8161688]",/data/chumley/tmp/Photos_01JUN2018//North_Path/Images/33.6Feet/Sorte_6/DJI_0022.JPG,"[9,19]","[11,19]","[10,20]","[10,18]","['Links/Photos_01JUN2018_67', [5, 9]]",[],"['Links/Photos_02Aug2018_33', '[10, 19]']",[],"[Latitude=39.64720925, Longitude=-82.8161686389, BrightnessTotal=0.927884355712, exposureTime=0.01, xResolution=4000, yResolution=3000, SaturationTotalRed=0.951002822222, SaturationTotalGreen=0.926419176144, SaturationTotalBlue=0.857106730065, time=0.591111111111, GreenIndex=11.6053546667, LAI=4.26666666667e-05, Utility=94.14211033419714]"
33,"[10,20]","[39.6472093, -82.8162729]",/data/chumley/tmp/Photos_01JUN2018//North_Path/Images/33.6Feet/Sorte_6/DJI_0023.JPG,"[9,20]","[11,20]","[10,21]","[10,19]","['Links/Photos_01JUN2018_67', [5, 10]]",[],"['Links/Photos_02Aug2018_33', '[10, 20]']",[],"[Latitude=39.6472092778, Longitude=-82.8162716944, BrightnessTotal=0.9214849556, exposureTime=0.01, xResolution=4000, yResolution=3000, SaturationTotalRed=0.946248480392, SaturationTotalGreen=0.919581540523, SaturationTotalBlue=0.849013073529, time=0.591203703704, GreenIndex=11.406544, LAI=3.2e-05, Utility=92.53197752135354]"
33,"[10,21]","[39.6472093, -82.8163771]",/data/chumley/tmp/Photos_01JUN2018//North_Path/Images/33.6Feet/Sorte_6/DJI_0024.JPG,"[9,21]","[11,21]","[10,22]","[10,20]","['Links/Photos_01JUN2018_67', [5, 10]]",[],"['Links/Photos_02Aug2018_33', '[10, 21]']",[],"[Latitude=39.6472093889, Longitude=-82.8163773889, BrightnessTotal=0.935566284484, exposureTime=0.01, xResolution=4000, yResolution=3000, SaturationTotalRed=0.958691419608, SaturationTotalGreen=0.933703348693, SaturationTotalBlue=0.869149545752, time=0.591284722222, GreenIndex=10.2921013333, LAI=4.26666666667e-05, Utility=83.5088573443163]"
33,"[10,22]","[39.6472093, -82.8164813]",/data/chumley/tmp/Photos_01JUN2018//North_Path/Images/33.6Feet/Sorte_6/DJI_0025.JPG,"[9,22]","[11,22]","[10,23]","[10,21]","['Links/Photos_01JUN2018_67', [5, 11]]",[],"['Links/Photos_02Aug2018_33', '[10, 22]']",[],"[Latitude=39.6472084722, Longitude=-82.8164806111, BrightnessTotal=0.938855450902, exposureTime=0.01, xResolution=4000, yResolution=3000, SaturationTotalRed=0.96242449902, SaturationTotalGreen=0.936861550327, SaturationTotalBlue=0.872145493464, time=0.591377314815, GreenIndex=10.1387093333, LAI=3.2e-05, Utility=82.26696182104628]"
33,"[10,23]","[39.6472093, -82.8165855]",/data/chumley/tmp/Photos_01JUN2018//North_Path/Images/33.6Feet/Sorte_6/DJI_0026.JPG,"[9,23]","[11,23]","[10,24]","[10,22]","['Links/Photos_01JUN2018_67', [5, 11]]",[],"['Links/Photos_02Aug2018_33', '[10, 23]']",[],"[Latitude=39.6472092778, Longitude=-82.8165857778, BrightnessTotal=0.93786764604, exposureTime=0.01, xResolution=4000, yResolution=3000, SaturationTotalRed=0.963198847386, SaturationTotalGreen=0.935204007516, SaturationTotalBlue=0.871563576471, time=0.591458333333, GreenIndex=9.252896, LAI=0.0, Utility=75.09433524455734]"
33,"[10,24]","[39.6472093, -82.8166896]",/data/chumley/tmp/Photos_01JUN2018//North_Path/Images/33.6Feet/Sorte_6/DJI_0027.JPG,"[9,24]","[11,24]","[10,25]","[10,23]","['Links/Photos_01JUN2018_67', [5, 12]]",[],"['Links/Photos_02Aug2018_33', '[10, 24]']",[],"[Latitude=39.6472098333, Longitude=-82.8166886944, BrightnessTotal=0.918038401532, exposureTime=0.008741, xResolution=4000, yResolution=3000, SaturationTotalRed=0.898474527124, SaturationTotalGreen=0.926518089869, SaturationTotalBlue=0.899890339216, time=0.591550925926, GreenIndex=14.1267786667, LAI=0.00102933333333, Utility=114.55811049669865]"
33,"[10,25]","[39.6472093, -82.8167938]",/data/chumley/tmp/Photos_01JUN2018//North_Path/Images/33.6Feet/Sorte_6/DJI_0028.JPG,"[9,25]","[11,25]","[10,26]","[10,24]","['Links/Photos_01JUN2018_67', [5, 12]]",[],"['Links/Photos_02Aug2018_33', '[10, 25]']",[],"[Latitude=39.6472095278, Longitude=-82.8167946944, BrightnessTotal=0.948986955525, exposureTime=0.01, xResolution=4000, yResolution=3000, SaturationTotalRed=0.968443688889, SaturationTotalGreen=0.948518494444, SaturationTotalBlue=0.881696624183, time=0.591643518519, GreenIndex=12.143072, LAI=1.06666666667e-05, Utility=98.49704250448349]"
33,"[10,26]","[39.6472093, -82.816898]",/data/chumley/tmp/Photos_01JUN2018//North_Path/Images/33.6Feet/Sorte_6/DJI_0029.JPG,"[9,26]","[11,26]","[10,27]","[10,25]","['Links/Photos_01JUN2018_67', [5, 13]]",[],"['Links/Photos_02Aug2018_33', '[10, 26]']",[],"[Latitude=39.64720925, Longitude=-82.8168987778, BrightnessTotal=0.930668322658, exposureTime=0.01, xResolution=4000, yResolution=3000, SaturationTotalRed=0.954428195098, SaturationTotalGreen=0.928927749673, SaturationTotalBlue=0.860403945098, time=0.591724537037, GreenIndex=11.183456, LAI=9.06666666667e-05, Utility=90.72596983090772]"
33,"[10,27]","[39.6472093, -82.8170021]",/data/chumley/tmp/Photos_01JUN2018//North_Path/Images/33.6Feet/Sorte_6/DJI_0030.JPG,"[9,27]","[11,27]","[10,28]","[10,26]","['Links/Photos_01JUN2018_67', [5, 13]]",[],"['Links/Photos_02Aug2018_33', '[10, 27]']",[],"[Latitude=39.6472098056, Longitude=-82.8170033611, BrightnessTotal=0.920609711125, exposureTime=0.009741, xResolution=4000, yResolution=3000, SaturationTotalRed=0.946676796405, SaturationTotalGreen=0.918185731699, SaturationTotalBlue=0.848708642157, time=0.59181712963, GreenIndex=10.6406933333, LAI=0.000112, Utility=86.33062664786263]"
33,"[10,28]","[39.6472093, -82.8171063]",/data/chumley/tmp/Photos_01JUN2018//North_Path/Images/33.6Feet/Sorte_6/DJI_0031.JPG,"[9,28]","[11,28]","[10,29]","[10,27]","['Links/Photos_01JUN2018_67', [5, 14]]",[],"['Links/Photos_02Aug2018_33', '[10, 28]']",[],"[Latitude=39.6472095556, Longitude=-82.8171061944, BrightnessTotal=0.923134877098, exposureTime=0.009794, xResolution=4000, yResolution=3000, SaturationTotalRed=0.94954419281, SaturationTotalGreen=0.920396041503, SaturationTotalBlue=0.85335078268, time=0.591898148148, GreenIndex=9.848656, LAI=0.000128, Utility=79.91749581121721]"
33,"[10,29]","[39.6472093, -82.8172105]",/data/chumley/tmp/Photos_01JUN2018//North_Path/Images/33.6Feet/Sorte_6/DJI_0032.JPG,"[9,29]","[11,29]","[10,30]","[10,28]","['Links/Photos_01JUN2018_67', [5, 14]]",[],"['Links/Photos_02Aug2018_33', '[10, 29]']",[],"[Latitude=39.6472088611, Longitude=-82.8172106667, BrightnessTotal=0.925985966371, exposureTime=0.009636, xResolution=4000, yResolution=3000, SaturationTotalRed=0.952045172876, SaturationTotalGreen=0.923282385294, SaturationTotalBlue=0.857208331373, time=0.591990740741, GreenIndex=9.72182933333, LAI=4.26666666667e-05, Utility=78.8906883587355]"
33,"[10,30]","[39.6472093, -82.8173146]",/data/chumley/tmp/Photos_01JUN2018//North_Path/Images/33.6Feet/Sorte_6/DJI_0033.JPG,"[9,30]","[11,30]","[10,31]","[10,29]","['Links/Photos_01JUN2018_67', [5, 15]]",[],"['Links/Photos_02Aug2018_33', '[10, 30]']",[],"[Latitude=39.6472095, Longitude=-82.8173155278, BrightnessTotal=0.938059526303, exposureTime=0.01, xResolution=4000, yResolution=3000, SaturationTotalRed=0.960963428105, SaturationTotalGreen=0.936186817974, SaturationTotalBlue=0.872623115033, time=0.592083333333, GreenIndex=10.0834986667, LAI=1.6e-05, Utility=81.81976479330658]"
33,"[10,31]","[39.6472093, -82.8174188]",/data/chumley/tmp/Photos_01JUN2018//North_Path/Images/33.6Feet/Sorte_6/DJI_0034.JPG,"[9,31]","[11,31]","[10,32]","[10,30]","['Links/Photos_01JUN2018_67', [5, 15]]",[],"['Links/Photos_02Aug2018_33', '[10, 31]']",[],"[Latitude=39.6472092222, Longitude=-82.8174192222, BrightnessTotal=0.92735604076, exposureTime=0.01, xResolution=4000, yResolution=3000, SaturationTotalRed=0.95139032451, SaturationTotalGreen=0.925644687908, SaturationTotalBlue=0.855675961765, time=0.592164351852, GreenIndex=11.4716266667, LAI=8.53333333333e-05, Utility=93.05909440291032]"
33,"[10,32]","[39.6472093, -82.817523]",/data/chumley/tmp/Photos_01JUN2018//North_Path/Images/33.6Feet/Sorte_6/DJI_0035.JPG,"[9,32]","[11,32]","[10,33]","[10,31]","['Links/Photos_01JUN2018_67', [5, 16]]",[],"['Links/Photos_02Aug2018_33', '[10, 32]']",[],"[Latitude=39.6472101667, Longitude=-82.8175236389, BrightnessTotal=0.93917918231, exposureTime=0.01, xResolution=4000, yResolution=3000, SaturationTotalRed=0.959457769935, SaturationTotalGreen=0.938515081373, SaturationTotalBlue=0.87078962451, time=0.592256944444, GreenIndex=12.083984, LAI=4.26666666667e-05, Utility=98.01801749905965]"
33,"[10,33]","[39.6472093, -82.8176271]",/data/chumley/tmp/Photos_01JUN2018//North_Path/Images/33.6Feet/Sorte_6/DJI_0036.JPG,"[9,33]","[11,33]","[10,34]","[10,32]","['Links/Photos_01JUN2018_67', [5, 16]]",[],"['Links/Photos_02Aug2018_33', '[10, 33]']",[],"[Latitude=39.64721025, Longitude=-82.8176263611, BrightnessTotal=0.929470067727, exposureTime=0.01, xResolution=4000, yResolution=3000, SaturationTotalRed=0.951432560458, SaturationTotalGreen=0.928351047386, SaturationTotalBlue=0.859438913725, time=0.592337962963, GreenIndex=11.8909066667, LAI=3.2e-05, Utility=96.45415012279747]"
33,"[10,34]","[39.6472093, -82.8177313]",/data/chumley/tmp/Photos_01JUN2018//North_Path/Images/33.6Feet/Sorte_6/DJI_0037.JPG,"[9,34]","[11,34]","[10,35]","[10,33]","['Links/Photos_01JUN2018_67', [5, 17]]",[],"['Links/Photos_02Aug2018_33', '[10, 34]']",[],"[Latitude=39.6472097222, Longitude=-82.8177310278, BrightnessTotal=0.913503138984, exposureTime=0.01, xResolution=4000, yResolution=3000, SaturationTotalRed=0.939156344771, SaturationTotalGreen=0.911255610131, SaturationTotalBlue=0.841262941503, time=0.592430555556, GreenIndex=10.9378613333, LAI=2.66666666667e-05, Utility=88.73639600406669]"
33,"[10,35]","[39.6472093, -82.8178355]",/data/chumley/tmp/Photos_01JUN2018//North_Path/Images/33.6Feet/Sorte_6/DJI_0038.JPG,"[9,35]","[11,35]","[10,36]","[10,34]","['Links/Photos_01JUN2018_67', [5, 17]]",[],"['Links/Photos_02Aug2018_33', '[10, 35]']",[],"[Latitude=39.6472085, Longitude=-82.8178355833, BrightnessTotal=0.928801695607, exposureTime=0.01, xResolution=4000, yResolution=3000, SaturationTotalRed=0.952493339542, SaturationTotalGreen=0.92674282451, SaturationTotalBlue=0.862281325817, time=0.592523148148, GreenIndex=10.068448, LAI=1.06666666667e-05, Utility=81.6973721426213]"
33,"[10,36]","[39.6472093, -82.8179397]",/data/chumley/tmp/Photos_01JUN2018//North_Path/Images/33.6Feet/Sorte_6/DJI_0039.JPG,"[9,36]","[11,36]","[10,37]","[10,35]","['Links/Photos_01JUN2018_67', [5, 18]]",[],"['Links/Photos_02Aug2018_33', '[10, 36]']",[],"[Latitude=39.6472082778, Longitude=-82.8179396944, BrightnessTotal=0.916471430512, exposureTime=0.009901, xResolution=4000, yResolution=3000, SaturationTotalRed=0.940371747059, SaturationTotalGreen=0.914721791503, SaturationTotalBlue=0.845690572222, time=0.592604166667, GreenIndex=11.2733706667, LAI=0.000106666666667, Utility=91.45318851634802]"
33,"[10,37]","[39.6472093, -82.8180438]",/data/chumley/tmp/Photos_01JUN2018//North_Path/Images/33.6Feet/Sorte_6/DJI_0040.JPG,"[9,37]","[11,37]","[10,38]","[10,36]","['Links/Photos_01JUN2018_67', [5, 18]]",[],"['Links/Photos_02Aug2018_33', '[10, 37]']",[],"[Latitude=39.6472099722, Longitude=-82.8180429444, BrightnessTotal=0.92210176278, exposureTime=0.009847, xResolution=4000, yResolution=3000, SaturationTotalRed=0.943807285621, SaturationTotalGreen=0.921083587582, SaturationTotalBlue=0.851940989869, time=0.592696759259, GreenIndex=12.06512, LAI=5.86666666667e-05, Utility=97.86436600782373]"
33,"[10,38]","[39.6472093, -82.818148]",/data/chumley/tmp/Photos_01JUN2018//North_Path/Images/33.6Feet/Sorte_6/DJI_0041.JPG,"[9,38]","[11,38]","[10,39]","[10,37]","['Links/Photos_01JUN2018_67', [5, 19]]",[],"['Links/Photos_02Aug2018_33', '[10, 38]']",[],"[Latitude=39.6472089444, Longitude=-82.8181475556, BrightnessTotal=0.91935144249, exposureTime=0.00943, xResolution=4000, yResolution=3000, SaturationTotalRed=0.942330718627, SaturationTotalGreen=0.917850306863, SaturationTotalBlue=0.849478873529, time=0.592789351852, GreenIndex=11.4173653333, LAI=8e-05, Utility=92.61924907278905]"
33,"[10,39]","[39.6472093, -82.8182522]",/data/chumley/tmp/Photos_01JUN2018//North_Path/Images/33.6Feet/Sorte_6/DJI_0042.JPG,"[9,39]","[11,39]","[10,40]","[10,38]","['Links/Photos_01JUN2018_67', [5, 19]]",[],"['Links/Photos_02Aug2018_33', '[10, 39]']",[],"[Latitude=39.6472093611, Longitude=-82.8182510833, BrightnessTotal=0.918794738719, exposureTime=0.009178, xResolution=4000, yResolution=3000, SaturationTotalRed=0.942709353922, SaturationTotalGreen=0.916700868954, SaturationTotalBlue=0.851741942484, time=0.59287037037, GreenIndex=10.1100586667, LAI=4.8e-05, Utility=82.03375543055964]"
33,"[10,40]","[39.6472093, -82.8183563]",/data/chumley/tmp/Photos_01JUN2018//North_Path/Images/33.6Feet/Sorte_6/DJI_0043.JPG,"[9,40]","[11,40]","[10,41]","[10,39]","['Links/Photos_01JUN2018_67', [5, 20]]",[],"['Links/Photos_02Aug2018_33', '[10, 40]']",[],"[Latitude=39.6472090833, Longitude=-82.8183551667, BrightnessTotal=0.884358133632, exposureTime=0.007154, xResolution=4000, yResolution=3000, SaturationTotalRed=0.917485399346, SaturationTotalGreen=0.879021686275, SaturationTotalBlue=0.816188990196, time=0.592962962963, GreenIndex=6.41506666667, LAI=5.33333333333e-05, Utility=52.11314314078908]"
33,"[10,41]","[39.6472093, -82.8184605]",/data/chumley/tmp/Photos_01JUN2018//North_Path/Images/33.6Feet/Sorte_6/DJI_0044.JPG,"[9,41]","[11,41]","[10,42]","[10,40]","['Links/Photos_01JUN2018_67', [5, 20]]",[],"['Links/Photos_02Aug2018_33', '[10, 41]']",[],"[Latitude=39.6472088333, Longitude=-82.81846, BrightnessTotal=0.909262624113, exposureTime=0.007972, xResolution=4000, yResolution=3000, SaturationTotalRed=0.903423706536, SaturationTotalGreen=0.915217238562, SaturationTotalBlue=0.868257877778, time=0.593043981481, GreenIndex=15.1166506667, LAI=0.000965333333333, Utility=122.57250586045015]"
33,"[10,42]","[39.6472093, -82.8185647]",/data/chumley/tmp/Photos_01JUN2018//North_Path/Images/33.6Feet/Sorte_6/DJI_0045.JPG,"[9,42]","[11,42]","[10,43]","[10,41]","['Links/Photos_01JUN2018_67', [5, 21]]",[],"['Links/Photos_02Aug2018_33', '[10, 42]']",[],"[Latitude=39.6472078333, Longitude=-82.8185636944, BrightnessTotal=0.929401294077, exposureTime=0.00903, xResolution=4000, yResolution=3000, SaturationTotalRed=0.920443614706, SaturationTotalGreen=0.936085695425, SaturationTotalBlue=0.892076303595, time=0.593136574074, GreenIndex=15.3734826667, LAI=0.00064, Utility=124.65309105031963]"
33,"[10,43]","[39.6472093, -82.8186688]",/data/chumley/tmp/Photos_01JUN2018//North_Path/Images/33.6Feet/Sorte_6/DJI_0046.JPG,"[9,43]","[11,43]",[],"[10,42]","['Links/Photos_01JUN2018_67', [5, 21]]",[],"['Links/Photos_02Aug2018_33', '[10, 43]']",[],"[Latitude=39.6472097222, Longitude=-82.8186671944, BrightnessTotal=0.954872324758, exposureTime=0.01, xResolution=4000, yResolution=3000, SaturationTotalRed=0.950357956536, SaturationTotalGreen=0.96219514085, SaturationTotalBlue=0.894208904902, time=0.593229166667, GreenIndex=20.465728, LAI=6.93333333333e-05, Utility=165.88692142221228]"
33,"[11,0]","[39.6471023, -82.8141896]",/data/chumley/tmp/Photos_01JUN2018//North_Path/Images/33.6Feet/Sorte_6/DJI_0090.JPG,"[10,0]","[12,0]","[11,1]",[],"['Links/Photos_01JUN2018_67', [5, 0]]",[],"['Links/Photos_02Aug2018_33', '[11, 0]']",[],"[Latitude=39.6471014167, Longitude=-82.8141914444, BrightnessTotal=0.931688531805, exposureTime=0.01, xResolution=4000, yResolution=3000, SaturationTotalRed=0.950518746732, SaturationTotalGreen=0.931670055229, SaturationTotalBlue=0.861847697712, time=0.597141203704, GreenIndex=13.2058186667, LAI=5.33333333333e-05, Utility=107.1005258681863]"
33,"[11,1]","[39.6471023, -82.8142937]",/data/chumley/tmp/Photos_01JUN2018//North_Path/Images/33.6Feet/Sorte_6/DJI_0089.JPG,"[10,1]","[12,1]","[11,2]","[11,0]","['Links/Photos_01JUN2018_67', [5, 0]]",[],"['Links/Photos_02Aug2018_33', '[11, 1]']",[],"[Latitude=39.6471018056, Longitude=-82.8142953333, BrightnessTotal=0.925161161243, exposureTime=0.01, xResolution=4000, yResolution=3000, SaturationTotalRed=0.945171081699, SaturationTotalGreen=0.924803624183, SaturationTotalBlue=0.854403400327, time=0.597048611111, GreenIndex=12.945056, LAI=9.6e-05, Utility=104.98878452929324]"
33,"[11,2]","[39.6471023, -82.8143979]",/data/chumley/tmp/Photos_01JUN2018//North_Path/Images/33.6Feet/Sorte_6/DJI_0088.JPG,"[10,2]","[12,2]","[11,3]","[11,1]","['Links/Photos_01JUN2018_67', [5, 1]]",[],"['Links/Photos_02Aug2018_33', '[11, 2]']",[],"[Latitude=39.6471018611, Longitude=-82.8144001111, BrightnessTotal=0.930810268355, exposureTime=0.01, xResolution=4000, yResolution=3000, SaturationTotalRed=0.948311655882, SaturationTotalGreen=0.931040334967, SaturationTotalBlue=0.863422675163, time=0.596956018519, GreenIndex=13.04008, LAI=0.000117333333333, Utility=105.75851081053196]"
33,"[11,3]","[39.6471023, -82.8145021]",/data/chumley/tmp/Photos_01JUN2018//North_Path/Images/33.6Feet/Sorte_6/DJI_0087.JPG,"[10,3]","[12,3]","[11,4]","[11,2]","['Links/Photos_01JUN2018_67', [5, 1]]",[],"['Links/Photos_02Aug2018_33', '[11, 3]']",[],"[Latitude=39.6471021111, Longitude=-82.8145049444, BrightnessTotal=0.921068636191, exposureTime=0.01, xResolution=4000, yResolution=3000, SaturationTotalRed=0.941800926471, SaturationTotalGreen=0.920312179739, SaturationTotalBlue=0.851846627451, time=0.596863425926, GreenIndex=12.1566773333, LAI=0.000128, Utility=98.60499781719605]"
33,"[11,4]","[39.6471023, -82.8146062]",/data/chumley/tmp/Photos_01JUN2018//North_Path/Images/33.6Feet/Sorte_6/DJI_0086.JPG,"[10,4]","[12,4]","[11,5]","[11,3]","['Links/Photos_01JUN2018_67', [5, 2]]",[],"['Links/Photos_02Aug2018_33', '[11, 4]']",[],"[Latitude=39.6471025, Longitude=-82.8146093333, BrightnessTotal=0.928940381774, exposureTime=0.01, xResolution=4000, yResolution=3000, SaturationTotalRed=0.947630181046, SaturationTotalGreen=0.928608281699, SaturationTotalBlue=0.863074199346, time=0.596782407407, GreenIndex=12.071504, LAI=0.000117333333333, Utility=97.915744823152]"
33,"[11,5]","[39.6471023, -82.8147104]",/data/chumley/tmp/Photos_01JUN2018//North_Path/Images/33.6Feet/Sorte_6/DJI_0085.JPG,"[10,5]","[12,5]","[11,6]","[11,4]","['Links/Photos_01JUN2018_67', [5, 2]]",[],"['Links/Photos_02Aug2018_33', '[11, 5]']",[],"[Latitude=39.6471020278, Longitude=-82.8147133333, BrightnessTotal=0.921666383937, exposureTime=0.01, xResolution=4000, yResolution=3000, SaturationTotalRed=0.941258799673, SaturationTotalGreen=0.921328597712, SaturationTotalBlue=0.852313050327, time=0.596689814815, GreenIndex=12.7215253333, LAI=8.53333333333e-05, Utility=103.17871608585605]"
33,"[11,6]","[39.6471023, -82.8148146]",/data/chumley/tmp/Photos_01JUN2018//North_Path/Images/33.6Feet/Sorte_6/DJI_0084.JPG,"[10,6]","[12,6]","[11,7]","[11,5]","['Links/Photos_01JUN2018_67', [5, 3]]",[],"['Links/Photos_02Aug2018_33', '[11, 6]']",[],"[Latitude=39.6471021389, Longitude=-82.8148182778, BrightnessTotal=0.918725040226, exposureTime=0.00943, xResolution=4000, yResolution=3000, SaturationTotalRed=0.940855604902, SaturationTotalGreen=0.917470626144, SaturationTotalBlue=0.849475546732, time=0.596597222222, GreenIndex=11.5574346667, LAI=0.000149333333333, Utility=93.75276679476937]"
33,"[11,7]","[39.6471023, -82.8149187]",/data/chumley/tmp/Photos_01JUN2018//North_Path/Images/33.6Feet/Sorte_6/DJI_0083.JPG,"[10,7]","[12,7]","[11,8]","[11,6]","['Links/Photos_01JUN2018_67', [5, 3]]",[],"['Links/Photos_02Aug2018_33', '[11, 7]']",[],"[Latitude=39.6471031389, Longitude=-82.8149230556, BrightnessTotal=0.933730572216, exposureTime=0.01, xResolution=4000, yResolution=3000, SaturationTotalRed=0.953009085294, SaturationTotalGreen=0.933031326471, SaturationTotalBlue=0.86960054183, time=0.596516203704, GreenIndex=11.2703093333, LAI=6.4e-05, Utility=91.42863029875434]"
33,"[11,8]","[39.6471023, -82.8150229]",/data/chumley/tmp/Photos_01JUN2018//North_Path/Images/33.6Feet/Sorte_6/DJI_0082.JPG,"[10,8]","[12,8]","[11,9]","[11,7]","['Links/Photos_01JUN2018_67', [5, 4]]",[],"['Links/Photos_02Aug2018_33', '[11, 8]']",[],"[Latitude=39.6471025833, Longitude=-82.8150263056, BrightnessTotal=0.932101751019, exposureTime=0.009954, xResolution=4000, yResolution=3000, SaturationTotalRed=0.95257780915, SaturationTotalGreen=0.930784078758, SaturationTotalBlue=0.870050066993, time=0.596423611111, GreenIndex=10.1073546667, LAI=5.86666666667e-05, Utility=82.0119507019088]"
33,"[11,9]","[39.6471023, -82.8151271]",/data/chumley/tmp/Photos_01JUN2018//North_Path/Images/33.6Feet/Sorte_6/DJI_0081.JPG,"[10,9]","[12,9]","[11,10]","[11,8]","['Links/Photos_01JUN2018_67', [5, 4]]",[],"['Links/Photos_02Aug2018_33', '[11, 9]']",[],"[Latitude=39.6471016389, Longitude=-82.8151298333, BrightnessTotal=0.939640220449, exposureTime=0.01, xResolution=4000, yResolution=3000, SaturationTotalRed=0.958108852614, SaturationTotalGreen=0.938951731046, SaturationTotalBlue=0.878549770915, time=0.596331018519, GreenIndex=10.706592, LAI=6.4e-05, Utility=86.86445271777767]"
33,"[11,10]","[39.6471023, -82.8152313]",/data/chumley/tmp/Photos_01JUN2018//North_Path/Images/33.6Feet/Sorte_6/DJI_0080.JPG,"[10,10]","[12,10]","[11,11]","[11,9]","['Links/Photos_01JUN2018_67', [5, 5]]",[],"['Links/Photos_02Aug2018_33', '[11, 10]']",[],"[Latitude=39.6471026111, Longitude=-82.8152347778, BrightnessTotal=0.934805490406, exposureTime=0.01, xResolution=4000, yResolution=3000, SaturationTotalRed=0.953903404248, SaturationTotalGreen=0.934113220588, SaturationTotalBlue=0.871304088889, time=0.59625, GreenIndex=11.1725546667, LAI=8.53333333333e-05, Utility=90.63719355372423]"
33,"[11,11]","[39.6471023, -82.8153354]",/data/chumley/tmp/Photos_01JUN2018//North_Path/Images/33.6Feet/Sorte_6/DJI_0079.JPG,"[10,11]","[12,11]","[11,12]","[11,10]","['Links/Photos_01JUN2018_67', [5, 5]]",[],"['Links/Photos_02Aug2018_33', '[11, 11]']",[],"[Latitude=39.6471023333, Longitude=-82.8153393333, BrightnessTotal=0.923750721629, exposureTime=0.009128, xResolution=4000, yResolution=3000, SaturationTotalRed=0.945001562418, SaturationTotalGreen=0.922672998039, SaturationTotalBlue=0.856031930392, time=0.596157407407, GreenIndex=11.484832, LAI=9.6e-05, Utility=93.16521304054733]"
33,"[11,12]","[39.6471023, -82.8154396]",/data/chumley/tmp/Photos_01JUN2018//North_Path/Images/33.6Feet/Sorte_6/DJI_0078.JPG,"[10,12]","[12,12]","[11,13]","[11,11]","['Links/Photos_01JUN2018_67', [5, 6]]",[],"['Links/Photos_02Aug2018_33', '[11, 12]']",[],"[Latitude=39.6471021389, Longitude=-82.8154428333, BrightnessTotal=0.920236163644, exposureTime=0.009228, xResolution=4000, yResolution=3000, SaturationTotalRed=0.942308369935, SaturationTotalGreen=0.91912759085, SaturationTotalBlue=0.849620385948, time=0.596064814815, GreenIndex=12.0035893333, LAI=8e-05, Utility=97.36550446835113]"
33,"[11,13]","[39.6471023, -82.8155438]",/data/chumley/tmp/Photos_01JUN2018//North_Path/Images/33.6Feet/Sorte_6/DJI_0077.JPG,"[10,13]","[12,13]","[11,14]","[11,12]","['Links/Photos_01JUN2018_67', [5, 6]]",[],"['Links/Photos_02Aug2018_33', '[11, 13]']",[],"[Latitude=39.6471020833, Longitude=-82.8155472778, BrightnessTotal=0.924774907591, exposureTime=0.009847, xResolution=4000, yResolution=3000, SaturationTotalRed=0.94525991732, SaturationTotalGreen=0.924237068627, SaturationTotalBlue=0.854135397059, time=0.595972222222, GreenIndex=12.73608, LAI=0.000117333333333, Utility=103.29683006203513]"
33,"[11,14]","[39.6471023, -82.8156479]",/data/chumley/tmp/Photos_01JUN2018//North_Path/Images/33.6Feet/Sorte_6/DJI_0076.JPG,"[10,14]","[12,14]","[11,15]","[11,13]","['Links/Photos_01JUN2018_67', [5, 7]]",[],"['Links/Photos_02Aug2018_33', '[11, 14]']",[],"[Latitude=39.6471024167, Longitude=-82.8156511667, BrightnessTotal=0.923312158826, exposureTime=0.009584, xResolution=4000, yResolution=3000, SaturationTotalRed=0.944667761111, SaturationTotalGreen=0.922579762092, SaturationTotalBlue=0.851388235621, time=0.595891203704, GreenIndex=12.7403786667, LAI=8.53333333333e-05, Utility=103.33157420940259]"
33,"[11,15]","[39.6471023, -82.8157521]",/data/chumley/tmp/Photos_01JUN2018//North_Path/Images/33.6Feet/Sorte_6/DJI_0075.JPG,"[10,15]","[12,15]","[11,16]","[11,14]","['Links/Photos_01JUN2018_67', [5, 7]]",[],"['Links/Photos_02Aug2018_33', '[11, 15]']",[],"[Latitude=39.6471018056, Longitude=-82.8157557778, BrightnessTotal=0.928457301526, exposureTime=0.009954, xResolution=4000, yResolution=3000, SaturationTotalRed=0.948792729085, SaturationTotalGreen=0.92793334902, SaturationTotalBlue=0.858266476144, time=0.595798611111, GreenIndex=12.656976, LAI=5.33333333333e-05, Utility=102.6565213946284]"
33,"[11,16]","[39.6471023, -82.8158563]",/data/chumley/tmp/Photos_01JUN2018//North_Path/Images/33.6Feet/Sorte_6/DJI_0074.JPG,"[10,16]","[12,16]","[11,17]","[11,15]","['Links/Photos_01JUN2018_67', [5, 8]]",[],"['Links/Photos_02Aug2018_33', '[11, 16]']",[],"[Latitude=39.6471021389, Longitude=-82.8158603611, BrightnessTotal=0.924986828027, exposureTime=0.009689, xResolution=4000, yResolution=3000, SaturationTotalRed=0.946406633987, SaturationTotalGreen=0.924130714379, SaturationTotalBlue=0.854178970915, time=0.595706018519, GreenIndex=12.3572, LAI=6.93333333333e-05, Utility=100.22903284561119]"
33,"[11,17]","[39.6471023, -82.8159604]",/data/chumley/tmp/Photos_01JUN2018//North_Path/Images/33.6Feet/Sorte_6/DJI_0073.JPG,"[10,17]","[12,17]","[11,18]","[11,16]","['Links/Photos_01JUN2018_67', [5, 8]]",[],"['Links/Photos_02Aug2018_33', '[11, 17]']",[],"[Latitude=39.6471031944, Longitude=-82.8159633889, BrightnessTotal=0.906169992324, exposureTime=0.008789, xResolution=4000, yResolution=3000, SaturationTotalRed=0.930772885621, SaturationTotalGreen=0.904819974837, SaturationTotalBlue=0.828139473856, time=0.595625, GreenIndex=13.128816, LAI=0.000154666666667, Utility=106.4759979134517]"
33,"[11,18]","[39.6471023, -82.8160646]",/data/chumley/tmp/Photos_01JUN2018//North_Path/Images/33.6Feet/Sorte_6/DJI_0072.JPG,"[10,18]","[12,18]","[11,19]","[11,17]","['Links/Photos_01JUN2018_67', [5, 9]]",[],"['Links/Photos_02Aug2018_33', '[11, 18]']",[],"[Latitude=39.6471018611, Longitude=-82.8160676667, BrightnessTotal=0.915804387889, exposureTime=0.009178, xResolution=4000, yResolution=3000, SaturationTotalRed=0.93919670098, SaturationTotalGreen=0.914501145098, SaturationTotalBlue=0.842109135294, time=0.595532407407, GreenIndex=12.358016, LAI=0.000170666666667, Utility=100.23521110928662]"
33,"[11,19]","[39.6471023, -82.8161688]",/data/chumley/tmp/Photos_01JUN2018//North_Path/Images/33.6Feet/Sorte_6/DJI_0071.JPG,"[10,19]","[12,19]","[11,20]","[11,18]","['Links/Photos_01JUN2018_67', [5, 9]]",[],"['Links/Photos_02Aug2018_33', '[11, 19]']",[],"[Latitude=39.6471028889, Longitude=-82.8161723056, BrightnessTotal=0.91188434411, exposureTime=0.009379, xResolution=4000, yResolution=3000, SaturationTotalRed=0.934572556209, SaturationTotalGreen=0.910943643137, SaturationTotalBlue=0.836949681373, time=0.595439814815, GreenIndex=13.051936, LAI=0.000272, Utility=105.85380828029756]"
33,"[11,20]","[39.6471023, -82.8162729]",/data/chumley/tmp/Photos_01JUN2018//North_Path/Images/33.6Feet/Sorte_6/DJI_0070.JPG,"[10,20]","[12,20]","[11,21]","[11,19]","['Links/Photos_01JUN2018_67', [5, 10]]",[],"['Links/Photos_02Aug2018_33', '[11, 20]']",[],"[Latitude=39.6471028333, Longitude=-82.8162779167, BrightnessTotal=0.914978312337, exposureTime=0.009481, xResolution=4000, yResolution=3000, SaturationTotalRed=0.936198397712, SaturationTotalGreen=0.914467504248, SaturationTotalBlue=0.841106982026, time=0.595358796296, GreenIndex=13.3827146667, LAI=0.000224, Utility=108.53234168902894]"
33,"[11,21]","[39.6471023, -82.8163771]",/data/chumley/tmp/Photos_01JUN2018//North_Path/Images/33.6Feet/Sorte_6/DJI_0069.JPG,"[10,21]","[12,21]","[11,22]","[11,20]","['Links/Photos_01JUN2018_67', [5, 10]]",[],"['Links/Photos_02Aug2018_33', '[11, 21]']",[],"[Latitude=39.6471028333, Longitude=-82.81638025, BrightnessTotal=0.902911868522, exposureTime=0.007929, xResolution=4000, yResolution=3000, SaturationTotalRed=0.926805003268, SaturationTotalGreen=0.901675335294, SaturationTotalBlue=0.826428797712, time=0.595266203704, GreenIndex=12.9637226667, LAI=0.000453333333333, Utility=105.13911730662151]"
33,"[11,22]","[39.6471023, -82.8164813]",/data/chumley/tmp/Photos_01JUN2018//North_Path/Images/33.6Feet/Sorte_6/DJI_0068.JPG,"[10,22]","[12,22]","[11,23]","[11,21]","['Links/Photos_01JUN2018_67', [5, 11]]",[],"['Links/Photos_02Aug2018_33', '[11, 22]']",[],"[Latitude=39.6471028611, Longitude=-82.81648625, BrightnessTotal=0.914319076592, exposureTime=0.008191, xResolution=4000, yResolution=3000, SaturationTotalRed=0.937192218627, SaturationTotalGreen=0.913200321242, SaturationTotalBlue=0.840632274183, time=0.595173611111, GreenIndex=12.571152, LAI=0.000202666666667, Utility=101.9609919823612]"
33,"[11,23]","[39.6471023, -82.8165855]",/data/chumley/tmp/Photos_01JUN2018//North_Path/Images/33.6Feet/Sorte_6/DJI_0067.JPG,"[10,23]","[12,23]","[11,24]","[11,22]","['Links/Photos_01JUN2018_67', [5, 11]]",[],"['Links/Photos_02Aug2018_33', '[11, 23]']",[],"[Latitude=39.6471024444, Longitude=-82.8165895833, BrightnessTotal=0.935878623072, exposureTime=0.009741, xResolution=4000, yResolution=3000, SaturationTotalRed=0.954769673529, SaturationTotalGreen=0.935596451961, SaturationTotalBlue=0.868707142484, time=0.595081018519, GreenIndex=12.3531093333, LAI=8e-05, Utility=100.19655402483247]"
33,"[11,24]","[39.6471023, -82.8166896]",/data/chumley/tmp/Photos_01JUN2018//North_Path/Images/33.6Feet/Sorte_6/DJI_0066.JPG,"[10,24]","[12,24]","[11,25]","[11,23]","['Links/Photos_01JUN2018_67', [5, 12]]",[],"['Links/Photos_02Aug2018_33', '[11, 24]']",[],"[Latitude=39.6471018333, Longitude=-82.8166935278, BrightnessTotal=0.912426422292, exposureTime=0.008333, xResolution=4000, yResolution=3000, SaturationTotalRed=0.935368222549, SaturationTotalGreen=0.911852054575, SaturationTotalBlue=0.832423115033, time=0.595, GreenIndex=14.461216, LAI=0.000277333333333, Utility=117.26504390817031]"
33,"[11,25]","[39.6471023, -82.8167938]",/data/chumley/tmp/Photos_01JUN2018//North_Path/Images/33.6Feet/Sorte_6/DJI_0065.JPG,"[10,25]","[12,25]","[11,26]","[11,24]","['Links/Photos_01JUN2018_67', [5, 12]]",[],"['Links/Photos_02Aug2018_33', '[11, 25]']",[],"[Latitude=39.6471021944, Longitude=-82.8167968889, BrightnessTotal=0.912941937643, exposureTime=0.007972, xResolution=4000, yResolution=3000, SaturationTotalRed=0.939699172549, SaturationTotalGreen=0.911538213399, SaturationTotalBlue=0.826922320915, time=0.594907407407, GreenIndex=14.5749973333, LAI=0.000224, Utility=118.18636575442635]"
33,"[11,26]","[39.6471023, -82.816898]",/data/chumley/tmp/Photos_01JUN2018//North_Path/Images/33.6Feet/Sorte_6/DJI_0064.JPG,"[10,26]","[12,26]","[11,27]","[11,25]","['Links/Photos_01JUN2018_67', [5, 13]]",[],"['Links/Photos_02Aug2018_33', '[11, 26]']",[],"[Latitude=39.6471022778, Longitude=-82.8169013611, BrightnessTotal=0.942497105128, exposureTime=0.01, xResolution=4000, yResolution=3000, SaturationTotalRed=0.958833848366, SaturationTotalGreen=0.943107961765, SaturationTotalBlue=0.875505748693, time=0.594814814815, GreenIndex=13.389824, LAI=3.73333333333e-05, Utility=108.59135742978064]"
33,"[11,27]","[39.6471023, -82.8170021]",/data/chumley/tmp/Photos_01JUN2018//North_Path/Images/33.6Feet/Sorte_6/DJI_0063.JPG,"[10,27]","[12,27]","[11,28]","[11,26]","['Links/Photos_01JUN2018_67', [5, 13]]",[],"['Links/Photos_02Aug2018_33', '[11, 27]']",[],"[Latitude=39.6471033056, Longitude=-82.8170051944, BrightnessTotal=0.932290336864, exposureTime=0.01, xResolution=4000, yResolution=3000, SaturationTotalRed=0.950485790196, SaturationTotalGreen=0.932267622222, SaturationTotalBlue=0.86497479281, time=0.594733796296, GreenIndex=12.7125173333, LAI=8e-05, Utility=103.10661746226639]"
33,"[11,28]","[39.6471023, -82.8171063]",/data/chumley/tmp/Photos_01JUN2018//North_Path/Images/33.6Feet/Sorte_6/DJI_0062.JPG,"[10,28]","[12,28]","[11,29]","[11,27]","['Links/Photos_01JUN2018_67', [5, 14]]",[],"['Links/Photos_02Aug2018_33', '[11, 28]']",[],"[Latitude=39.6471027778, Longitude=-82.8171106667, BrightnessTotal=0.933454918394, exposureTime=0.01, xResolution=4000, yResolution=3000, SaturationTotalRed=0.95222176732, SaturationTotalGreen=0.933141901961, SaturationTotalBlue=0.867095944444, time=0.594641203704, GreenIndex=12.1809226667, LAI=7.46666666667e-05, Utility=98.80228880157755]"
33,"[11,29]","[39.6471023, -82.8172105]",/data/chumley/tmp/Photos_01JUN2018//North_Path/Images/33.6Feet/Sorte_6/DJI_0061.JPG,"[10,29]","[12,29]","[11,30]","[11,28]","['Links/Photos_01JUN2018_67', [5, 14]]",[],"['Links/Photos_02Aug2018_33', '[11, 29]']",[],"[Latitude=39.6471032222, Longitude=-82.8172147778, BrightnessTotal=0.933188445029, exposureTime=0.01, xResolution=4000, yResolution=3000, SaturationTotalRed=0.952382451307, SaturationTotalGreen=0.93273309085, SaturationTotalBlue=0.86672208366, time=0.594548611111, GreenIndex=12.0329546667, LAI=7.46666666667e-05, Utility=97.60417082946302]"
33,"[11,30]","[39.6471023, -82.8173146]",/data/chumley/tmp/Photos_01JUN2018//North_Path/Images/33.6Feet/Sorte_6/DJI_0060.JPG,"[10,30]","[12,30]","[11,31]","[11,29]","['Links/Photos_01JUN2018_67', [5, 15]]",[],"['Links/Photos_02Aug2018_33', '[11, 30]']",[],"[Latitude=39.6471031111, Longitude=-82.8173181389, BrightnessTotal=0.938674397519, exposureTime=0.01, xResolution=4000, yResolution=3000, SaturationTotalRed=0.956487399346, SaturationTotalGreen=0.938569797386, SaturationTotalBlue=0.873762450654, time=0.594467592593, GreenIndex=12.1824106667, LAI=4.26666666667e-05, Utility=98.81462475860795]"
33,"[11,31]","[39.6471023, -82.8174188]",/data/chumley/tmp/Photos_01JUN2018//North_Path/Images/33.6Feet/Sorte_6/DJI_0059.JPG,"[10,31]","[12,31]","[11,32]","[11,30]","['Links/Photos_01JUN2018_67', [5, 15]]",[],"['Links/Photos_02Aug2018_33', '[11, 31]']",[],"[Latitude=39.6471028056, Longitude=-82.8174224167, BrightnessTotal=0.931362956537, exposureTime=0.009954, xResolution=4000, yResolution=3000, SaturationTotalRed=0.950560026471, SaturationTotalGreen=0.930961217974, SaturationTotalBlue=0.864291546405, time=0.594375, GreenIndex=12.2161653333, LAI=5.86666666667e-05, Utility=99.08759299563125]"
33,"[11,32]","[39.6471023, -82.817523]",/data/chumley/tmp/Photos_01JUN2018//North_Path/Images/33.6Feet/Sorte_6/DJI_0058.JPG,"[10,32]","[12,32]","[11,33]","[11,31]","['Links/Photos_01JUN2018_67', [5, 16]]",[],"['Links/Photos_02Aug2018_33', '[11, 32]']",[],"[Latitude=39.6471029722, Longitude=-82.8175257778, BrightnessTotal=0.939213184544, exposureTime=0.01, xResolution=4000, yResolution=3000, SaturationTotalRed=0.957035343791, SaturationTotalGreen=0.939104333987, SaturationTotalBlue=0.87431385719, time=0.594282407407, GreenIndex=12.1624426667, LAI=2.13333333333e-05, Utility=98.65299685538834]"
33,"[11,33]","[39.6471023, -82.8176271]",/data/chumley/tmp/Photos_01JUN2018//North_Path/Images/33.6Feet/Sorte_6/DJI_0057.JPG,"[10,33]","[12,33]","[11,34]","[11,32]","['Links/Photos_01JUN2018_67', [5, 16]]",[],"['Links/Photos_02Aug2018_33', '[11, 33]']",[],"[Latitude=39.6471028333, Longitude=-82.8176305556, BrightnessTotal=0.93598448841, exposureTime=0.01, xResolution=4000, yResolution=3000, SaturationTotalRed=0.955099937582, SaturationTotalGreen=0.935173030065, SaturationTotalBlue=0.873716309804, time=0.594201388889, GreenIndex=10.783712, LAI=5.33333333333e-06, Utility=87.48906813736761]"
33,"[11,34]","[39.6471023, -82.8177313]",/data/chumley/tmp/Photos_01JUN2018//North_Path/Images/33.6Feet/Sorte_6/DJI_0056.JPG,"[10,34]","[12,34]","[11,35]","[11,33]","['Links/Photos_01JUN2018_67', [5, 17]]",[],"['Links/Photos_02Aug2018_33', '[11, 34]']",[],"[Latitude=39.6471028333, Longitude=-82.8177354722, BrightnessTotal=0.934464969948, exposureTime=0.01, xResolution=4000, yResolution=3000, SaturationTotalRed=0.923958166013, SaturationTotalGreen=0.942743015359, SaturationTotalBlue=0.885730004575, time=0.594108796296, GreenIndex=19.4766026667, LAI=0.000501333333333, Utility=157.8767313106872]"
33,"[11,35]","[39.6471023, -82.8178355]",/data/chumley/tmp/Photos_01JUN2018//North_Path/Images/33.6Feet/Sorte_6/DJI_0055.JPG,"[10,35]","[12,35]","[11,36]","[11,34]","['Links/Photos_01JUN2018_67', [5, 17]]",[],"['Links/Photos_02Aug2018_33', '[11, 35]']",[],"[Latitude=39.6471023889, Longitude=-82.8178385556, BrightnessTotal=0.927492617894, exposureTime=0.01, xResolution=4000, yResolution=3000, SaturationTotalRed=0.946850449673, SaturationTotalGreen=0.926852982353, SaturationTotalBlue=0.862382448366, time=0.594027777778, GreenIndex=11.5306346667, LAI=5.33333333333e-06, Utility=93.53662084921872]"
33,"[11,36]","[39.6471023, -82.8179397]",/data/chumley/tmp/Photos_01JUN2018//North_Path/Images/33.6Feet/Sorte_6/DJI_0054.JPG,"[10,36]","[12,36]","[11,37]","[11,35]","['Links/Photos_01JUN2018_67', [5, 18]]",[],"['Links/Photos_02Aug2018_33', '[11, 36]']",[],"[Latitude=39.64710325, Longitude=-82.8179441667, BrightnessTotal=0.933621347127, exposureTime=0.01, xResolution=4000, yResolution=3000, SaturationTotalRed=0.918561369935, SaturationTotalGreen=0.943448090196, SaturationTotalBlue=0.884911981373, time=0.593935185185, GreenIndex=21.416416, LAI=0.00104, Utility=173.58368487270596]"
33,"[11,37]","[39.6471023, -82.8180438]",/data/chumley/tmp/Photos_01JUN2018//North_Path/Images/33.6Feet/Sorte_6/DJI_0053.JPG,"[10,37]","[12,37]","[11,38]","[11,36]","['Links/Photos_01JUN2018_67', [5, 18]]",[],"['Links/Photos_02Aug2018_33', '[11, 37]']",[],"[Latitude=39.6471021111, Longitude=-82.8180476389, BrightnessTotal=0.921105224189, exposureTime=0.009636, xResolution=4000, yResolution=3000, SaturationTotalRed=0.938719828758, SaturationTotalGreen=0.92122909281, SaturationTotalBlue=0.854406376471, time=0.593842592593, GreenIndex=12.7716853333, LAI=8e-05, Utility=103.58531297505057]"
33,"[11,38]","[39.6471023, -82.818148]",/data/chumley/tmp/Photos_01JUN2018//North_Path/Images/33.6Feet/Sorte_6/DJI_0052.JPG,"[10,38]","[12,38]","[11,39]","[11,37]","['Links/Photos_01JUN2018_67', [5, 19]]",[],"['Links/Photos_02Aug2018_33', '[11, 38]']",[],"[Latitude=39.6471036944, Longitude=-82.8181520833, BrightnessTotal=0.936498587633, exposureTime=0.01, xResolution=4000, yResolution=3000, SaturationTotalRed=0.952839957843, SaturationTotalGreen=0.93655119183, SaturationTotalBlue=0.875560349673, time=0.593761574074, GreenIndex=11.5958293333, LAI=3.73333333333e-05, Utility=94.0650084945811]"
33,"[11,39]","[39.6471023, -82.8182522]",/data/chumley/tmp/Photos_01JUN2018//North_Path/Images/33.6Feet/Sorte_6/DJI_0051.JPG,"[10,39]","[12,39]","[11,40]","[11,38]","['Links/Photos_01JUN2018_67', [5, 19]]",[],"['Links/Photos_02Aug2018_33', '[11, 39]']",[],"[Latitude=39.64710325, Longitude=-82.8182558333, BrightnessTotal=0.916874253681, exposureTime=0.008981, xResolution=4000, yResolution=3000, SaturationTotalRed=0.936194468954, SaturationTotalGreen=0.916271349673, SaturationTotalBlue=0.851471608497, time=0.593668981481, GreenIndex=11.629968, LAI=3.73333333333e-05, Utility=94.34047919480604]"
33,"[11,40]","[39.6471023, -82.8183563]",/data/chumley/tmp/Photos_01JUN2018//North_Path/Images/33.6Feet/Sorte_6/DJI_0050.JPG,"[10,40]","[12,40]","[11,41]","[11,39]","['Links/Photos_01JUN2018_67', [5, 20]]",[],"['Links/Photos_02Aug2018_33', '[11, 40]']",[],"[Latitude=39.6471034722, Longitude=-82.81836, BrightnessTotal=0.900492030835, exposureTime=0.008333, xResolution=4000, yResolution=3000, SaturationTotalRed=0.924477898366, SaturationTotalGreen=0.898754243791, SaturationTotalBlue=0.829168480719, time=0.593587962963, GreenIndex=11.370368, LAI=3.2e-05, Utility=92.23765277292405]"
33,"[11,41]","[39.6471023, -82.8184605]",/data/chumley/tmp/Photos_01JUN2018//North_Path/Images/33.6Feet/Sorte_6/DJI_0049.JPG,"[10,41]","[12,41]","[11,42]","[11,40]","['Links/Photos_01JUN2018_67', [5, 20]]",[],"['Links/Photos_02Aug2018_33', '[11, 41]']",[],"[Latitude=39.6471024722, Longitude=-82.8184636667, BrightnessTotal=0.922659308963, exposureTime=0.008789, xResolution=4000, yResolution=3000, SaturationTotalRed=0.913794061111, SaturationTotalGreen=0.929517495098, SaturationTotalBlue=0.883130823856, time=0.59349537037, GreenIndex=15.94888, LAI=0.000597333333333, Utility=129.31177743238504]"
33,"[11,42]","[39.6471023, -82.8185647]",/data/chumley/tmp/Photos_01JUN2018//North_Path/Images/33.6Feet/Sorte_6/DJI_0048.JPG,"[10,42]","[12,42]","[11,43]","[11,41]","['Links/Photos_01JUN2018_67', [5, 21]]",[],"['Links/Photos_02Aug2018_33', '[11, 42]']",[],"[Latitude=39.6471038056, Longitude=-82.8185656111, BrightnessTotal=0.93541935693, exposureTime=0.009636, xResolution=4000, yResolution=3000, SaturationTotalRed=0.923263307843, SaturationTotalGreen=0.94278610817, SaturationTotalBlue=0.902488263072, time=0.593402777778, GreenIndex=15.397888, LAI=0.000490666666667, Utility=124.85096955622927]"
33,"[11,43]","[39.6471023, -82.8186688]",/data/chumley/tmp/Photos_01JUN2018//North_Path/Images/33.6Feet/Sorte_6/DJI_0047.JPG,"[10,43]","[12,43]",[],"[11,42]","['Links/Photos_01JUN2018_67', [5, 21]]",[],"['Links/Photos_02Aug2018_33', '[11, 43]']",[],"[Latitude=39.6471051667, Longitude=-82.8186670556, BrightnessTotal=0.931833981051, exposureTime=0.01, xResolution=4000, yResolution=3000, SaturationTotalRed=0.927615350327, SaturationTotalGreen=0.939991989542, SaturationTotalBlue=0.860779802288, time=0.593321759259, GreenIndex=23.49608, LAI=0.000202666666667, Utility=190.42297533522373]"
