33,"[4,0]","[39.6478509, -82.8141896]",/data/chumley/tmp/Photos_01JUN2018//North_Path/Images/33.6Feet/Sorte_3/DJI_0003.JPG,[],"[5,0]","[4,1]",[],"['Links/Photos_01JUN2018_67', [2, 0]]",[],"['Links/Photos_02Aug2018_33', '[4, 0]']",[],"[Latitude=39.6478503333, Longitude=-82.8141933056, BrightnessTotal=0.826357746459, exposureTime=0.008371, xResolution=4000, yResolution=3000, SaturationTotalRed=0.875694153595, SaturationTotalGreen=0.817833741176, SaturationTotalBlue=0.726412146405, time=0.54755787037, GreenIndex=8.729392, LAI=0.000138666666667, Utility=70.857002881564]"
33,"[4,1]","[39.6478509, -82.8142937]",/data/chumley/tmp/Photos_01JUN2018//North_Path/Images/33.6Feet/Sorte_3/DJI_0004.JPG,"[3,1]","[5,1]","[4,2]","[4,0]","['Links/Photos_01JUN2018_67', [2, 0]]",[],"['Links/Photos_02Aug2018_33', '[4, 1]']",[],"[Latitude=39.6478514444, Longitude=-82.8142974722, BrightnessTotal=0.837199900518, exposureTime=0.00943, xResolution=4000, yResolution=3000, SaturationTotalRed=0.878131771895, SaturationTotalGreen=0.830635021569, SaturationTotalBlue=0.750551497386, time=0.547650462963, GreenIndex=8.470448, LAI=0.000213333333333, Utility=68.76085756059224]"
33,"[4,2]","[39.6478509, -82.8143979]",/data/chumley/tmp/Photos_01JUN2018//North_Path/Images/33.6Feet/Sorte_3/DJI_0005.JPG,"[3,2]","[5,2]","[4,3]","[4,1]","['Links/Photos_01JUN2018_67', [2, 1]]",[],"['Links/Photos_02Aug2018_33', '[4, 2]']",[],"[Latitude=39.6478503333, Longitude=-82.8143976944, BrightnessTotal=0.823123943886, exposureTime=0.009636, xResolution=4000, yResolution=3000, SaturationTotalRed=0.862385175817, SaturationTotalGreen=0.81841353366, SaturationTotalBlue=0.722201096405, time=0.547731481481, GreenIndex=13.491888, LAI=0.000602666666667, Utility=109.41947969237182]"
33,"[4,3]","[39.6478509, -82.8145021]",/data/chumley/tmp/Photos_01JUN2018//North_Path/Images/33.6Feet/Sorte_3/DJI_0006.JPG,"[3,3]","[5,3]","[4,4]","[4,2]","['Links/Photos_01JUN2018_67', [2, 1]]",[],"['Links/Photos_02Aug2018_33', '[4, 3]']",[],"[Latitude=39.6478501389, Longitude=-82.81450175, BrightnessTotal=0.822335605155, exposureTime=0.009901, xResolution=4000, yResolution=3000, SaturationTotalRed=0.856943463725, SaturationTotalGreen=0.819447861111, SaturationTotalBlue=0.720029478758, time=0.547824074074, GreenIndex=15.9852586667, LAI=0.00172266666667, Utility=129.60862844402897]"
33,"[4,4]","[39.6478509, -82.8146062]",/data/chumley/tmp/Photos_01JUN2018//North_Path/Images/33.6Feet/Sorte_3/DJI_0007.JPG,"[3,4]","[5,4]","[4,5]","[4,3]","['Links/Photos_01JUN2018_67', [2, 2]]",[],"['Links/Photos_02Aug2018_33', '[4, 4]']",[],"[Latitude=39.6478507222, Longitude=-82.8146071944, BrightnessTotal=0.853084252503, exposureTime=0.01, xResolution=4000, yResolution=3000, SaturationTotalRed=0.884098766013, SaturationTotalGreen=0.85070058366, SaturationTotalBlue=0.760310943791, time=0.547905092593, GreenIndex=14.7288426667, LAI=0.000688, Utility=119.43675245262439]"
33,"[4,5]","[39.6478509, -82.8147104]",/data/chumley/tmp/Photos_01JUN2018//North_Path/Images/33.6Feet/Sorte_3/DJI_0008.JPG,"[3,5]","[5,5]","[4,6]","[4,4]","['Links/Photos_01JUN2018_67', [2, 2]]",[],"['Links/Photos_02Aug2018_33', '[4, 5]']",[],"[Latitude=39.6478507778, Longitude=-82.8147101944, BrightnessTotal=0.864486139491, exposureTime=0.01, xResolution=4000, yResolution=3000, SaturationTotalRed=0.893832498039, SaturationTotalGreen=0.862521893137, SaturationTotalBlue=0.773905920261, time=0.547997685185, GreenIndex=14.798688, LAI=0.000330666666667, Utility=120.00284829980737]"
33,"[4,6]","[39.6478509, -82.8148146]",/data/chumley/tmp/Photos_01JUN2018//North_Path/Images/33.6Feet/Sorte_3/DJI_0009.JPG,"[3,6]","[5,6]","[4,7]","[4,5]","['Links/Photos_01JUN2018_67', [2, 3]]",[],"['Links/Photos_02Aug2018_33', '[4, 6]']",[],"[Latitude=39.6478506111, Longitude=-82.8148145278, BrightnessTotal=0.836940677429, exposureTime=0.01, xResolution=4000, yResolution=3000, SaturationTotalRed=0.87384753366, SaturationTotalGreen=0.833325588235, SaturationTotalBlue=0.733521058497, time=0.548090277778, GreenIndex=15.3111413333, LAI=0.000746666666667, Utility=124.15085865552322]"
33,"[4,7]","[39.6478509, -82.8149187]",/data/chumley/tmp/Photos_01JUN2018//North_Path/Images/33.6Feet/Sorte_3/DJI_0010.JPG,"[3,7]","[5,7]","[4,8]","[4,6]","['Links/Photos_01JUN2018_67', [2, 3]]",[],"['Links/Photos_02Aug2018_33', '[4, 7]']",[],"[Latitude=39.6478506111, Longitude=-82.8149195556, BrightnessTotal=0.848577229814, exposureTime=0.01, xResolution=4000, yResolution=3000, SaturationTotalRed=0.886479013399, SaturationTotalGreen=0.844447521569, SaturationTotalBlue=0.747036821895, time=0.548171296296, GreenIndex=14.3143146667, LAI=0.000453333333333, Utility=116.07995899449703]"
33,"[4,8]","[39.6478509, -82.8150229]",/data/chumley/tmp/Photos_01JUN2018//North_Path/Images/33.6Feet/Sorte_3/DJI_0011.JPG,"[3,8]","[5,8]","[4,9]","[4,7]","['Links/Photos_01JUN2018_67', [2, 4]]",[],"['Links/Photos_02Aug2018_33', '[4, 8]']",[],"[Latitude=39.6478503056, Longitude=-82.8150233611, BrightnessTotal=0.841904416364, exposureTime=0.01, xResolution=4000, yResolution=3000, SaturationTotalRed=0.881424244444, SaturationTotalGreen=0.837111235621, SaturationTotalBlue=0.741086169608, time=0.548263888889, GreenIndex=13.37648, LAI=0.000192, Utility=108.48583042203228]"
33,"[4,9]","[39.6478509, -82.8151271]",/data/chumley/tmp/Photos_01JUN2018//North_Path/Images/33.6Feet/Sorte_3/DJI_0012.JPG,"[3,9]","[5,9]","[4,10]","[4,8]","['Links/Photos_01JUN2018_67', [2, 4]]",[],"['Links/Photos_02Aug2018_33', '[4, 9]']",[],"[Latitude=39.6478505833, Longitude=-82.8151273889, BrightnessTotal=0.82068277155, exposureTime=0.01, xResolution=4000, yResolution=3000, SaturationTotalRed=0.860511472549, SaturationTotalGreen=0.816234535621, SaturationTotalBlue=0.714281933007, time=0.548344907407, GreenIndex=14.907808, LAI=0.000704, Utility=120.88416338548734]"
33,"[4,10]","[39.6478509, -82.8152313]",/data/chumley/tmp/Photos_01JUN2018//North_Path/Images/33.6Feet/Sorte_3/DJI_0013.JPG,"[3,10]","[5,10]","[4,11]","[4,9]","['Links/Photos_01JUN2018_67', [2, 5]]",[],"['Links/Photos_02Aug2018_33', '[4, 10]']",[],"[Latitude=39.6478496667, Longitude=-82.8152318611, BrightnessTotal=0.852034996157, exposureTime=0.01, xResolution=4000, yResolution=3000, SaturationTotalRed=0.885803300654, SaturationTotalGreen=0.849018711765, SaturationTotalBlue=0.755062756536, time=0.5484375, GreenIndex=14.765344, LAI=0.000458666666667, Utility=119.73215578750953]"
33,"[4,11]","[39.6478509, -82.8153354]",/data/chumley/tmp/Photos_01JUN2018//North_Path/Images/33.6Feet/Sorte_3/DJI_0014.JPG,"[3,11]","[5,11]","[4,12]","[4,10]","['Links/Photos_01JUN2018_67', [2, 5]]",[],"['Links/Photos_02Aug2018_33', '[4, 11]']",[],"[Latitude=39.6478511944, Longitude=-82.8153378611, BrightnessTotal=0.829789610671, exposureTime=0.01, xResolution=4000, yResolution=3000, SaturationTotalRed=0.863143464379, SaturationTotalGreen=0.827344965033, SaturationTotalBlue=0.727733196078, time=0.548518518519, GreenIndex=16.4886986667, LAI=0.000821333333333, Utility=133.6853108241872]"
33,"[4,12]","[39.6478509, -82.8154396]",/data/chumley/tmp/Photos_01JUN2018//North_Path/Images/33.6Feet/Sorte_3/DJI_0015.JPG,"[3,12]","[5,12]","[4,13]","[4,11]","['Links/Photos_01JUN2018_67', [2, 6]]",[],"['Links/Photos_02Aug2018_33', '[4, 12]']",[],"[Latitude=39.6478509444, Longitude=-82.81544225, BrightnessTotal=0.851605547763, exposureTime=0.01, xResolution=4000, yResolution=3000, SaturationTotalRed=0.88338956732, SaturationTotalGreen=0.849328594118, SaturationTotalBlue=0.754418457516, time=0.548611111111, GreenIndex=15.71344, LAI=0.000138666666667, Utility=127.40898567643742]"
33,"[4,13]","[39.6478509, -82.8155438]",/data/chumley/tmp/Photos_01JUN2018//North_Path/Images/33.6Feet/Sorte_3/DJI_0016.JPG,"[3,13]","[5,13]","[4,14]","[4,12]","['Links/Photos_01JUN2018_67', [2, 6]]",[],"['Links/Photos_02Aug2018_33', '[4, 13]']",[],"[Latitude=39.6478518056, Longitude=-82.815546, BrightnessTotal=0.848076220224, exposureTime=0.01, xResolution=4000, yResolution=3000, SaturationTotalRed=0.878960731046, SaturationTotalGreen=0.846175570261, SaturationTotalBlue=0.750278205229, time=0.54869212963, GreenIndex=16.282976, LAI=0.000368, Utility=132.02041943785107]"
33,"[4,14]","[39.6478509, -82.8156479]",/data/chumley/tmp/Photos_01JUN2018//North_Path/Images/33.6Feet/Sorte_3/DJI_0017.JPG,"[3,14]","[5,14]","[4,15]","[4,13]","['Links/Photos_01JUN2018_67', [2, 7]]",[],"['Links/Photos_02Aug2018_33', '[4, 14]']",[],"[Latitude=39.6478510833, Longitude=-82.8156495, BrightnessTotal=0.845015102051, exposureTime=0.01, xResolution=4000, yResolution=3000, SaturationTotalRed=0.876394593791, SaturationTotalGreen=0.842992682353, SaturationTotalBlue=0.746524548039, time=0.548784722222, GreenIndex=16.2798773333, LAI=0.000597333333333, Utility=131.99516272053356]"
33,"[4,15]","[39.6478509, -82.8157521]",/data/chumley/tmp/Photos_01JUN2018//North_Path/Images/33.6Feet/Sorte_3/DJI_0018.JPG,"[3,15]","[5,15]","[4,16]","[4,14]","['Links/Photos_01JUN2018_67', [2, 7]]",[],"['Links/Photos_02Aug2018_33', '[4, 15]']",[],"[Latitude=39.6478511944, Longitude=-82.8157553889, BrightnessTotal=0.838661707074, exposureTime=0.01, xResolution=4000, yResolution=3000, SaturationTotalRed=0.869746886601, SaturationTotalGreen=0.836701037908, SaturationTotalBlue=0.740620396732, time=0.548865740741, GreenIndex=16.2697386667, LAI=0.000501333333333, Utility=131.91274822127644]"
33,"[4,16]","[39.6478509, -82.8158563]",/data/chumley/tmp/Photos_01JUN2018//North_Path/Images/33.6Feet/Sorte_3/DJI_0019.JPG,"[3,16]","[5,16]","[4,17]","[4,15]","['Links/Photos_01JUN2018_67', [2, 8]]",[],"['Links/Photos_02Aug2018_33', '[4, 16]']",[],"[Latitude=39.64785125, Longitude=-82.81585875, BrightnessTotal=0.858584865286, exposureTime=0.01, xResolution=4000, yResolution=3000, SaturationTotalRed=0.886595723203, SaturationTotalGreen=0.857057556536, SaturationTotalBlue=0.76846882549, time=0.548958333333, GreenIndex=15.2401173333, LAI=0.000293333333333, Utility=123.57672909582533]"
33,"[4,17]","[39.6478509, -82.8159604]",/data/chumley/tmp/Photos_01JUN2018//North_Path/Images/33.6Feet/Sorte_3/DJI_0020.JPG,"[3,17]","[5,17]","[4,18]","[4,16]","['Links/Photos_01JUN2018_67', [2, 8]]",[],"['Links/Photos_02Aug2018_33', '[4, 17]']",[],"[Latitude=39.64785125, Longitude=-82.8159620278, BrightnessTotal=0.864927684392, exposureTime=0.01, xResolution=4000, yResolution=3000, SaturationTotalRed=0.891266720261, SaturationTotalGreen=0.86396495, SaturationTotalBlue=0.775290547059, time=0.549039351852, GreenIndex=15.8360053333, LAI=0.000314666666667, Utility=128.4020230893397]"
33,"[4,18]","[39.6478509, -82.8160646]",/data/chumley/tmp/Photos_01JUN2018//North_Path/Images/33.6Feet/Sorte_3/DJI_0021.JPG,"[3,18]","[5,18]","[4,19]","[4,17]","['Links/Photos_01JUN2018_67', [2, 9]]",[],"['Links/Photos_02Aug2018_33', '[4, 18]']",[],"[Latitude=39.6478512778, Longitude=-82.8160664444, BrightnessTotal=0.846965593278, exposureTime=0.01, xResolution=4000, yResolution=3000, SaturationTotalRed=0.876204046405, SaturationTotalGreen=0.845724282026, SaturationTotalBlue=0.748424702941, time=0.549131944444, GreenIndex=17.2472213333, LAI=0.000885333333333, Utility=139.82793477103098]"
33,"[4,19]","[39.6478509, -82.8161688]",/data/chumley/tmp/Photos_01JUN2018//North_Path/Images/33.6Feet/Sorte_3/DJI_0022.JPG,"[3,19]","[5,19]","[4,20]","[4,18]","['Links/Photos_01JUN2018_67', [2, 9]]",[],"['Links/Photos_02Aug2018_33', '[4, 19]']",[],"[Latitude=39.6478506389, Longitude=-82.8161707222, BrightnessTotal=0.854601517202, exposureTime=0.01, xResolution=4000, yResolution=3000, SaturationTotalRed=0.884591074183, SaturationTotalGreen=0.852878731699, SaturationTotalBlue=0.758540111765, time=0.549212962963, GreenIndex=16.18456, LAI=0.00072, Utility=131.2237696778137]"
33,"[4,20]","[39.6478509, -82.8162729]",/data/chumley/tmp/Photos_01JUN2018//North_Path/Images/33.6Feet/Sorte_3/DJI_0023.JPG,"[3,20]","[5,20]","[4,21]","[4,19]","['Links/Photos_01JUN2018_67', [2, 10]]",[],"['Links/Photos_02Aug2018_33', '[4, 20]']",[],"[Latitude=39.6478510833, Longitude=-82.8162734444, BrightnessTotal=0.875047655096, exposureTime=0.01, xResolution=4000, yResolution=3000, SaturationTotalRed=0.90267994183, SaturationTotalGreen=0.873559267647, SaturationTotalBlue=0.786167222549, time=0.549305555556, GreenIndex=15.054672, LAI=0.000282666666667, Utility=122.07589828571817]"
33,"[4,21]","[39.6478509, -82.8163771]",/data/chumley/tmp/Photos_01JUN2018//North_Path/Images/33.6Feet/Sorte_3/DJI_0024.JPG,"[3,21]","[5,21]","[4,22]","[4,20]","['Links/Photos_01JUN2018_67', [2, 10]]",[],"['Links/Photos_02Aug2018_33', '[4, 21]']",[],"[Latitude=39.6478505278, Longitude=-82.8163793333, BrightnessTotal=0.881179505857, exposureTime=0.01, xResolution=4000, yResolution=3000, SaturationTotalRed=0.907590423856, SaturationTotalGreen=0.879841194771, SaturationTotalBlue=0.795607663725, time=0.549386574074, GreenIndex=14.594512, LAI=0.000330666666667, Utility=118.3502092819307]"
33,"[4,22]","[39.6478509, -82.8164813]",/data/chumley/tmp/Photos_01JUN2018//North_Path/Images/33.6Feet/Sorte_3/DJI_0025.JPG,"[3,22]","[5,22]","[4,23]","[4,21]","['Links/Photos_01JUN2018_67', [2, 11]]",[],"['Links/Photos_02Aug2018_33', '[4, 22]']",[],"[Latitude=39.6478504167, Longitude=-82.8164829167, BrightnessTotal=0.866198967645, exposureTime=0.01, xResolution=4000, yResolution=3000, SaturationTotalRed=0.894396891176, SaturationTotalGreen=0.864561624837, SaturationTotalBlue=0.776626879085, time=0.549479166667, GreenIndex=15.0002026667, LAI=0.000634666666667, Utility=121.63439081509871]"
33,"[4,23]","[39.6478509, -82.8165855]",/data/chumley/tmp/Photos_01JUN2018//North_Path/Images/33.6Feet/Sorte_3/DJI_0026.JPG,"[3,23]","[5,23]","[4,24]","[4,22]","['Links/Photos_01JUN2018_67', [2, 11]]",[],"['Links/Photos_02Aug2018_33', '[4, 23]']",[],"[Latitude=39.6478507778, Longitude=-82.8165872778, BrightnessTotal=0.856656724926, exposureTime=0.01, xResolution=4000, yResolution=3000, SaturationTotalRed=0.884827388889, SaturationTotalGreen=0.855357967647, SaturationTotalBlue=0.763272763725, time=0.549560185185, GreenIndex=16.16904, LAI=0.000864, Utility=131.09815566470718]"
33,"[4,24]","[39.6478509, -82.8166896]",/data/chumley/tmp/Photos_01JUN2018//North_Path/Images/33.6Feet/Sorte_3/DJI_0027.JPG,"[3,24]","[5,24]","[4,25]","[4,23]","['Links/Photos_01JUN2018_67', [2, 12]]",[],"['Links/Photos_02Aug2018_33', '[4, 24]']",[],"[Latitude=39.6478504722, Longitude=-82.8166915278, BrightnessTotal=0.835985089864, exposureTime=0.01, xResolution=4000, yResolution=3000, SaturationTotalRed=0.864945139216, SaturationTotalGreen=0.834642207843, SaturationTotalBlue=0.739654488235, time=0.549652777778, GreenIndex=16.7119893333, LAI=0.00108266666667, Utility=135.49346943197835]"
33,"[4,25]","[39.6478509, -82.8167938]",/data/chumley/tmp/Photos_01JUN2018//North_Path/Images/33.6Feet/Sorte_3/DJI_0028.JPG,"[3,25]","[5,25]","[4,26]","[4,24]","['Links/Photos_01JUN2018_67', [2, 12]]",[],"['Links/Photos_02Aug2018_33', '[4, 25]']",[],"[Latitude=39.6478504167, Longitude=-82.8167955, BrightnessTotal=0.833496338391, exposureTime=0.01, xResolution=4000, yResolution=3000, SaturationTotalRed=0.866018693137, SaturationTotalGreen=0.830564424183, SaturationTotalBlue=0.740542316667, time=0.549733796296, GreenIndex=14.0962293333, LAI=0.000528, Utility=114.31313580423674]"
33,"[4,26]","[39.6478509, -82.816898]",/data/chumley/tmp/Photos_01JUN2018//North_Path/Images/33.6Feet/Sorte_3/DJI_0029.JPG,"[3,26]","[5,26]","[4,27]","[4,25]","['Links/Photos_01JUN2018_67', [2, 13]]",[],"['Links/Photos_02Aug2018_33', '[4, 26]']",[],"[Latitude=39.6478514722, Longitude=-82.8169003889, BrightnessTotal=0.869414902826, exposureTime=0.01, xResolution=4000, yResolution=3000, SaturationTotalRed=0.903339379085, SaturationTotalGreen=0.865371714052, SaturationTotalBlue=0.783591228431, time=0.549826388889, GreenIndex=11.337456, LAI=6.93333333333e-05, Utility=91.9766803178321]"
33,"[4,27]","[39.6478509, -82.8170021]",/data/chumley/tmp/Photos_01JUN2018//North_Path/Images/33.6Feet/Sorte_3/DJI_0030.JPG,"[3,27]","[5,27]","[4,28]","[4,26]","['Links/Photos_01JUN2018_67', [2, 13]]",[],"['Links/Photos_02Aug2018_33', '[4, 27]']",[],"[Latitude=39.6478501111, Longitude=-82.817004, BrightnessTotal=0.871481997407, exposureTime=0.01, xResolution=4000, yResolution=3000, SaturationTotalRed=0.89898618268, SaturationTotalGreen=0.869921156209, SaturationTotalBlue=0.78391279902, time=0.549907407407, GreenIndex=14.708496, LAI=0.000416, Utility=119.27259204843715]"
33,"[4,28]","[39.6478509, -82.8171063]",/data/chumley/tmp/Photos_01JUN2018//North_Path/Images/33.6Feet/Sorte_3/DJI_0031.JPG,"[3,28]","[5,28]","[4,29]","[4,27]","['Links/Photos_01JUN2018_67', [2, 14]]",[],"['Links/Photos_02Aug2018_33', '[4, 28]']",[],"[Latitude=39.6478495556, Longitude=-82.8171073056, BrightnessTotal=0.854394927933, exposureTime=0.01, xResolution=4000, yResolution=3000, SaturationTotalRed=0.87782378268, SaturationTotalGreen=0.854677100327, SaturationTotalBlue=0.762401491176, time=0.55, GreenIndex=17.8321226667, LAI=0.000896, Utility=144.56421663042897]"
33,"[4,29]","[39.6478509, -82.8172105]",/data/chumley/tmp/Photos_01JUN2018//North_Path/Images/33.6Feet/Sorte_3/DJI_0032.JPG,"[3,29]","[5,29]","[4,30]","[4,28]","['Links/Photos_01JUN2018_67', [2, 14]]",[],"['Links/Photos_02Aug2018_33', '[4, 29]']",[],"[Latitude=39.6478503611, Longitude=-82.8172133333, BrightnessTotal=0.861559246266, exposureTime=0.01, xResolution=4000, yResolution=3000, SaturationTotalRed=0.883855996078, SaturationTotalGreen=0.862224500327, SaturationTotalBlue=0.769873076797, time=0.550081018519, GreenIndex=18.2356053333, LAI=0.000805333333333, Utility=147.8316141234139]"
33,"[4,30]","[39.6478509, -82.8173146]",/data/chumley/tmp/Photos_01JUN2018//North_Path/Images/33.6Feet/Sorte_3/DJI_0033.JPG,"[3,30]","[5,30]","[4,31]","[4,29]","['Links/Photos_01JUN2018_67', [2, 15]]",[],"['Links/Photos_02Aug2018_33', '[4, 30]']",[],"[Latitude=39.6478503889, Longitude=-82.8173165278, BrightnessTotal=0.83748295251, exposureTime=0.01, xResolution=4000, yResolution=3000, SaturationTotalRed=0.860996606863, SaturationTotalGreen=0.838400871569, SaturationTotalBlue=0.73770084085, time=0.550173611111, GreenIndex=20.1505813333, LAI=0.00171733333333, Utility=163.33625431785092]"
33,"[4,31]","[39.6478509, -82.8174188]",/data/chumley/tmp/Photos_01JUN2018//North_Path/Images/33.6Feet/Sorte_3/DJI_0034.JPG,"[3,31]","[5,31]","[4,32]","[4,30]","['Links/Photos_01JUN2018_67', [2, 15]]",[],"['Links/Photos_02Aug2018_33', '[4, 31]']",[],"[Latitude=39.6478501111, Longitude=-82.8174205278, BrightnessTotal=0.834254338842, exposureTime=0.01, xResolution=4000, yResolution=3000, SaturationTotalRed=0.862029911765, SaturationTotalGreen=0.833838885621, SaturationTotalBlue=0.732147871242, time=0.55025462963, GreenIndex=18.9628693333, LAI=0.00113066666667, Utility=153.7189880193729]"
33,"[4,32]","[39.6478509, -82.817523]",/data/chumley/tmp/Photos_01JUN2018//North_Path/Images/33.6Feet/Sorte_3/DJI_0035.JPG,"[3,32]","[5,32]","[4,33]","[4,31]","['Links/Photos_01JUN2018_67', [2, 16]]",[],"['Links/Photos_02Aug2018_33', '[4, 32]']",[],"[Latitude=39.6478501944, Longitude=-82.8175253611, BrightnessTotal=0.818764719117, exposureTime=0.01, xResolution=4000, yResolution=3000, SaturationTotalRed=0.851264598693, SaturationTotalGreen=0.816896555556, SaturationTotalBlue=0.713489415033, time=0.550347222222, GreenIndex=17.815824, LAI=0.001168, Utility=144.43040486058453]"
33,"[4,33]","[39.6478509, -82.8176271]",/data/chumley/tmp/Photos_01JUN2018//North_Path/Images/33.6Feet/Sorte_3/DJI_0036.JPG,"[3,33]","[5,33]","[4,34]","[4,32]","['Links/Photos_01JUN2018_67', [2, 16]]",[],"['Links/Photos_02Aug2018_33', '[4, 33]']",[],"[Latitude=39.6478505556, Longitude=-82.81762975, BrightnessTotal=0.839738063048, exposureTime=0.01, xResolution=4000, yResolution=3000, SaturationTotalRed=0.872799061438, SaturationTotalGreen=0.837204594118, SaturationTotalBlue=0.74004768366, time=0.550428240741, GreenIndex=15.8828853333, LAI=0.000645333333333, Utility=128.78012983006917]"
33,"[4,34]","[39.6478509, -82.8177313]",/data/chumley/tmp/Photos_01JUN2018//North_Path/Images/33.6Feet/Sorte_3/DJI_0037.JPG,"[3,34]","[5,34]","[4,35]","[4,33]","['Links/Photos_01JUN2018_67', [2, 17]]",[],"['Links/Photos_02Aug2018_33', '[4, 34]']",[],"[Latitude=39.6478506389, Longitude=-82.8177326667, BrightnessTotal=0.835801721035, exposureTime=0.01, xResolution=4000, yResolution=3000, SaturationTotalRed=0.867676996078, SaturationTotalGreen=0.833749505229, SaturationTotalBlue=0.735486261111, time=0.550520833333, GreenIndex=16.618496, LAI=0.000682666666667, Utility=134.73627450412033]"
33,"[4,35]","[39.6478509, -82.8178355]",/data/chumley/tmp/Photos_01JUN2018//North_Path/Images/33.6Feet/Sorte_3/DJI_0038.JPG,"[3,35]","[5,35]","[4,36]","[4,34]","['Links/Photos_01JUN2018_67', [2, 17]]",[],"['Links/Photos_02Aug2018_33', '[4, 35]']",[],"[Latitude=39.6478511389, Longitude=-82.81783725, BrightnessTotal=0.846363497899, exposureTime=0.01, xResolution=4000, yResolution=3000, SaturationTotalRed=0.874335086601, SaturationTotalGreen=0.845538611765, SaturationTotalBlue=0.748286330065, time=0.550601851852, GreenIndex=17.670304, LAI=0.00064, Utility=143.25343492700475]"
33,"[4,36]","[39.6478509, -82.8179397]",/data/chumley/tmp/Photos_01JUN2018//North_Path/Images/33.6Feet/Sorte_3/DJI_0039.JPG,"[3,36]","[5,36]","[4,37]","[4,35]","['Links/Photos_01JUN2018_67', [2, 18]]",[],"['Links/Photos_02Aug2018_33', '[4, 36]']",[],"[Latitude=39.6478498889, Longitude=-82.8179422778, BrightnessTotal=0.826879249117, exposureTime=0.01, xResolution=4000, yResolution=3000, SaturationTotalRed=0.85682281732, SaturationTotalGreen=0.825620800327, SaturationTotalBlue=0.725383456536, time=0.550694444444, GreenIndex=17.832432, LAI=0.00119466666667, Utility=144.56523543265305]"
33,"[4,37]","[39.6478509, -82.8180438]",/data/chumley/tmp/Photos_01JUN2018//North_Path/Images/33.6Feet/Sorte_3/DJI_0040.JPG,"[3,37]","[5,37]","[4,38]","[4,36]","['Links/Photos_01JUN2018_67', [2, 18]]",[],"['Links/Photos_02Aug2018_33', '[4, 37]']",[],"[Latitude=39.6478496111, Longitude=-82.8180453611, BrightnessTotal=0.841142604375, exposureTime=0.01, xResolution=4000, yResolution=3000, SaturationTotalRed=0.872382963072, SaturationTotalGreen=0.839116191503, SaturationTotalBlue=0.743236132353, time=0.550775462963, GreenIndex=16.2023413333, LAI=0.000976, Utility=131.36683390397403]"
33,"[4,38]","[39.6478509, -82.818148]",/data/chumley/tmp/Photos_01JUN2018//North_Path/Images/33.6Feet/Sorte_3/DJI_0041.JPG,"[3,38]","[5,38]","[4,39]","[4,37]","['Links/Photos_01JUN2018_67', [2, 19]]",[],"['Links/Photos_02Aug2018_33', '[4, 38]']",[],"[Latitude=39.6478505, Longitude=-82.8181504722, BrightnessTotal=0.819313806278, exposureTime=0.01, xResolution=4000, yResolution=3000, SaturationTotalRed=0.854362137255, SaturationTotalGreen=0.816344541176, SaturationTotalBlue=0.716052685294, time=0.550868055556, GreenIndex=16.0928, LAI=0.00112533333333, Utility=130.47876388397924]"
33,"[4,39]","[39.6478509, -82.8182522]",/data/chumley/tmp/Photos_01JUN2018//North_Path/Images/33.6Feet/Sorte_3/DJI_0042.JPG,"[3,39]","[5,39]","[4,40]","[4,38]","['Links/Photos_01JUN2018_67', [2, 19]]",[],"['Links/Photos_02Aug2018_33', '[4, 39]']",[],"[Latitude=39.6478500278, Longitude=-82.8182548889, BrightnessTotal=0.851024323134, exposureTime=0.01, xResolution=4000, yResolution=3000, SaturationTotalRed=0.881873947059, SaturationTotalGreen=0.848920837908, SaturationTotalBlue=0.755720204248, time=0.550949074074, GreenIndex=15.5439786667, LAI=0.000384, Utility=126.03643136175818]"
33,"[4,40]","[39.6478509, -82.8183563]",/data/chumley/tmp/Photos_01JUN2018//North_Path/Images/33.6Feet/Sorte_3/DJI_0043.JPG,"[3,40]","[5,40]","[4,41]","[4,39]","['Links/Photos_01JUN2018_67', [2, 20]]",[],"['Links/Photos_02Aug2018_33', '[4, 40]']",[],"[Latitude=39.6478500556, Longitude=-82.8183579444, BrightnessTotal=0.821390552057, exposureTime=0.01, xResolution=4000, yResolution=3000, SaturationTotalRed=0.854081410131, SaturationTotalGreen=0.818873935621, SaturationTotalBlue=0.72284767451, time=0.551041666667, GreenIndex=15.74336, LAI=0.00105066666667, Utility=127.6493857598631]"
33,"[4,41]","[39.6478509, -82.8184605]",/data/chumley/tmp/Photos_01JUN2018//North_Path/Images/33.6Feet/Sorte_3/DJI_0044.JPG,"[3,41]","[5,41]","[4,42]","[4,40]","['Links/Photos_01JUN2018_67', [2, 20]]",[],"['Links/Photos_02Aug2018_33', '[4, 41]']",[],"[Latitude=39.64785025, Longitude=-82.8184629722, BrightnessTotal=0.843310116517, exposureTime=0.01, xResolution=4000, yResolution=3000, SaturationTotalRed=0.871961466667, SaturationTotalGreen=0.841783960131, SaturationTotalBlue=0.750419894444, time=0.551122685185, GreenIndex=15.7894346667, LAI=0.000469333333333, Utility=128.02353286370115]"
33,"[4,42]","[39.6478509, -82.8185647]",/data/chumley/tmp/Photos_01JUN2018//North_Path/Images/33.6Feet/Sorte_3/DJI_0045.JPG,"[3,42]","[5,42]","[4,43]","[4,41]","['Links/Photos_01JUN2018_67', [2, 21]]",[],"['Links/Photos_02Aug2018_33', '[4, 42]']",[],"[Latitude=39.6478500278, Longitude=-82.8185668056, BrightnessTotal=0.848538896127, exposureTime=0.01, xResolution=4000, yResolution=3000, SaturationTotalRed=0.87117194183, SaturationTotalGreen=0.850803109477, SaturationTotalBlue=0.73686764281, time=0.551215277778, GreenIndex=24.004544, LAI=0.000752, Utility=194.5427056990035]"
33,"[4,43]","[39.6478509, -82.8186688]",/data/chumley/tmp/Photos_01JUN2018//North_Path/Images/33.6Feet/Sorte_3/DJI_0046.JPG,"[3,43]","[5,43]",[],"[4,42]","['Links/Photos_01JUN2018_67', [2, 21]]",[],"['Links/Photos_02Aug2018_33', '[4, 43]']",[],"[Latitude=39.6478496111, Longitude=-82.8186713611, BrightnessTotal=0.835064444926, exposureTime=0.01, xResolution=4000, yResolution=3000, SaturationTotalRed=0.823864920261, SaturationTotalGreen=0.84853701732, SaturationTotalBlue=0.729853358824, time=0.551296296296, GreenIndex=36.6503253333, LAI=0.00677866666667, Utility=296.9368976194758]"
33,"[5,0]","[39.647744, -82.8141896]",/data/chumley/tmp/Photos_01JUN2018//North_Path/Images/33.6Feet/Sorte_3/DJI_0090.JPG,"[4,0]","[6,0]","[5,1]",[],"['Links/Photos_01JUN2018_67', [2, 0]]",[],"['Links/Photos_02Aug2018_33', '[5, 0]']",[],"[Latitude=39.6477449444, Longitude=-82.8141914167, BrightnessTotal=0.801862535664, exposureTime=0.006147, xResolution=4000, yResolution=3000, SaturationTotalRed=0.84833848268, SaturationTotalGreen=0.794291685294, SaturationTotalBlue=0.702827075163, time=0.555150462963, GreenIndex=9.73012266667, LAI=0.000613333333333, Utility=78.95765750818516]"
33,"[5,1]","[39.647744, -82.8142937]",/data/chumley/tmp/Photos_01JUN2018//North_Path/Images/33.6Feet/Sorte_3/DJI_0089.JPG,"[4,1]","[6,1]","[5,2]","[5,0]","['Links/Photos_01JUN2018_67', [2, 0]]",[],"['Links/Photos_02Aug2018_33', '[5, 1]']",[],"[Latitude=39.6477440833, Longitude=-82.8142951389, BrightnessTotal=0.842768631974, exposureTime=0.008103, xResolution=4000, yResolution=3000, SaturationTotalRed=0.879442446078, SaturationTotalGreen=0.838085266013, SaturationTotalBlue=0.752599683007, time=0.55505787037, GreenIndex=11.4304, LAI=8.53333333333e-05, Utility=92.72710344845036]"
33,"[5,2]","[39.647744, -82.8143979]",/data/chumley/tmp/Photos_01JUN2018//North_Path/Images/33.6Feet/Sorte_3/DJI_0088.JPG,"[4,2]","[6,2]","[5,3]","[5,1]","['Links/Photos_01JUN2018_67', [2, 1]]",[],"['Links/Photos_02Aug2018_33', '[5, 2]']",[],"[Latitude=39.6477438889, Longitude=-82.8143993889, BrightnessTotal=0.871472418846, exposureTime=0.009379, xResolution=4000, yResolution=3000, SaturationTotalRed=0.906040245098, SaturationTotalGreen=0.867310315359, SaturationTotalBlue=0.784370693464, time=0.554976851852, GreenIndex=11.4276106667, LAI=2.13333333333e-05, Utility=92.70593739411675]"
33,"[5,3]","[39.647744, -82.8145021]",/data/chumley/tmp/Photos_01JUN2018//North_Path/Images/33.6Feet/Sorte_3/DJI_0087.JPG,"[4,3]","[6,3]","[5,4]","[5,2]","['Links/Photos_01JUN2018_67', [2, 1]]",[],"['Links/Photos_02Aug2018_33', '[5, 3]']",[],"[Latitude=39.6477435278, Longitude=-82.8145041389, BrightnessTotal=0.860807930025, exposureTime=0.008741, xResolution=4000, yResolution=3000, SaturationTotalRed=0.896181363072, SaturationTotalGreen=0.856572770261, SaturationTotalBlue=0.771123297386, time=0.554884259259, GreenIndex=11.8757386667, LAI=9.06666666667e-05, Utility=96.33398609502521]"
33,"[5,4]","[39.647744, -82.8146062]",/data/chumley/tmp/Photos_01JUN2018//North_Path/Images/33.6Feet/Sorte_3/DJI_0086.JPG,"[4,4]","[6,4]","[5,5]","[5,3]","['Links/Photos_01JUN2018_67', [2, 2]]",[],"['Links/Photos_02Aug2018_33', '[5, 4]']",[],"[Latitude=39.6477436667, Longitude=-82.8146078889, BrightnessTotal=0.84525446774, exposureTime=0.007972, xResolution=4000, yResolution=3000, SaturationTotalRed=0.881120560131, SaturationTotalGreen=0.841342045425, SaturationTotalBlue=0.749708939542, time=0.554803240741, GreenIndex=13.4161493333, LAI=0.000261333333333, Utility=108.80616359055463]"
33,"[5,5]","[39.647744, -82.8147104]",/data/chumley/tmp/Photos_01JUN2018//North_Path/Images/33.6Feet/Sorte_3/DJI_0085.JPG,"[4,5]","[6,5]","[5,6]","[5,4]","['Links/Photos_01JUN2018_67', [2, 2]]",[],"['Links/Photos_02Aug2018_33', '[5, 5]']",[],"[Latitude=39.6477431667, Longitude=-82.8147103333, BrightnessTotal=0.861261165092, exposureTime=0.008694, xResolution=4000, yResolution=3000, SaturationTotalRed=0.89428930719, SaturationTotalGreen=0.857840820261, SaturationTotalBlue=0.772025985948, time=0.554710648148, GreenIndex=12.7883626667, LAI=7.46666666667e-05, Utility=103.72369549267785]"
33,"[5,6]","[39.647744, -82.8148146]",/data/chumley/tmp/Photos_01JUN2018//North_Path/Images/33.6Feet/Sorte_3/DJI_0084.JPG,"[4,6]","[6,6]","[5,7]","[5,5]","['Links/Photos_01JUN2018_67', [2, 3]]",[],"['Links/Photos_02Aug2018_33', '[5, 6]']",[],"[Latitude=39.6477445556, Longitude=-82.81481525, BrightnessTotal=0.838303232071, exposureTime=0.008059, xResolution=4000, yResolution=3000, SaturationTotalRed=0.877859410784, SaturationTotalGreen=0.833587873203, SaturationTotalBlue=0.736390800654, time=0.554618055556, GreenIndex=13.702736, LAI=5.33333333333e-05, Utility=111.12636750339863]"
33,"[5,7]","[39.647744, -82.8149187]",/data/chumley/tmp/Photos_01JUN2018//North_Path/Images/33.6Feet/Sorte_3/DJI_0083.JPG,"[4,7]","[6,7]","[5,8]","[5,6]","['Links/Photos_01JUN2018_67', [2, 3]]",[],"['Links/Photos_02Aug2018_33', '[5, 7]']",[],"[Latitude=39.6477446944, Longitude=-82.8149205, BrightnessTotal=0.847041746682, exposureTime=0.008508, xResolution=4000, yResolution=3000, SaturationTotalRed=0.893668798039, SaturationTotalGreen=0.83895214085, SaturationTotalBlue=0.753936880719, time=0.554537037037, GreenIndex=7.91605866667, LAI=2.13333333333e-05, Utility=64.2712195059831]"
33,"[5,8]","[39.647744, -82.8150229]",/data/chumley/tmp/Photos_01JUN2018//North_Path/Images/33.6Feet/Sorte_3/DJI_0082.JPG,"[4,8]","[6,8]","[5,9]","[5,7]","['Links/Photos_01JUN2018_67', [2, 4]]",[],"['Links/Photos_02Aug2018_33', '[5, 8]']",[],"[Latitude=39.6477444167, Longitude=-82.8150240833, BrightnessTotal=0.860401937342, exposureTime=0.009532, xResolution=4000, yResolution=3000, SaturationTotalRed=0.894605375163, SaturationTotalGreen=0.856067548366, SaturationTotalBlue=0.776627135621, time=0.554444444444, GreenIndex=10.624416, LAI=1.06666666667e-05, Utility=86.20190782981615]"
33,"[5,9]","[39.647744, -82.8151271]",/data/chumley/tmp/Photos_01JUN2018//North_Path/Images/33.6Feet/Sorte_3/DJI_0081.JPG,"[4,9]","[6,9]","[5,10]","[5,8]","['Links/Photos_01JUN2018_67', [2, 4]]",[],"['Links/Photos_02Aug2018_33', '[5, 9]']",[],"[Latitude=39.6477448056, Longitude=-82.8151283056, BrightnessTotal=0.844785661855, exposureTime=0.008789, xResolution=4000, yResolution=3000, SaturationTotalRed=0.879484798039, SaturationTotalGreen=0.840979046078, SaturationTotalBlue=0.752877433333, time=0.554363425926, GreenIndex=12.8490133333, LAI=8.53333333333e-05, Utility=104.21403856716191]"
33,"[5,10]","[39.647744, -82.8152313]",/data/chumley/tmp/Photos_01JUN2018//North_Path/Images/33.6Feet/Sorte_3/DJI_0080.JPG,"[4,10]","[6,10]","[5,11]","[5,9]","['Links/Photos_01JUN2018_67', [2, 5]]",[],"['Links/Photos_02Aug2018_33', '[5, 10]']",[],"[Latitude=39.6477439167, Longitude=-82.8152316389, BrightnessTotal=0.836541306291, exposureTime=0.008059, xResolution=4000, yResolution=3000, SaturationTotalRed=0.877012018627, SaturationTotalGreen=0.830757394444, SaturationTotalBlue=0.742978053595, time=0.554270833333, GreenIndex=10.7749653333, LAI=5.33333333333e-05, Utility=87.41975941715691]"
33,"[5,11]","[39.647744, -82.8153354]",/data/chumley/tmp/Photos_01JUN2018//North_Path/Images/33.6Feet/Sorte_3/DJI_0079.JPG,"[4,11]","[6,11]","[5,12]","[5,10]","['Links/Photos_01JUN2018_67', [2, 5]]",[],"['Links/Photos_02Aug2018_33', '[5, 11]']",[],"[Latitude=39.6477436111, Longitude=-82.81533525, BrightnessTotal=0.835078817576, exposureTime=0.008059, xResolution=4000, yResolution=3000, SaturationTotalRed=0.876276049673, SaturationTotalGreen=0.829194469608, SaturationTotalBlue=0.739595313725, time=0.554178240741, GreenIndex=11.013248, LAI=5.33333333333e-05, Utility=89.34910718599932]"
33,"[5,12]","[39.647744, -82.8154396]",/data/chumley/tmp/Photos_01JUN2018//North_Path/Images/33.6Feet/Sorte_3/DJI_0078.JPG,"[4,12]","[6,12]","[5,13]","[5,11]","['Links/Photos_01JUN2018_67', [2, 6]]",[],"['Links/Photos_02Aug2018_33', '[5, 12]']",[],"[Latitude=39.6477438333, Longitude=-82.8154398333, BrightnessTotal=0.855325592753, exposureTime=0.009228, xResolution=4000, yResolution=3000, SaturationTotalRed=0.893385769608, SaturationTotalGreen=0.850263160784, SaturationTotalBlue=0.763832217647, time=0.554097222222, GreenIndex=11.237328, LAI=1.6e-05, Utility=91.1645304735373]"
33,"[5,13]","[39.647744, -82.8155438]",/data/chumley/tmp/Photos_01JUN2018//North_Path/Images/33.6Feet/Sorte_3/DJI_0077.JPG,"[4,13]","[6,13]","[5,14]","[5,12]","['Links/Photos_01JUN2018_67', [2, 6]]",[],"['Links/Photos_02Aug2018_33', '[5, 13]']",[],"[Latitude=39.6477443056, Longitude=-82.8155443056, BrightnessTotal=0.840490946979, exposureTime=0.008884, xResolution=4000, yResolution=3000, SaturationTotalRed=0.875531088235, SaturationTotalGreen=0.837061887582, SaturationTotalBlue=0.742814435294, time=0.55400462963, GreenIndex=14.442768, LAI=0.000117333333333, Utility=117.11874321991452]"
33,"[5,14]","[39.647744, -82.8156479]",/data/chumley/tmp/Photos_01JUN2018//North_Path/Images/33.6Feet/Sorte_3/DJI_0076.JPG,"[4,14]","[6,14]","[5,15]","[5,13]","['Links/Photos_01JUN2018_67', [2, 7]]",[],"['Links/Photos_02Aug2018_33', '[5, 14]']",[],"[Latitude=39.6477443889, Longitude=-82.8156498056, BrightnessTotal=0.844885325777, exposureTime=0.008836, xResolution=4000, yResolution=3000, SaturationTotalRed=0.883154307516, SaturationTotalGreen=0.839763344771, SaturationTotalBlue=0.753087511438, time=0.553923611111, GreenIndex=11.2548373333, LAI=0.000122666666667, Utility=91.30582609084077]"
33,"[5,15]","[39.647744, -82.8157521]",/data/chumley/tmp/Photos_01JUN2018//North_Path/Images/33.6Feet/Sorte_3/DJI_0075.JPG,"[4,15]","[6,15]","[5,16]","[5,14]","['Links/Photos_01JUN2018_67', [2, 7]]",[],"['Links/Photos_02Aug2018_33', '[5, 15]']",[],"[Latitude=39.64774375, Longitude=-82.8157522778, BrightnessTotal=0.826155943585, exposureTime=0.008147, xResolution=4000, yResolution=3000, SaturationTotalRed=0.862016007843, SaturationTotalGreen=0.82232656634, SaturationTotalBlue=0.729470897059, time=0.553831018519, GreenIndex=13.7945493333, LAI=0.000346666666667, Utility=111.86935218001308]"
33,"[5,16]","[39.647744, -82.8158563]",/data/chumley/tmp/Photos_01JUN2018//North_Path/Images/33.6Feet/Sorte_3/DJI_0074.JPG,"[4,16]","[6,16]","[5,17]","[5,15]","['Links/Photos_01JUN2018_67', [2, 8]]",[],"['Links/Photos_02Aug2018_33', '[5, 16]']",[],"[Latitude=39.6477446389, Longitude=-82.8158561667, BrightnessTotal=0.837737942763, exposureTime=0.0086, xResolution=4000, yResolution=3000, SaturationTotalRed=0.869217204902, SaturationTotalGreen=0.835211984314, SaturationTotalBlue=0.744518604575, time=0.553738425926, GreenIndex=14.6731413333, LAI=0.000250666666667, Utility=118.98403827047417]"
33,"[5,17]","[39.647744, -82.8159604]",/data/chumley/tmp/Photos_01JUN2018//North_Path/Images/33.6Feet/Sorte_3/DJI_0073.JPG,"[4,17]","[6,17]","[5,18]","[5,16]","['Links/Photos_01JUN2018_67', [2, 8]]",[],"['Links/Photos_02Aug2018_33', '[5, 17]']",[],"[Latitude=39.6477443611, Longitude=-82.8159613333, BrightnessTotal=0.841124614357, exposureTime=0.008647, xResolution=4000, yResolution=3000, SaturationTotalRed=0.873823472549, SaturationTotalGreen=0.838145258497, SaturationTotalBlue=0.748056442157, time=0.553657407407, GreenIndex=14.0938186667, LAI=0.000378666666667, Utility=114.29335155925614]"
33,"[5,18]","[39.647744, -82.8160646]",/data/chumley/tmp/Photos_01JUN2018//North_Path/Images/33.6Feet/Sorte_3/DJI_0072.JPG,"[4,18]","[6,18]","[5,19]","[5,17]","['Links/Photos_01JUN2018_67', [2, 9]]",[],"['Links/Photos_02Aug2018_33', '[5, 18]']",[],"[Latitude=39.6477436667, Longitude=-82.8160649722, BrightnessTotal=0.817545743284, exposureTime=0.007759, xResolution=4000, yResolution=3000, SaturationTotalRed=0.852302790523, SaturationTotalGreen=0.814724564052, SaturationTotalBlue=0.713777394118, time=0.553564814815, GreenIndex=16.3655306667, LAI=0.00118933333333, Utility=132.6865814767793]"
33,"[5,19]","[39.647744, -82.8161688]",/data/chumley/tmp/Photos_01JUN2018//North_Path/Images/33.6Feet/Sorte_3/DJI_0071.JPG,"[4,19]","[6,19]","[5,20]","[5,18]","['Links/Photos_01JUN2018_67', [2, 9]]",[],"['Links/Photos_02Aug2018_33', '[5, 19]']",[],"[Latitude=39.6477441111, Longitude=-82.8161702222, BrightnessTotal=0.826503824604, exposureTime=0.008147, xResolution=4000, yResolution=3000, SaturationTotalRed=0.860324392484, SaturationTotalGreen=0.823699202288, SaturationTotalBlue=0.726601070261, time=0.553483796296, GreenIndex=15.6217706667, LAI=0.000864, Utility=126.6647054810763]"
33,"[5,20]","[39.647744, -82.8162729]",/data/chumley/tmp/Photos_01JUN2018//North_Path/Images/33.6Feet/Sorte_3/DJI_0070.JPG,"[4,20]","[6,20]","[5,21]","[5,19]","['Links/Photos_01JUN2018_67', [2, 10]]",[],"['Links/Photos_02Aug2018_33', '[5, 20]']",[],"[Latitude=39.6477444444, Longitude=-82.8162725556, BrightnessTotal=0.841313487793, exposureTime=0.008647, xResolution=4000, yResolution=3000, SaturationTotalRed=0.874876339869, SaturationTotalGreen=0.83813388268, SaturationTotalBlue=0.746947136275, time=0.553391203704, GreenIndex=14.0750986667, LAI=0.000314666666667, Utility=114.14181976071353]"
33,"[5,21]","[39.647744, -82.8163771]",/data/chumley/tmp/Photos_01JUN2018//North_Path/Images/33.6Feet/Sorte_3/DJI_0069.JPG,"[4,21]","[6,21]","[5,22]","[5,20]","['Links/Photos_01JUN2018_67', [2, 10]]",[],"['Links/Photos_02Aug2018_33', '[5, 21]']",[],"[Latitude=39.6477441944, Longitude=-82.8163777778, BrightnessTotal=0.830846979484, exposureTime=0.008508, xResolution=4000, yResolution=3000, SaturationTotalRed=0.862741068627, SaturationTotalGreen=0.828472479739, SaturationTotalBlue=0.734103193137, time=0.553310185185, GreenIndex=15.5315573333, LAI=0.00056, Utility=125.93448572693322]"
33,"[5,22]","[39.647744, -82.8164813]",/data/chumley/tmp/Photos_01JUN2018//North_Path/Images/33.6Feet/Sorte_3/DJI_0068.JPG,"[4,22]","[6,22]","[5,23]","[5,21]","['Links/Photos_01JUN2018_67', [2, 11]]",[],"['Links/Photos_02Aug2018_33', '[5, 22]']",[],"[Latitude=39.6477446944, Longitude=-82.8164811667, BrightnessTotal=0.822134332863, exposureTime=0.008333, xResolution=4000, yResolution=3000, SaturationTotalRed=0.854742960131, SaturationTotalGreen=0.819861439869, SaturationTotalBlue=0.721134295098, time=0.553217592593, GreenIndex=16.4792426667, LAI=0.000608, Utility=133.60761503272732]"
33,"[5,23]","[39.647744, -82.8165855]",/data/chumley/tmp/Photos_01JUN2018//North_Path/Images/33.6Feet/Sorte_3/DJI_0067.JPG,"[4,23]","[6,23]","[5,24]","[5,22]","['Links/Photos_01JUN2018_67', [2, 11]]",[],"['Links/Photos_02Aug2018_33', '[5, 23]']",[],"[Latitude=39.6477441389, Longitude=-82.8165854167, BrightnessTotal=0.84592420862, exposureTime=0.009278, xResolution=4000, yResolution=3000, SaturationTotalRed=0.879794802614, SaturationTotalGreen=0.842381033987, SaturationTotalBlue=0.754464953268, time=0.553136574074, GreenIndex=13.0512746667, LAI=0.000144, Utility=105.85203521161334]"
33,"[5,24]","[39.647744, -82.8166896]",/data/chumley/tmp/Photos_01JUN2018//North_Path/Images/33.6Feet/Sorte_3/DJI_0066.JPG,"[4,24]","[6,24]","[5,25]","[5,23]","['Links/Photos_01JUN2018_67', [2, 12]]",[],"['Links/Photos_02Aug2018_33', '[5, 24]']",[],"[Latitude=39.6477453611, Longitude=-82.81669125, BrightnessTotal=0.838094380812, exposureTime=0.009128, xResolution=4000, yResolution=3000, SaturationTotalRed=0.870185951307, SaturationTotalGreen=0.835265996732, SaturationTotalBlue=0.745790439869, time=0.553043981481, GreenIndex=14.102656, LAI=0.000304, Utility=114.36486352956051]"
33,"[5,25]","[39.647744, -82.8167938]",/data/chumley/tmp/Photos_01JUN2018//North_Path/Images/33.6Feet/Sorte_3/DJI_0065.JPG,"[4,25]","[6,25]","[5,26]","[5,24]","['Links/Photos_01JUN2018_67', [2, 12]]",[],"['Links/Photos_02Aug2018_33', '[5, 25]']",[],"[Latitude=39.6477431111, Longitude=-82.8167941111, BrightnessTotal=0.85753731046, exposureTime=0.01, xResolution=4000, yResolution=3000, SaturationTotalRed=0.888750890196, SaturationTotalGreen=0.854687008824, SaturationTotalBlue=0.769272925817, time=0.552962962963, GreenIndex=13.2758186667, LAI=9.6e-05, Utility=107.67080753195916]"
33,"[5,26]","[39.647744, -82.816898]",/data/chumley/tmp/Photos_01JUN2018//North_Path/Images/33.6Feet/Sorte_3/DJI_0064.JPG,"[4,26]","[6,26]","[5,27]","[5,25]","['Links/Photos_01JUN2018_67', [2, 13]]",[],"['Links/Photos_02Aug2018_33', '[5, 26]']",[],"[Latitude=39.6477443333, Longitude=-82.8168973889, BrightnessTotal=0.860948441239, exposureTime=0.01, xResolution=4000, yResolution=3000, SaturationTotalRed=0.897881600654, SaturationTotalGreen=0.855903517647, SaturationTotalBlue=0.773966616667, time=0.55287037037, GreenIndex=10.3786453333, LAI=8e-05, Utility=84.21213378907922]"
33,"[5,27]","[39.647744, -82.8170021]",/data/chumley/tmp/Photos_01JUN2018//North_Path/Images/33.6Feet/Sorte_3/DJI_0063.JPG,"[4,27]","[6,27]","[5,28]","[5,26]","['Links/Photos_01JUN2018_67', [2, 13]]",[],"['Links/Photos_02Aug2018_33', '[5, 27]']",[],"[Latitude=39.64774375, Longitude=-82.8170029444, BrightnessTotal=0.861524810536, exposureTime=0.01, xResolution=4000, yResolution=3000, SaturationTotalRed=0.896476757516, SaturationTotalGreen=0.857675339869, SaturationTotalBlue=0.769223835621, time=0.552789351852, GreenIndex=12.8404266667, LAI=0.000117333333333, Utility=104.14557757107346]"
33,"[5,28]","[39.647744, -82.8171063]",/data/chumley/tmp/Photos_01JUN2018//North_Path/Images/33.6Feet/Sorte_3/DJI_0062.JPG,"[4,28]","[6,28]","[5,29]","[5,27]","['Links/Photos_01JUN2018_67', [2, 14]]",[],"['Links/Photos_02Aug2018_33', '[5, 28]']",[],"[Latitude=39.6477439167, Longitude=-82.8171066389, BrightnessTotal=0.85020184978, exposureTime=0.01, xResolution=4000, yResolution=3000, SaturationTotalRed=0.884773600654, SaturationTotalGreen=0.846867023856, SaturationTotalBlue=0.75350697451, time=0.552696759259, GreenIndex=14.32792, LAI=0.000165333333333, Utility=116.18948840456017]"
33,"[5,29]","[39.647744, -82.8172105]",/data/chumley/tmp/Photos_01JUN2018//North_Path/Images/33.6Feet/Sorte_3/DJI_0061.JPG,"[4,29]","[6,29]","[5,30]","[5,28]","['Links/Photos_01JUN2018_67', [2, 14]]",[],"['Links/Photos_02Aug2018_33', '[5, 29]']",[],"[Latitude=39.6477446111, Longitude=-82.81721225, BrightnessTotal=0.853929334092, exposureTime=0.01, xResolution=4000, yResolution=3000, SaturationTotalRed=0.889314600327, SaturationTotalGreen=0.850512984641, SaturationTotalBlue=0.754816224837, time=0.552604166667, GreenIndex=14.709312, LAI=8.53333333333e-05, Utility=119.27786516986833]"
33,"[5,30]","[39.647744, -82.8173146]",/data/chumley/tmp/Photos_01JUN2018//North_Path/Images/33.6Feet/Sorte_3/DJI_0060.JPG,"[4,30]","[6,30]","[5,31]","[5,29]","['Links/Photos_01JUN2018_67', [2, 15]]",[],"['Links/Photos_02Aug2018_33', '[5, 30]']",[],"[Latitude=39.6477443056, Longitude=-82.8173153056, BrightnessTotal=0.839524233898, exposureTime=0.01, xResolution=4000, yResolution=3000, SaturationTotalRed=0.874139223529, SaturationTotalGreen=0.836741782353, SaturationTotalBlue=0.736182844444, time=0.552523148148, GreenIndex=16.327104, LAI=0.000186666666667, Utility=132.37667347035674]"
33,"[5,31]","[39.647744, -82.8174188]",/data/chumley/tmp/Photos_01JUN2018//North_Path/Images/33.6Feet/Sorte_3/DJI_0059.JPG,"[4,31]","[6,31]","[5,32]","[5,30]","['Links/Photos_01JUN2018_67', [2, 15]]",[],"['Links/Photos_02Aug2018_33', '[5, 31]']",[],"[Latitude=39.6477452222, Longitude=-82.8174199722, BrightnessTotal=0.854928734405, exposureTime=0.01, xResolution=4000, yResolution=3000, SaturationTotalRed=0.889643022549, SaturationTotalGreen=0.851734073856, SaturationTotalBlue=0.756088541176, time=0.552430555556, GreenIndex=14.9215626667, LAI=0.000117333333333, Utility=120.99656929092856]"
33,"[5,32]","[39.647744, -82.817523]",/data/chumley/tmp/Photos_01JUN2018//North_Path/Images/33.6Feet/Sorte_3/DJI_0058.JPG,"[4,32]","[6,32]","[5,33]","[5,31]","['Links/Photos_01JUN2018_67', [2, 16]]",[],"['Links/Photos_02Aug2018_33', '[5, 32]']",[],"[Latitude=39.6477442778, Longitude=-82.8175243333, BrightnessTotal=0.861588707859, exposureTime=0.01, xResolution=4000, yResolution=3000, SaturationTotalRed=0.898047325163, SaturationTotalGreen=0.857620513399, SaturationTotalBlue=0.764389490523, time=0.552349537037, GreenIndex=13.672432, LAI=7.46666666667e-05, Utility=110.88250876689816]"
33,"[5,33]","[39.647744, -82.8176271]",/data/chumley/tmp/Photos_01JUN2018//North_Path/Images/33.6Feet/Sorte_3/DJI_0057.JPG,"[4,33]","[6,33]","[5,34]","[5,32]","['Links/Photos_01JUN2018_67', [2, 16]]",[],"['Links/Photos_02Aug2018_33', '[5, 33]']",[],"[Latitude=39.6477448611, Longitude=-82.8176256667, BrightnessTotal=0.847489892925, exposureTime=0.01, xResolution=4000, yResolution=3000, SaturationTotalRed=0.885617228758, SaturationTotalGreen=0.843397762418, SaturationTotalBlue=0.744554136601, time=0.552256944444, GreenIndex=14.680208, LAI=0.000181333333333, Utility=119.04193441228881]"
33,"[5,34]","[39.647744, -82.8177313]",/data/chumley/tmp/Photos_01JUN2018//North_Path/Images/33.6Feet/Sorte_3/DJI_0056.JPG,"[4,34]","[6,34]","[5,35]","[5,33]","['Links/Photos_01JUN2018_67', [2, 17]]",[],"['Links/Photos_02Aug2018_33', '[5, 34]']",[],"[Latitude=39.6477437222, Longitude=-82.8177313333, BrightnessTotal=0.84061944469, exposureTime=0.01, xResolution=4000, yResolution=3000, SaturationTotalRed=0.878316576797, SaturationTotalGreen=0.836880430719, SaturationTotalBlue=0.735338353268, time=0.552175925926, GreenIndex=15.5672106667, LAI=0.000234666666667, Utility=126.22380195851281]"
33,"[5,35]","[39.647744, -82.8178355]",/data/chumley/tmp/Photos_01JUN2018//North_Path/Images/33.6Feet/Sorte_3/DJI_0055.JPG,"[4,35]","[6,35]","[5,36]","[5,34]","['Links/Photos_01JUN2018_67', [2, 17]]",[],"['Links/Photos_02Aug2018_33', '[5, 35]']",[],"[Latitude=39.6477439444, Longitude=-82.8178346667, BrightnessTotal=0.835161364593, exposureTime=0.01, xResolution=4000, yResolution=3000, SaturationTotalRed=0.870901102941, SaturationTotalGreen=0.832116171895, SaturationTotalBlue=0.730060132026, time=0.552083333333, GreenIndex=16.3806666667, LAI=0.000352, Utility=132.8102312674816]"
33,"[5,36]","[39.647744, -82.8179397]",/data/chumley/tmp/Photos_01JUN2018//North_Path/Images/33.6Feet/Sorte_3/DJI_0054.JPG,"[4,36]","[6,36]","[5,37]","[5,35]","['Links/Photos_01JUN2018_67', [2, 18]]",[],"['Links/Photos_02Aug2018_33', '[5, 36]']",[],"[Latitude=39.6477433333, Longitude=-82.8179413333, BrightnessTotal=0.838606788827, exposureTime=0.01, xResolution=4000, yResolution=3000, SaturationTotalRed=0.874331868301, SaturationTotalGreen=0.835362053268, SaturationTotalBlue=0.735917135294, time=0.552002314815, GreenIndex=15.650384, LAI=0.000309333333333, Utility=126.89720959617038]"
33,"[5,37]","[39.647744, -82.8180438]",/data/chumley/tmp/Photos_01JUN2018//North_Path/Images/33.6Feet/Sorte_3/DJI_0053.JPG,"[4,37]","[6,37]","[5,38]","[5,36]","['Links/Photos_01JUN2018_67', [2, 18]]",[],"['Links/Photos_02Aug2018_33', '[5, 37]']",[],"[Latitude=39.6477435278, Longitude=-82.8180422222, BrightnessTotal=0.844481213715, exposureTime=0.01, xResolution=4000, yResolution=3000, SaturationTotalRed=0.882350913725, SaturationTotalGreen=0.840302234314, SaturationTotalBlue=0.743591284641, time=0.551909722222, GreenIndex=14.1486826667, LAI=0.000224, Utility=114.73800939537963]"
33,"[5,38]","[39.647744, -82.818148]",/data/chumley/tmp/Photos_01JUN2018//North_Path/Images/33.6Feet/Sorte_3/DJI_0052.JPG,"[4,38]","[6,38]","[5,39]","[5,37]","['Links/Photos_01JUN2018_67', [2, 19]]",[],"['Links/Photos_02Aug2018_33', '[5, 38]']",[],"[Latitude=39.6477441944, Longitude=-82.8181483889, BrightnessTotal=0.83501617961, exposureTime=0.01, xResolution=4000, yResolution=3000, SaturationTotalRed=0.875170654902, SaturationTotalGreen=0.830012750654, SaturationTotalBlue=0.733844516013, time=0.551828703704, GreenIndex=13.210976, LAI=0.000341333333333, Utility=107.1448056873386]"
33,"[5,39]","[39.647744, -82.8182522]",/data/chumley/tmp/Photos_01JUN2018//North_Path/Images/33.6Feet/Sorte_3/DJI_0051.JPG,"[4,39]","[6,39]","[5,40]","[5,38]","['Links/Photos_01JUN2018_67', [2, 19]]",[],"['Links/Photos_02Aug2018_33', '[5, 39]']",[],"[Latitude=39.647744, Longitude=-82.8182522222, BrightnessTotal=0.840758440154, exposureTime=0.01, xResolution=4000, yResolution=3000, SaturationTotalRed=0.879873362745, SaturationTotalGreen=0.835827282026, SaturationTotalBlue=0.743209046732, time=0.551736111111, GreenIndex=12.5813973333, LAI=0.00024, Utility=102.0473181869615]"
33,"[5,40]","[39.647744, -82.8183563]",/data/chumley/tmp/Photos_01JUN2018//North_Path/Images/33.6Feet/Sorte_3/DJI_0050.JPG,"[4,40]","[6,40]","[5,41]","[5,39]","['Links/Photos_01JUN2018_67', [2, 20]]",[],"['Links/Photos_02Aug2018_33', '[5, 40]']",[],"[Latitude=39.64774425, Longitude=-82.8183550556, BrightnessTotal=0.867091809816, exposureTime=0.01, xResolution=4000, yResolution=3000, SaturationTotalRed=0.901468322222, SaturationTotalGreen=0.863337809804, SaturationTotalBlue=0.77613651732, time=0.551655092593, GreenIndex=12.7200373333, LAI=0.000122666666667, Utility=103.17122631195897]"
33,"[5,41]","[39.647744, -82.8184605]",/data/chumley/tmp/Photos_01JUN2018//North_Path/Images/33.6Feet/Sorte_3/DJI_0049.JPG,"[4,41]","[6,41]","[5,42]","[5,40]","['Links/Photos_01JUN2018_67', [2, 20]]",[],"['Links/Photos_02Aug2018_33', '[5, 41]']",[],"[Latitude=39.6477451667, Longitude=-82.8184588889, BrightnessTotal=0.831619191435, exposureTime=0.009901, xResolution=4000, yResolution=3000, SaturationTotalRed=0.869690277778, SaturationTotalGreen=0.827330892484, SaturationTotalBlue=0.73097677451, time=0.5515625, GreenIndex=13.96896, LAI=0.000197333333333, Utility=113.28219923497225]"
33,"[5,42]","[39.647744, -82.8185647]",/data/chumley/tmp/Photos_01JUN2018//North_Path/Images/33.6Feet/Sorte_3/DJI_0048.JPG,"[4,42]","[6,42]","[5,43]","[5,41]","['Links/Photos_01JUN2018_67', [2, 21]]",[],"['Links/Photos_02Aug2018_33', '[5, 42]']",[],"[Latitude=39.6477465833, Longitude=-82.8185621111, BrightnessTotal=0.832050961224, exposureTime=0.01, xResolution=4000, yResolution=3000, SaturationTotalRed=0.866390368301, SaturationTotalGreen=0.829109620261, SaturationTotalBlue=0.731610794444, time=0.551481481481, GreenIndex=15.4942826667, LAI=0.000341333333333, Utility=125.63300648370084]"
33,"[5,43]","[39.647744, -82.8186688]",/data/chumley/tmp/Photos_01JUN2018//North_Path/Images/33.6Feet/Sorte_3/DJI_0047.JPG,"[4,43]","[6,43]",[],"[5,42]","['Links/Photos_01JUN2018_67', [2, 21]]",[],"['Links/Photos_02Aug2018_33', '[5, 43]']",[],"[Latitude=39.6477432222, Longitude=-82.8186683889, BrightnessTotal=0.844334896817, exposureTime=0.01, xResolution=4000, yResolution=3000, SaturationTotalRed=0.836935101307, SaturationTotalGreen=0.854655263399, SaturationTotalBlue=0.76079928366, time=0.551388888889, GreenIndex=28.5605226667, LAI=0.002912, Utility=231.43303873085858]"
