33,1,"[39.646567805555556, -82.81492038888888]",/home/boubin/Images/Photos_01JUN2018/North_Path/Images/33.6Feet/Sorte_9/DJI_0010.JPG,68,46,[],4,[],[],[],[],"[Latitude=39.646567805555556, Longitude=-82.81492038888888, BrightnessTotal=0.9048392433960342, exposureTime=0.002529, xResolution=4000, yResolution=3000, SaturationTotalRed=0.9362751009803921, SaturationTotalGreen=0.9012536359477125, SaturationTotalBlue=0.8242682264705883, time=0.5134606481481482, GreenIndex=10.899968, LAI=0.0, Utility=88.44190365773784]"
33,2,"[39.64645958333333, -82.81439925]",/home/boubin/Images/Photos_01JUN2018/North_Path/Images/33.6Feet/Sorte_9/DJI_0088.JPG,47,86,41,35,[],[],[],[],"[Latitude=39.64645958333333, Longitude=-82.81439925, BrightnessTotal=0.9054976151071849, exposureTime=0.002641, xResolution=4000, yResolution=3000, SaturationTotalRed=0.9345324130718955, SaturationTotalGreen=0.902441585620915, SaturationTotalBlue=0.8286897630718955, time=0.5203125, GreenIndex=10.823418666666667, LAI=0.0, Utility=87.82100869047572]"
33,3,"[39.646459972222225, -82.8186708611111]",/home/boubin/Images/Photos_01JUN2018/North_Path/Images/33.6Feet/Sorte_9/DJI_0047.JPG,[],63,69,[],[],[],[],[],"[Latitude=39.646459972222225, Longitude=-82.8186708611111, BrightnessTotal=0.9261349122513236, exposureTime=0.005254, xResolution=4000, yResolution=3000, SaturationTotalRed=0.9487258875816994, SaturationTotalGreen=0.9238431460784314, SaturationTotalBlue=0.8664283088235295, time=0.5166550925925926, GreenIndex=8.440325333333334, LAI=0.0, Utility=68.52639379401391]"
33,4,"[39.646459666666665, -82.81492183333333]",/home/boubin/Images/Photos_01JUN2018/North_Path/Images/33.6Feet/Sorte_9/DJI_0083.JPG,82,38,1,35,[],[],[],[],"[Latitude=39.646459666666665, Longitude=-82.81492183333333, BrightnessTotal=0.9064939946552145, exposureTime=0.002641, xResolution=4000, yResolution=3000, SaturationTotalRed=0.937554945751634, SaturationTotalGreen=0.9027995042483661, SaturationTotalBlue=0.8286477986928105, time=0.5198495370370371, GreenIndex=10.236522666666668, LAI=0.0, Utility=83.06894056808571]"
33,5,"[39.646459694444445, -82.81846336111111]",/home/boubin/Images/Photos_01JUN2018/North_Path/Images/33.6Feet/Sorte_9/DJI_0049.JPG,63,39,53,[],[],[],[],[],"[Latitude=39.646459694444445, Longitude=-82.81846336111111, BrightnessTotal=0.9202654471623045, exposureTime=0.005919, xResolution=4000, yResolution=3000, SaturationTotalRed=0.9004428650326798, SaturationTotalGreen=0.9314408300653595, SaturationTotalBlue=0.8743666225490196, time=0.5168287037037037, GreenIndex=22.604938666666666, LAI=0.0, Utility=183.21918331377915]"
33,6,"[39.64656747222222, -82.81565305555556]",/home/boubin/Images/Photos_01JUN2018/North_Path/Images/33.6Feet/Sorte_9/DJI_0017.JPG,80,20,[],15,[],[],[],[],"[Latitude=39.64656747222222, Longitude=-82.81565305555556, BrightnessTotal=0.9166083167499877, exposureTime=0.002543, xResolution=4000, yResolution=3000, SaturationTotalRed=0.944497852614379, SaturationTotalGreen=0.9136917862745099, SaturationTotalBlue=0.8428859875816993, time=0.5140740740740741, GreenIndex=10.390021333333333, LAI=0.0, Utility=84.31328544476577]"
33,7,"[39.64646211111111, -82.81585986111111]",/home/boubin/Images/Photos_01JUN2018/North_Path/Images/33.6Feet/Sorte_9/DJI_0074.JPG,85,70,23,[],[],[],[],[],"[Latitude=39.64646211111111, Longitude=-82.81585986111111, BrightnessTotal=0.910115256212144, exposureTime=0.00257, xResolution=4000, yResolution=3000, SaturationTotalRed=0.9452700421568627, SaturationTotalGreen=0.9044330754901961, SaturationTotalBlue=0.837804348366013, time=0.5190393518518519, GreenIndex=6.745338666666667, LAI=0.0, Utility=54.800613221573116]"
33,8,"[39.64645927777778, -82.81690086111111]",/home/boubin/Images/Photos_01JUN2018/North_Path/Images/33.6Feet/Sorte_9/DJI_0064.JPG,74,54,28,[],[],[],[],[],"[Latitude=39.64645927777778, Longitude=-82.81690086111111, BrightnessTotal=0.9235820482069551, exposureTime=0.002788, xResolution=4000, yResolution=3000, SaturationTotalRed=0.9500803751633987, SaturationTotalGreen=0.9213310346405229, SaturationTotalBlue=0.8480820882352941, time=0.5181597222222222, GreenIndex=11.529242666666667, LAI=0.0, Utility=93.53740657380472]"
33,9,"[39.64657088888889, -82.81512883333333]",/home/boubin/Images/Photos_01JUN2018/North_Path/Images/33.6Feet/Sorte_9/DJI_0012.JPG,13,68,[],71,[],[],[],[],"[Latitude=39.64657088888889, Longitude=-82.81512883333333, BrightnessTotal=0.9058151815487563, exposureTime=0.00257, xResolution=4000, yResolution=3000, SaturationTotalRed=0.9355377692810457, SaturationTotalGreen=0.902706631372549, SaturationTotalBlue=0.8268377186274509, time=0.5136342592592592, GreenIndex=11.182666666666666, LAI=0.0, Utility=90.73098387971989]"
33,10,"[39.64645930555555, -82.81815288888889]",/home/boubin/Images/Photos_01JUN2018/North_Path/Images/33.6Feet/Sorte_9/DJI_0052.JPG,65,51,56,[],[],[],[],[],"[Latitude=39.64645930555555, Longitude=-82.81815288888889, BrightnessTotal=0.9237474379622326, exposureTime=0.002488, xResolution=4000, yResolution=3000, SaturationTotalRed=0.9454075869281046, SaturationTotalGreen=0.9234925892156863, SaturationTotalBlue=0.8453433496732027, time=0.5170949074074074, GreenIndex=14.50896, LAI=0.0, Utility=117.66480637806926]"
33,11,"[39.64645988888889, -82.81648608333333]",/home/boubin/Images/Photos_01JUN2018/North_Path/Images/33.6Feet/Sorte_9/DJI_0068.JPG,89,81,62,[],[],[],[],[],"[Latitude=39.64645988888889, Longitude=-82.81648608333333, BrightnessTotal=0.8905886858312108, exposureTime=0.002475, xResolution=4000, yResolution=3000, SaturationTotalRed=0.9275398019607843, SaturationTotalGreen=0.8857726140522876, SaturationTotalBlue=0.8012380905228758, time=0.5185069444444445, GreenIndex=11.113445333333333, LAI=0.0, Utility=90.1689191174775]"
33,12,"[39.646459138888886, -82.81711055555556]",/home/boubin/Images/Photos_01JUN2018/North_Path/Images/33.6Feet/Sorte_9/DJI_0062.JPG,60,74,29,[],[],[],[],[],"[Latitude=39.646459138888886, Longitude=-82.81711055555556, BrightnessTotal=0.9312627094802163, exposureTime=0.00304, xResolution=4000, yResolution=3000, SaturationTotalRed=0.9531583166666667, SaturationTotalGreen=0.9301781993464052, SaturationTotalBlue=0.8611225784313725, time=0.517974537037037, GreenIndex=11.919712, LAI=0.0, Utility=96.69952029540198]"
33,13,"[39.64656788888889, -82.81523558333333]",/home/boubin/Images/Photos_01JUN2018/North_Path/Images/33.6Feet/Sorte_9/DJI_0013.JPG,43,9,[],83,[],[],[],[],"[Latitude=39.64656788888889, Longitude=-82.81523558333333, BrightnessTotal=0.9159303572481047, exposureTime=0.002728, xResolution=4000, yResolution=3000, SaturationTotalRed=0.9425306284313726, SaturationTotalGreen=0.9135999588235294, SaturationTotalBlue=0.8408614581699346, time=0.5137268518518519, GreenIndex=11.346741333333334, LAI=0.0, Utility=92.060012788773]"
33,14,"[39.64646008333333, -82.81627827777777]",/home/boubin/Images/Photos_01JUN2018/North_Path/Images/33.6Feet/Sorte_9/DJI_0070.JPG,81,32,44,[],[],[],[],[],"[Latitude=39.64646008333333, Longitude=-82.81627827777777, BrightnessTotal=0.9219650671262359, exposureTime=0.00288, xResolution=4000, yResolution=3000, SaturationTotalRed=0.9520572310457517, SaturationTotalGreen=0.9186808565359478, SaturationTotalBlue=0.8435540035947712, time=0.5186805555555556, GreenIndex=10.838096, LAI=0.0, Utility=87.94091154802788]"
33,15,"[39.64646075, -82.81565086111111]",/home/boubin/Images/Photos_01JUN2018/North_Path/Images/33.6Feet/Sorte_9/DJI_0076.JPG,70,18,6,59,[],[],[],[],"[Latitude=39.64646075, Longitude=-82.81565086111111, BrightnessTotal=0.8990487259626954, exposureTime=0.002529, xResolution=4000, yResolution=3000, SaturationTotalRed=0.933600022875817, SaturationTotalGreen=0.8937799120915033, SaturationTotalBlue=0.8245377751633988, time=0.5192245370370371, GreenIndex=7.691162666666667, LAI=0.0, Utility=62.4585201604368]"
33,16,"[39.64656963888889, -82.81461030555555]",/home/boubin/Images/Photos_01JUN2018/North_Path/Images/33.6Feet/Sorte_9/DJI_0007.JPG,40,50,[],79,[],[],[],[],"[Latitude=39.64656963888889, Longitude=-82.81461030555555, BrightnessTotal=0.9151495718300798, exposureTime=0.002529, xResolution=4000, yResolution=3000, SaturationTotalRed=0.9456739859477123, SaturationTotalGreen=0.9112605875816994, SaturationTotalBlue=0.8416464281045752, time=0.5132060185185185, GreenIndex=9.176757333333333, LAI=0.0, Utility=74.48937038607357]"
33,17,"[39.64656702777778, -82.81742297222222]",/home/boubin/Images/Photos_01JUN2018/North_Path/Images/33.6Feet/Sorte_9/DJI_0034.JPG,57,75,[],61,[],[],[],[],"[Latitude=39.64656702777778, Longitude=-82.81742297222222, BrightnessTotal=0.9573657551579111, exposureTime=0.004614, xResolution=4000, yResolution=3000, SaturationTotalRed=0.9719419905228758, SaturationTotalGreen=0.9578503323529411, SaturationTotalBlue=0.8985825104575164, time=0.5155324074074074, GreenIndex=11.669968, LAI=0.0, Utility=94.67901072024824]"
33,18,"[39.646459944444445, -82.81554824999999]",/home/boubin/Images/Photos_01JUN2018/North_Path/Images/33.6Feet/Sorte_9/DJI_0077.JPG,15,22,20,59,[],[],[],[],"[Latitude=39.646459944444445, Longitude=-82.81554824999999, BrightnessTotal=0.9163649088651348, exposureTime=0.002788, xResolution=4000, yResolution=3000, SaturationTotalRed=0.9463933042483661, SaturationTotalGreen=0.9124752147058824, SaturationTotalBlue=0.844848612745098, time=0.5193055555555556, GreenIndex=8.779301333333333, LAI=0.0, Utility=71.27018651077341]"
33,19,"[39.64656825, -82.81607072222222]",/home/boubin/Images/Photos_01JUN2018/North_Path/Images/33.6Feet/Sorte_9/DJI_0021.JPG,84,78,[],30,[],[],[],[],"[Latitude=39.64656825, Longitude=-82.81607072222222, BrightnessTotal=0.9003288816193429, exposureTime=0.002282, xResolution=4000, yResolution=3000, SaturationTotalRed=0.9347018591503268, SaturationTotalGreen=0.8961774424836602, SaturationTotalBlue=0.8141452751633987, time=0.5144097222222223, GreenIndex=11.300010666666667, LAI=0.0, Utility=91.6807164651326]"
33,20,"[39.64656883333333, -82.81554727777778]",/home/boubin/Images/Photos_01JUN2018/North_Path/Images/33.6Feet/Sorte_9/DJI_0016.JPG,6,87,[],18,[],[],[],[],"[Latitude=39.64656883333333, Longitude=-82.81554727777778, BrightnessTotal=0.9170910988244455, exposureTime=0.002613, xResolution=4000, yResolution=3000, SaturationTotalRed=0.9462387941176471, SaturationTotalGreen=0.9138886562091503, SaturationTotalBlue=0.8415184934640524, time=0.5139814814814815, GreenIndex=10.400170666666666, LAI=0.0, Utility=84.39549762167854]"
33,21,"[39.646567833333336, -82.81856497222222]",/home/boubin/Images/Photos_01JUN2018/North_Path/Images/33.6Feet/Sorte_9/DJI_0045.JPG,69,53,[],63,[],[],[],[],"[Latitude=39.646567833333336, Longitude=-82.81856497222222, BrightnessTotal=0.9250112879789367, exposureTime=0.006385, xResolution=4000, yResolution=3000, SaturationTotalRed=0.9119940369281045, SaturationTotalGreen=0.9325982777777777, SaturationTotalBlue=0.8928488169934641, time=0.5164814814814814, GreenIndex=15.529258666666667, LAI=0.0, Utility=125.92665191929288]"
33,22,"[39.646462138888886, -82.81544302777777]",/home/boubin/Images/Photos_01JUN2018/North_Path/Images/33.6Feet/Sorte_9/DJI_0078.JPG,18,67,87,59,[],[],[],[],"[Latitude=39.646462138888886, Longitude=-82.81544302777777, BrightnessTotal=0.8983940350106501, exposureTime=0.002529, xResolution=4000, yResolution=3000, SaturationTotalRed=0.9345589846405229, SaturationTotalGreen=0.8928975071895424, SaturationTotalBlue=0.8198954869281047, time=0.5194097222222223, GreenIndex=8.188858666666667, LAI=0.0, Utility=66.48836442353046]"
33,23,"[39.64656975, -82.81585861111111]",/home/boubin/Images/Photos_01JUN2018/North_Path/Images/33.6Feet/Sorte_9/DJI_0019.JPG,78,80,[],7,[],[],[],[],"[Latitude=39.64656975, Longitude=-82.81585861111111, BrightnessTotal=0.9255213570858529, exposureTime=0.002515, xResolution=4000, yResolution=3000, SaturationTotalRed=0.9527838235294118, SaturationTotalGreen=0.9226079398692811, SaturationTotalBlue=0.8542950581699346, time=0.5142476851851852, GreenIndex=9.913696, LAI=0.0, Utility=80.45682022015482]"
33,24,"[39.64656775, -82.81700505555555]",/home/boubin/Images/Photos_01JUN2018/North_Path/Images/33.6Feet/Sorte_9/DJI_0030.JPG,29,28,[],74,[],[],[],[],"[Latitude=39.64656775, Longitude=-82.81700505555555, BrightnessTotal=0.9243385939645693, exposureTime=0.004818, xResolution=4000, yResolution=3000, SaturationTotalRed=0.9430442003267974, SaturationTotalGreen=0.9236979192810457, SaturationTotalBlue=0.8617629415032679, time=0.5151851851851852, GreenIndex=11.032672, LAI=0.0, Utility=89.51716451124939]"
33,25,"[39.64656713888889, -82.81669119444445]",/home/boubin/Images/Photos_01JUN2018/North_Path/Images/33.6Feet/Sorte_9/DJI_0027.JPG,77,90,[],49,[],[],[],[],"[Latitude=39.64656713888889, Longitude=-82.81669119444445, BrightnessTotal=0.9148971926996402, exposureTime=0.003964, xResolution=4000, yResolution=3000, SaturationTotalRed=0.9400180156862744, SaturationTotalGreen=0.912943331372549, SaturationTotalBlue=0.841535989869281, time=0.5149305555555556, GreenIndex=11.496005333333333, LAI=0.0, Utility=93.26838794443115]"
33,26,"[39.64646094444444, -82.81794316666667]",/home/boubin/Images/Photos_01JUN2018/North_Path/Images/33.6Feet/Sorte_9/DJI_0054.JPG,51,42,64,[],[],[],[],[],"[Latitude=39.64646094444444, Longitude=-82.81794316666667, BrightnessTotal=0.9192393476165486, exposureTime=0.002598, xResolution=4000, yResolution=3000, SaturationTotalRed=0.9435627915032679, SaturationTotalGreen=0.9178370281045751, SaturationTotalBlue=0.8429687183006536, time=0.5172685185185185, GreenIndex=12.712682666666666, LAI=0.0, Utility=103.11983305973322]"
33,27,"[39.64657063888889, -82.81429830555555]",/home/boubin/Images/Photos_01JUN2018/North_Path/Images/33.6Feet/Sorte_9/DJI_0004.JPG,41,34,[],86,[],[],[],[],"[Latitude=39.64657063888889, Longitude=-82.81429830555555, BrightnessTotal=0.9197269873613347, exposureTime=0.002834, xResolution=4000, yResolution=3000, SaturationTotalRed=0.9471978421568628, SaturationTotalGreen=0.9173394418300653, SaturationTotalBlue=0.8418457993464052, time=0.5129513888888889, GreenIndex=11.855269333333334, LAI=0.0, Utility=96.17794226397548]"
33,28,"[39.646567194444444, -82.81690097222221]",/home/boubin/Images/Photos_01JUN2018/North_Path/Images/33.6Feet/Sorte_9/DJI_0029.JPG,24,77,[],8,[],[],[],[],"[Latitude=39.646567194444444, Longitude=-82.81690097222221, BrightnessTotal=0.9531649840130434, exposureTime=0.005197, xResolution=4000, yResolution=3000, SaturationTotalRed=0.9685165931372549, SaturationTotalGreen=0.9532141366013072, SaturationTotalBlue=0.8961119450980392, time=0.5151041666666667, GreenIndex=10.823408, LAI=0.0, Utility=87.82415590521087]"
33,29,"[39.64656763888889, -82.81710930555555]",/home/boubin/Images/Photos_01JUN2018/North_Path/Images/33.6Feet/Sorte_9/DJI_0031.JPG,48,24,[],12,[],[],[],[],"[Latitude=39.64656763888889, Longitude=-82.81710930555555, BrightnessTotal=0.9447358839326484, exposureTime=0.005457, xResolution=4000, yResolution=3000, SaturationTotalRed=0.9598949062091503, SaturationTotalGreen=0.9446341339869282, SaturationTotalBlue=0.8900294656862745, time=0.5152662037037037, GreenIndex=10.191024, LAI=0.0, Utility=82.70321815452311]"
33,30,"[39.646461555555554, -82.81606822222221]",/home/boubin/Images/Photos_01JUN2018/North_Path/Images/33.6Feet/Sorte_9/DJI_0072.JPG,32,85,19,[],[],[],[],[],"[Latitude=39.646461555555554, Longitude=-82.81606822222221, BrightnessTotal=0.9171069902938819, exposureTime=0.00288, xResolution=4000, yResolution=3000, SaturationTotalRed=0.9491547068627451, SaturationTotalGreen=0.9128979137254902, SaturationTotalBlue=0.8410623705882353, time=0.5188657407407408, GreenIndex=9.267781333333334, LAI=0.0, Utility=75.2255745302071]"
33,31,"[39.64646027777778, -82.81471077777778]",/home/boubin/Images/Photos_01JUN2018/North_Path/Images/33.6Feet/Sorte_9/DJI_0085.JPG,38,79,40,35,[],[],[],[],"[Latitude=39.64646027777778, Longitude=-82.81471077777778, BrightnessTotal=0.8917651311260419, exposureTime=0.00257, xResolution=4000, yResolution=3000, SaturationTotalRed=0.9203730604575163, SaturationTotalGreen=0.8892815575163399, SaturationTotalBlue=0.8102232702614379, time=0.5200347222222222, GreenIndex=12.437888, LAI=0.0, Utility=100.89297553714306]"
33,32,"[39.64646030555556, -82.81617497222221]",/home/boubin/Images/Photos_01JUN2018/North_Path/Images/33.6Feet/Sorte_9/DJI_0071.JPG,14,30,84,[],[],[],[],[],"[Latitude=39.64646030555556, Longitude=-82.81617497222221, BrightnessTotal=0.9152932292574856, exposureTime=0.002773, xResolution=4000, yResolution=3000, SaturationTotalRed=0.947834016993464, SaturationTotalGreen=0.9112488176470588, SaturationTotalBlue=0.8354388843137255, time=0.5187731481481481, GreenIndex=10.1968, LAI=0.0, Utility=82.74789423841102]"
33,33,"[39.646569416666665, -82.81638077777778]",/home/boubin/Images/Photos_01JUN2018/North_Path/Images/33.6Feet/Sorte_9/DJI_0024.JPG,62,44,[],81,[],[],[],[],"[Latitude=39.646569416666665, Longitude=-82.81638077777778, BrightnessTotal=0.9471843035566633, exposureTime=0.006851, xResolution=4000, yResolution=3000, SaturationTotalRed=0.9669484339869281, SaturationTotalGreen=0.9460169715686275, SaturationTotalBlue=0.8863054970588236, time=0.5146643518518519, GreenIndex=10.053450666666667, LAI=0.0, Utility=81.58945913718958]"
33,34,"[39.64656836111111, -82.81419352777777]",/home/boubin/Images/Photos_01JUN2018/North_Path/Images/33.6Feet/Sorte_9/DJI_0003.JPG,27,[],[],37,[],[],[],[],"[Latitude=39.64656836111111, Longitude=-82.81419352777777, BrightnessTotal=0.9120463093579376, exposureTime=0.00267, xResolution=4000, yResolution=3000, SaturationTotalRed=0.9407873944444445, SaturationTotalGreen=0.909368241503268, SaturationTotalBlue=0.832263962745098, time=0.5128587962962963, GreenIndex=11.855930666666668, LAI=0.0, Utility=96.18293157301625]"
33,35,"[39.64534447222222, -82.81451033333333]",/home/boubin/Images/Photos_01JUN2018/North_Path/Images/33.6Feet/Sorte_9/DJI_0001.JPG,[],[],47,[],[],[],[],[],"[Latitude=39.64534447222222, Longitude=-82.81451033333333, BrightnessTotal=0.8073569324969531, exposureTime=0.003635, xResolution=4000, yResolution=3000, SaturationTotalRed=0.8008380117647059, SaturationTotalGreen=0.8117030624183007, SaturationTotalBlue=0.7857963696078432, time=0.5116550925925926, GreenIndex=9.441808, LAI=6.4e-05, Utility=76.63073122582534]"
33,36,"[39.64656794444444, -82.8177311111111]",/home/boubin/Images/Photos_01JUN2018/North_Path/Images/33.6Feet/Sorte_9/DJI_0037.JPG,88,45,[],73,[],[],[],[],"[Latitude=39.64656794444444, Longitude=-82.8177311111111, BrightnessTotal=0.9327375203832224, exposureTime=0.004766, xResolution=4000, yResolution=3000, SaturationTotalRed=0.9558239160130718, SaturationTotalGreen=0.9299939532679738, SaturationTotalBlue=0.8760179637254902, time=0.515787037037037, GreenIndex=7.312432, LAI=0.0, Utility=59.39414014294263]"
33,37,"[39.64645947222222, -82.81419083333333]",/home/boubin/Images/Photos_01JUN2018/North_Path/Images/33.6Feet/Sorte_9/DJI_0090.JPG,86,[],34,35,[],[],[],[],"[Latitude=39.64645947222222, Longitude=-82.81419083333333, BrightnessTotal=0.8979380665435942, exposureTime=0.002515, xResolution=4000, yResolution=3000, SaturationTotalRed=0.9318438300653595, SaturationTotalGreen=0.893126718627451, SaturationTotalBlue=0.8209649980392156, time=0.5204861111111111, GreenIndex=8.708453333333333, LAI=0.0, Utility=70.69541182880545]"
33,38,"[39.64646177777778, -82.81481691666666]",/home/boubin/Images/Photos_01JUN2018/North_Path/Images/33.6Feet/Sorte_9/DJI_0084.JPG,4,31,46,35,[],[],[],[],"[Latitude=39.64646177777778, Longitude=-82.81481691666666, BrightnessTotal=0.9210163617385493, exposureTime=0.002803, xResolution=4000, yResolution=3000, SaturationTotalRed=0.9503606362745097, SaturationTotalGreen=0.9173303398692811, SaturationTotalBlue=0.850003977124183, time=0.5199421296296296, GreenIndex=8.942522666666667, LAI=0.0, Utility=72.59193982277374]"
33,39,"[39.64645958333333, -82.8183603611111]",/home/boubin/Images/Photos_01JUN2018/North_Path/Images/33.6Feet/Sorte_9/DJI_0050.JPG,5,65,72,[],[],[],[],[],"[Latitude=39.64645958333333, Longitude=-82.8183603611111, BrightnessTotal=0.9169496738202371, exposureTime=0.003655, xResolution=4000, yResolution=3000, SaturationTotalRed=0.9399629650326797, SaturationTotalGreen=0.9153136905228758, SaturationTotalBlue=0.8484126156862745, time=0.5169212962962964, GreenIndex=10.919653333333333, LAI=0.0, Utility=88.60137202996039]"
33,40,"[39.646569138888886, -82.81471288888889]",/home/boubin/Images/Photos_01JUN2018/North_Path/Images/33.6Feet/Sorte_9/DJI_0008.JPG,46,16,[],31,[],[],[],[],"[Latitude=39.646569138888886, Longitude=-82.81471288888889, BrightnessTotal=0.9151868617606295, exposureTime=0.002627, xResolution=4000, yResolution=3000, SaturationTotalRed=0.9445975052287582, SaturationTotalGreen=0.9119229013071894, SaturationTotalBlue=0.8392339477124183, time=0.513287037037037, GreenIndex=10.401504, LAI=0.0, Utility=84.4063123416906]"
33,41,"[39.64657141666667, -82.81439947222222]",/home/boubin/Images/Photos_01JUN2018/North_Path/Images/33.6Feet/Sorte_9/DJI_0005.JPG,50,27,[],2,[],[],[],[],"[Latitude=39.64657141666667, Longitude=-82.81439947222222, BrightnessTotal=0.89734349006024, exposureTime=0.002409, xResolution=4000, yResolution=3000, SaturationTotalRed=0.9301750258169935, SaturationTotalGreen=0.8934676222222223, SaturationTotalBlue=0.8143154816993464, time=0.5130324074074074, GreenIndex=11.043338666666667, LAI=0.0, Utility=89.60249398476468]"
33,42,"[39.64646072222222, -82.81783755555556]",/home/boubin/Images/Photos_01JUN2018/North_Path/Images/33.6Feet/Sorte_9/DJI_0055.JPG,26,73,88,[],[],[],[],[],"[Latitude=39.64646072222222, Longitude=-82.81783755555556, BrightnessTotal=0.918272369050607, exposureTime=0.004689, xResolution=4000, yResolution=3000, SaturationTotalRed=0.9361463169934641, SaturationTotalGreen=0.9180826218954248, SaturationTotalBlue=0.8539861745098039, time=0.5173611111111112, GreenIndex=11.905850666666666, LAI=0.0, Utility=96.5867730904048]"
33,43,"[39.64657016666666, -82.81533716666667]",/home/boubin/Images/Photos_01JUN2018/North_Path/Images/33.6Feet/Sorte_9/DJI_0014.JPG,87,13,[],67,[],[],[],[],"[Latitude=39.64657016666666, Longitude=-82.81533716666667, BrightnessTotal=0.9107923231270159, exposureTime=0.002584, xResolution=4000, yResolution=3000, SaturationTotalRed=0.9396877797385621, SaturationTotalGreen=0.9077906316993465, SaturationTotalBlue=0.8339714156862745, time=0.5138078703703703, GreenIndex=10.886128, LAI=0.0, Utility=88.33008639181455]"
33,44,"[39.64656836111111, -82.81627377777778]",/home/boubin/Images/Photos_01JUN2018/North_Path/Images/33.6Feet/Sorte_9/DJI_0023.JPG,33,84,[],14,[],[],[],[],"[Latitude=39.64656836111111, Longitude=-82.81627377777778, BrightnessTotal=0.9059474637409363, exposureTime=0.003388, xResolution=4000, yResolution=3000, SaturationTotalRed=0.9379219869281046, SaturationTotalGreen=0.9023046055555555, SaturationTotalBlue=0.8238497696078432, time=0.5145833333333333, GreenIndex=11.131376, LAI=0.0, Utility=90.3155162112279]"
33,45,"[39.646566, -82.8176336111111]",/home/boubin/Images/Photos_01JUN2018/North_Path/Images/33.6Feet/Sorte_9/DJI_0036.JPG,36,57,[],58,[],[],[],[],"[Latitude=39.646566, Longitude=-82.8176336111111, BrightnessTotal=0.946482192985399, exposureTime=0.004347, xResolution=4000, yResolution=3000, SaturationTotalRed=0.9674988944444445, SaturationTotalGreen=0.9452216032679739, SaturationTotalBlue=0.881757772875817, time=0.5157060185185185, GreenIndex=10.654352, LAI=0.0, Utility=86.45483242493258]"
33,46,"[39.64656866666667, -82.81481875]",/home/boubin/Images/Photos_01JUN2018/North_Path/Images/33.6Feet/Sorte_9/DJI_0009.JPG,1,40,[],38,[],[],[],[],"[Latitude=39.64656866666667, Longitude=-82.81481875, BrightnessTotal=0.9178032587744877, exposureTime=0.002713, xResolution=4000, yResolution=3000, SaturationTotalRed=0.9457770209150327, SaturationTotalGreen=0.9150287581699347, SaturationTotalBlue=0.8421862735294118, time=0.5133796296296296, GreenIndex=10.928512, LAI=0.0, Utility=88.67369076304732]"
33,47,"[39.64646136111111, -82.81450205555555]",/home/boubin/Images/Photos_01JUN2018/North_Path/Images/33.6Feet/Sorte_9/DJI_0087.JPG,79,2,50,35,[],[],[],[],"[Latitude=39.64646136111111, Longitude=-82.81450205555555, BrightnessTotal=0.902758603580746, exposureTime=0.002529, xResolution=4000, yResolution=3000, SaturationTotalRed=0.9369472124183006, SaturationTotalGreen=0.8977662225490196, SaturationTotalBlue=0.8266812797385621, time=0.5202199074074074, GreenIndex=8.319301333333334, LAI=0.0, Utility=67.54466887215088]"
33,48,"[39.64656686111111, -82.81721294444444]",/home/boubin/Images/Photos_01JUN2018/North_Path/Images/33.6Feet/Sorte_9/DJI_0032.JPG,75,29,[],60,[],[],[],[],"[Latitude=39.64656686111111, Longitude=-82.81721294444444, BrightnessTotal=0.908868769988876, exposureTime=0.002959, xResolution=4000, yResolution=3000, SaturationTotalRed=0.9340719620915033, SaturationTotalGreen=0.9067999545751635, SaturationTotalBlue=0.836418418627451, time=0.5153587962962963, GreenIndex=11.16576, LAI=0.0, Utility=90.59398154428611]"
33,49,"[39.64646172222222, -82.81669513888889]",/home/boubin/Images/Photos_01JUN2018/North_Path/Images/33.6Feet/Sorte_9/DJI_0066.JPG,54,89,25,[],[],[],[],[],"[Latitude=39.64646172222222, Longitude=-82.81669513888889, BrightnessTotal=0.9106353853686597, exposureTime=0.002713, xResolution=4000, yResolution=3000, SaturationTotalRed=0.9414566562091503, SaturationTotalGreen=0.9077787921568627, SaturationTotalBlue=0.8244573803921568, time=0.5183333333333333, GreenIndex=12.861237333333333, LAI=0.0, Utility=104.32207502551846]"
33,50,"[39.64656883333333, -82.81450616666666]",/home/boubin/Images/Photos_01JUN2018/North_Path/Images/33.6Feet/Sorte_9/DJI_0006.JPG,16,41,[],47,[],[],[],[],"[Latitude=39.64656883333333, Longitude=-82.81450616666666, BrightnessTotal=0.9186974468785982, exposureTime=0.002627, xResolution=4000, yResolution=3000, SaturationTotalRed=0.9481914457516339, SaturationTotalGreen=0.9151770647058823, SaturationTotalBlue=0.8452588127450981, time=0.5131134259259259, GreenIndex=9.606821333333333, LAI=0.0, Utility=77.9718525059]"
33,51,"[39.64646005555556, -82.81804836111111]",/home/boubin/Images/Photos_01JUN2018/North_Path/Images/33.6Feet/Sorte_9/DJI_0053.JPG,10,26,76,[],[],[],[],[],"[Latitude=39.64646005555556, Longitude=-82.81804836111111, BrightnessTotal=0.9278672412359165, exposureTime=0.002598, xResolution=4000, yResolution=3000, SaturationTotalRed=0.9530476326797385, SaturationTotalGreen=0.9260038107843137, SaturationTotalBlue=0.8533375232026144, time=0.5171875, GreenIndex=11.819525333333333, LAI=0.0, Utility=95.888239465779]"
33,52,"[39.64646205555555, -82.81752666666667]",/home/boubin/Images/Photos_01JUN2018/North_Path/Images/33.6Feet/Sorte_9/DJI_0058.JPG,58,61,57,[],[],[],[],[],"[Latitude=39.64646205555555, Longitude=-82.81752666666667, BrightnessTotal=0.9139755050028631, exposureTime=0.004185, xResolution=4000, yResolution=3000, SaturationTotalRed=0.9347365081699347, SaturationTotalGreen=0.9137574107843137, SaturationTotalBlue=0.8386743679738562, time=0.5176273148148148, GreenIndex=13.966074666666668, LAI=0.0, Utility=113.26843089208346]"
33,53,"[39.646566638888885, -82.81846361111111]",/home/boubin/Images/Photos_01JUN2018/North_Path/Images/33.6Feet/Sorte_9/DJI_0044.JPG,21,72,[],5,[],[],[],[],"[Latitude=39.646566638888885, Longitude=-82.81846361111111, BrightnessTotal=0.9480081082389662, exposureTime=0.007039, xResolution=4000, yResolution=3000, SaturationTotalRed=0.9384564676470588, SaturationTotalGreen=0.9544823630718954, SaturationTotalBlue=0.9151041807189542, time=0.5163888888888889, GreenIndex=14.250730666666668, LAI=0.0, Utility=115.57534377510156]"
33,54,"[39.646460833333336, -82.81679786111111]",/home/boubin/Images/Photos_01JUN2018/North_Path/Images/33.6Feet/Sorte_9/DJI_0065.JPG,8,49,77,[],[],[],[],[],"[Latitude=39.646460833333336, Longitude=-82.81679786111111, BrightnessTotal=0.9152458111259493, exposureTime=0.002788, xResolution=4000, yResolution=3000, SaturationTotalRed=0.9441911676470588, SaturationTotalGreen=0.9126042911764706, SaturationTotalBlue=0.8342584934640523, time=0.5182407407407408, GreenIndex=12.132064, LAI=0.0, Utility=98.41810507344817]"
33,55,"[39.64528147222222, -82.81491919444444]",/home/boubin/Images/Photos_01JUN2018/North_Path/Images/33.6Feet/Sorte_9/DJI_0091.JPG,59,[],4,[],[],[],[],[],"[Latitude=39.64528147222222, Longitude=-82.81491919444444, BrightnessTotal=0.9506046116799055, exposureTime=0.003577, xResolution=4000, yResolution=3000, SaturationTotalRed=0.9754409810457516, SaturationTotalGreen=0.9475502274509804, SaturationTotalBlue=0.8905209666666666, time=0.5207986111111111, GreenIndex=7.555338666666667, LAI=0.0, Utility=61.361036602871636]"
33,56,"[39.64656794444444, -82.81815449999999]",/home/boubin/Images/Photos_01JUN2018/North_Path/Images/33.6Feet/Sorte_9/DJI_0041.JPG,72,76,[],10,[],[],[],[],"[Latitude=39.64656794444444, Longitude=-82.81815449999999, BrightnessTotal=0.92094660918221, exposureTime=0.003776, xResolution=4000, yResolution=3000, SaturationTotalRed=0.9451497320261438, SaturationTotalGreen=0.9180498434640523, SaturationTotalBlue=0.8615128980392157, time=0.5161342592592593, GreenIndex=7.665381333333333, LAI=0.0, Utility=62.251386238455254]"
33,57,"[39.64656733333333, -82.81752558333334]",/home/boubin/Images/Photos_01JUN2018/North_Path/Images/33.6Feet/Sorte_9/DJI_0035.JPG,45,17,[],52,[],[],[],[],"[Latitude=39.64656733333333, Longitude=-82.81752558333334, BrightnessTotal=0.9370565616016466, exposureTime=0.004418, xResolution=4000, yResolution=3000, SaturationTotalRed=0.9602473630718954, SaturationTotalGreen=0.9357231359477124, SaturationTotalBlue=0.8645865565359477, time=0.515613425925926, GreenIndex=12.059136, LAI=0.0, Utility=97.82911302203921]"
33,58,"[39.64646036111111, -82.81763141666666]",/home/boubin/Images/Photos_01JUN2018/North_Path/Images/33.6Feet/Sorte_9/DJI_0057.JPG,73,52,45,[],[],[],[],[],"[Latitude=39.64646036111111, Longitude=-82.81763141666666, BrightnessTotal=0.8888350604681833, exposureTime=0.00449, xResolution=4000, yResolution=3000, SaturationTotalRed=0.9094629330065359, SaturationTotalGreen=0.8888887274509805, SaturationTotalBlue=0.8109186258169934, time=0.5175347222222222, GreenIndex=14.800736, LAI=0.0, Utility=120.02559579775898]"
33,59,"[39.645277694444445, -82.81497980555555]",/home/boubin/Images/Photos_01JUN2018/North_Path/Images/33.6Feet/Sorte_9/DJI_0002.JPG,[],55,82,[],[],[],[],[],"[Latitude=39.645277694444445, Longitude=-82.81497980555555, BrightnessTotal=0.9431821137253971, exposureTime=0.003262, xResolution=4000, yResolution=3000, SaturationTotalRed=0.96825722124183, SaturationTotalGreen=0.9407385464052288, SaturationTotalBlue=0.8755021977124183, time=0.5125578703703704, GreenIndex=9.72496, LAI=0.0, Utility=78.9297399748917]"
33,60,"[39.646459944444445, -82.81721488888888]",/home/boubin/Images/Photos_01JUN2018/North_Path/Images/33.6Feet/Sorte_9/DJI_0061.JPG,66,12,48,[],[],[],[],[],"[Latitude=39.646459944444445, Longitude=-82.81721488888888, BrightnessTotal=0.9215088841690557, exposureTime=0.002803, xResolution=4000, yResolution=3000, SaturationTotalRed=0.944963898366013, SaturationTotalGreen=0.9200734826797385, SaturationTotalBlue=0.8490497254901961, time=0.5178935185185185, GreenIndex=11.936016, LAI=0.0, Utility=96.83106674808641]"
33,61,"[39.64646005555556, -82.81742152777777]",/home/boubin/Images/Photos_01JUN2018/North_Path/Images/33.6Feet/Sorte_9/DJI_0059.JPG,52,66,17,[],[],[],[],[],"[Latitude=39.64646005555556, Longitude=-82.81742152777777, BrightnessTotal=0.9352479169190616, exposureTime=0.003057, xResolution=4000, yResolution=3000, SaturationTotalRed=0.9571375003267975, SaturationTotalGreen=0.9336158241830065, SaturationTotalBlue=0.8711336323529412, time=0.5177083333333333, GreenIndex=10.09968, LAI=0.0, Utility=81.96270011369191]"
33,62,"[39.64656930555555, -82.81648391666667]",/home/boubin/Images/Photos_01JUN2018/North_Path/Images/33.6Feet/Sorte_9/DJI_0025.JPG,90,33,[],11,[],[],[],[],"[Latitude=39.64656930555555, Longitude=-82.81648391666667, BrightnessTotal=0.9324853630974468, exposureTime=0.00635, xResolution=4000, yResolution=3000, SaturationTotalRed=0.9546226803921569, SaturationTotalGreen=0.9307621846405228, SaturationTotalBlue=0.8683882147058823, time=0.5147569444444444, GreenIndex=9.983146666666666, LAI=0.0, Utility=81.0194555218365]"
33,63,"[39.64645988888889, -82.81856644444444]",/home/boubin/Images/Photos_01JUN2018/North_Path/Images/33.6Feet/Sorte_9/DJI_0048.JPG,3,5,21,[],[],[],[],[],"[Latitude=39.64645988888889, Longitude=-82.81856644444444, BrightnessTotal=0.9263127677126358, exposureTime=0.006048, xResolution=4000, yResolution=3000, SaturationTotalRed=0.9463657330065359, SaturationTotalGreen=0.9248272196078431, SaturationTotalBlue=0.8677029307189543, time=0.5167476851851852, GreenIndex=9.224549333333334, LAI=0.0, Utility=74.87637420094009]"
33,64,"[39.64656730555556, -82.81794491666666]",/home/boubin/Images/Photos_01JUN2018/North_Path/Images/33.6Feet/Sorte_9/DJI_0039.JPG,76,88,[],26,[],[],[],[],"[Latitude=39.64656730555556, Longitude=-82.81794491666666, BrightnessTotal=0.9199328238240233, exposureTime=0.004818, xResolution=4000, yResolution=3000, SaturationTotalRed=0.9387669271241831, SaturationTotalGreen=0.9191146209150326, SaturationTotalBlue=0.8587771683006536, time=0.5159606481481481, GreenIndex=10.540064, LAI=0.0, Utility=85.52810724068704]"
33,65,"[39.64646038888889, -82.81825438888889]",/home/boubin/Images/Photos_01JUN2018/North_Path/Images/33.6Feet/Sorte_9/DJI_0051.JPG,39,10,[],[],[],[],[],[],"[Latitude=39.64646038888889, Longitude=-82.81825438888889, BrightnessTotal=0.9118915871084353, exposureTime=0.002655, xResolution=4000, yResolution=3000, SaturationTotalRed=0.9389671486928104, SaturationTotalGreen=0.9093598408496733, SaturationTotalBlue=0.8371350617647059, time=0.5170138888888889, GreenIndex=11.045162666666666, LAI=0.0, Utility=89.61735648341313]"
33,66,"[39.64645983333333, -82.8173185]",/home/boubin/Images/Photos_01JUN2018/North_Path/Images/33.6Feet/Sorte_9/DJI_0060.JPG,61,60,75,[],[],[],[],[],"[Latitude=39.64645983333333, Longitude=-82.8173185, BrightnessTotal=0.9135890720231684, exposureTime=0.002543, xResolution=4000, yResolution=3000, SaturationTotalRed=0.9402875954248366, SaturationTotalGreen=0.9112097506535948, SaturationTotalBlue=0.8386574614379085, time=0.517800925925926, GreenIndex=11.255328, LAI=0.0, Utility=91.31905185024345]"
33,67,"[39.646460805555556, -82.81533925]",/home/boubin/Images/Photos_01JUN2018/North_Path/Images/33.6Feet/Sorte_9/DJI_0079.JPG,22,83,43,59,[],[],[],[],"[Latitude=39.646460805555556, Longitude=-82.81533925, BrightnessTotal=0.9169248492199206, exposureTime=0.00288, xResolution=4000, yResolution=3000, SaturationTotalRed=0.9464392565359476, SaturationTotalGreen=0.9132013019607843, SaturationTotalBlue=0.8456278990196078, time=0.5194907407407408, GreenIndex=8.947498666666666, LAI=0.0, Utility=72.63210441179778]"
33,68,"[39.64656883333333, -82.81502605555555]",/home/boubin/Images/Photos_01JUN2018/North_Path/Images/33.6Feet/Sorte_9/DJI_0011.JPG,9,1,[],82,[],[],[],[],"[Latitude=39.64656883333333, Longitude=-82.81502605555555, BrightnessTotal=0.9184304480685236, exposureTime=0.002773, xResolution=4000, yResolution=3000, SaturationTotalRed=0.9460512254901962, SaturationTotalGreen=0.9156786336601307, SaturationTotalBlue=0.8439702049019607, time=0.5135532407407407, GreenIndex=10.740458666666667, LAI=0.0, Utility=87.15100075514259]"
33,69,"[39.646567499999996, -82.81867363888888]",/home/boubin/Images/Photos_01JUN2018/North_Path/Images/33.6Feet/Sorte_9/DJI_0046.JPG,[],21,[],3,[],[],[],[],"[Latitude=39.646567499999996, Longitude=-82.81867363888888, BrightnessTotal=0.9339001903972941, exposureTime=0.005823, xResolution=4000, yResolution=3000, SaturationTotalRed=0.9536052673202614, SaturationTotalGreen=0.9323014049019608, SaturationTotalBlue=0.8778786068627451, time=0.5165625, GreenIndex=8.606325333333332, LAI=0.0, Utility=69.87092768569723]"
33,70,"[39.646462, -82.81575575]",/home/boubin/Images/Photos_01JUN2018/North_Path/Images/33.6Feet/Sorte_9/DJI_0075.JPG,7,15,80,59,[],[],[],[],"[Latitude=39.646462, Longitude=-82.81575575, BrightnessTotal=0.9206200039940919, exposureTime=0.002834, xResolution=4000, yResolution=3000, SaturationTotalRed=0.949044105882353, SaturationTotalGreen=0.9169719251633988, SaturationTotalBlue=0.8528279513071895, time=0.5191319444444444, GreenIndex=8.352592, LAI=0.0, Utility=67.8153041708943]"
33,71,"[39.64645841666667, -82.81512902777777]",/home/boubin/Images/Photos_01JUN2018/North_Path/Images/33.6Feet/Sorte_9/DJI_0081.JPG,83,82,9,59,[],[],[],[],"[Latitude=39.64645841666667, Longitude=-82.81512902777777, BrightnessTotal=0.9010368470738463, exposureTime=0.002655, xResolution=4000, yResolution=3000, SaturationTotalRed=0.9307393173202615, SaturationTotalGreen=0.897577312745098, SaturationTotalBlue=0.8259953382352941, time=0.5196759259259259, GreenIndex=9.990336, LAI=0.0, Utility=81.0753028663239]"
33,72,"[39.64656811111111, -82.8183596111111]",/home/boubin/Images/Photos_01JUN2018/North_Path/Images/33.6Feet/Sorte_9/DJI_0043.JPG,53,56,[],39,[],[],[],[],"[Latitude=39.64656811111111, Longitude=-82.8183596111111, BrightnessTotal=0.9327649507577073, exposureTime=0.00495, xResolution=4000, yResolution=3000, SaturationTotalRed=0.9243238732026143, SaturationTotalGreen=0.9389499764705882, SaturationTotalBlue=0.8988707950980392, time=0.5163078703703704, GreenIndex=14.076309333333333, LAI=0.0, Utility=114.16229648115765]"
33,73,"[39.64646044444444, -82.81773380555555]",/home/boubin/Images/Photos_01JUN2018/North_Path/Images/33.6Feet/Sorte_9/DJI_0056.JPG,42,58,36,[],[],[],[],[],"[Latitude=39.64646044444444, Longitude=-82.81773380555555, BrightnessTotal=0.8877053128356027, exposureTime=0.003695, xResolution=4000, yResolution=3000, SaturationTotalRed=0.9100763944444444, SaturationTotalGreen=0.8867472215686275, SaturationTotalBlue=0.814099594117647, time=0.5174537037037037, GreenIndex=12.742453333333334, LAI=0.0, Utility=103.35933844864692]"
33,74,"[39.646459722222225, -82.81700661111111]",/home/boubin/Images/Photos_01JUN2018/North_Path/Images/33.6Feet/Sorte_9/DJI_0063.JPG,12,8,24,[],[],[],[],[],"[Latitude=39.646459722222225, Longitude=-82.81700661111111, BrightnessTotal=0.9188565081502466, exposureTime=0.002773, xResolution=4000, yResolution=3000, SaturationTotalRed=0.9450004866013072, SaturationTotalGreen=0.9170671950980392, SaturationTotalBlue=0.8396303271241831, time=0.5180671296296296, GreenIndex=12.801888, LAI=0.0, Utility=103.84198319790026]"
33,75,"[39.64656566666667, -82.81731736111111]",/home/boubin/Images/Photos_01JUN2018/North_Path/Images/33.6Feet/Sorte_9/DJI_0033.JPG,17,48,[],66,[],[],[],[],"[Latitude=39.64656566666667, Longitude=-82.81731736111111, BrightnessTotal=0.9263896811451764, exposureTime=0.002911, xResolution=4000, yResolution=3000, SaturationTotalRed=0.9498909803921568, SaturationTotalGreen=0.9246898751633987, SaturationTotalBlue=0.8566759045751634, time=0.5154398148148148, GreenIndex=11.097898666666667, LAI=0.0, Utility=90.04534652772418]"
33,76,"[39.64656675, -82.81804938888888]",/home/boubin/Images/Photos_01JUN2018/North_Path/Images/33.6Feet/Sorte_9/DJI_0040.JPG,56,64,[],51,[],[],[],[],"[Latitude=39.64656675, Longitude=-82.81804938888888, BrightnessTotal=0.9287879858112855, exposureTime=0.004347, xResolution=4000, yResolution=3000, SaturationTotalRed=0.9464008300653595, SaturationTotalGreen=0.9283589088235294, SaturationTotalBlue=0.8681541307189542, time=0.5160532407407408, GreenIndex=10.908922666666667, LAI=0.0, Utility=88.5152297949708]"
33,77,"[39.64656794444444, -82.81679627777777]",/home/boubin/Images/Photos_01JUN2018/North_Path/Images/33.6Feet/Sorte_9/DJI_0028.JPG,28,25,[],54,[],[],[],[],"[Latitude=39.64656794444444, Longitude=-82.81679627777777, BrightnessTotal=0.9116786432339687, exposureTime=0.002699, xResolution=4000, yResolution=3000, SaturationTotalRed=0.9388488630718954, SaturationTotalGreen=0.9093751901960784, SaturationTotalBlue=0.8340192359477124, time=0.515011574074074, GreenIndex=11.901253333333333, LAI=0.0, Utility=96.54955774146372]"
33,78,"[39.646568305555554, -82.81596458333333]",/home/boubin/Images/Photos_01JUN2018/North_Path/Images/33.6Feet/Sorte_9/DJI_0020.JPG,19,23,[],85,[],[],[],[],"[Latitude=39.646568305555554, Longitude=-82.81596458333333, BrightnessTotal=0.9072187813012931, exposureTime=0.002319, xResolution=4000, yResolution=3000, SaturationTotalRed=0.939714022875817, SaturationTotalGreen=0.9030907601307189, SaturationTotalBlue=0.8284196464052287, time=0.5143287037037036, GreenIndex=9.87832, LAI=0.0, Utility=80.16944377894123]"
33,79,"[39.646460194444444, -82.81460722222222]",/home/boubin/Images/Photos_01JUN2018/North_Path/Images/33.6Feet/Sorte_9/DJI_0086.JPG,31,47,16,35,[],[],[],[],"[Latitude=39.646460194444444, Longitude=-82.81460722222222, BrightnessTotal=0.9027259775762, exposureTime=0.002684, xResolution=4000, yResolution=3000, SaturationTotalRed=0.9304052970588236, SaturationTotalGreen=0.9002338810457516, SaturationTotalBlue=0.8250724879084967, time=0.5201273148148148, GreenIndex=11.666277333333333, LAI=0.0, Utility=94.64565730069457]"
33,80,"[39.646569416666665, -82.8157543611111]",/home/boubin/Images/Photos_01JUN2018/North_Path/Images/33.6Feet/Sorte_9/DJI_0018.JPG,23,6,[],70,[],[],[],[],"[Latitude=39.646569416666665, Longitude=-82.8157543611111, BrightnessTotal=0.9243238337123428, exposureTime=0.002529, xResolution=4000, yResolution=3000, SaturationTotalRed=0.9503920447712418, SaturationTotalGreen=0.9217613696078432, SaturationTotalBlue=0.8539568428104575, time=0.5141550925925926, GreenIndex=10.17928, LAI=0.0, Utility=82.60725489802813]"
33,81,"[39.64646111111111, -82.81638311111111]",/home/boubin/Images/Photos_01JUN2018/North_Path/Images/33.6Feet/Sorte_9/DJI_0069.JPG,11,14,33,[],[],[],[],[],"[Latitude=39.64646111111111, Longitude=-82.81638311111111, BrightnessTotal=0.9128037964431703, exposureTime=0.002773, xResolution=4000, yResolution=3000, SaturationTotalRed=0.94595109248366, SaturationTotalGreen=0.9087234689542483, SaturationTotalBlue=0.8308878990196079, time=0.518599537037037, GreenIndex=10.562501333333334, LAI=0.0, Utility=85.70893373637554]"
33,82,"[39.64645813888889, -82.81502499999999]",/home/boubin/Images/Photos_01JUN2018/North_Path/Images/33.6Feet/Sorte_9/DJI_0082.JPG,71,4,68,55,[],[],[],[],"[Latitude=39.64645813888889, Longitude=-82.81502499999999, BrightnessTotal=0.917801068790005, exposureTime=0.002896, xResolution=4000, yResolution=3000, SaturationTotalRed=0.9446830333333333, SaturationTotalGreen=0.9151001140522875, SaturationTotalBlue=0.8457075758169934, time=0.5197685185185185, GreenIndex=10.341530666666667, LAI=0.0, Utility=83.91979101397465]"
33,83,"[39.64646038888889, -82.81523308333333]",/home/boubin/Images/Photos_01JUN2018/North_Path/Images/33.6Feet/Sorte_9/DJI_0080.JPG,67,71,13,59,[],[],[],[],"[Latitude=39.64646038888889, Longitude=-82.81523308333333, BrightnessTotal=0.9293904976286756, exposureTime=0.003175, xResolution=4000, yResolution=3000, SaturationTotalRed=0.9520440607843137, SaturationTotalGreen=0.927680441503268, SaturationTotalBlue=0.8631238803921568, time=0.5195833333333333, GreenIndex=10.421269333333333, LAI=0.0, Utility=84.56606223920835]"
33,84,"[39.646568583333334, -82.81617319444445]",/home/boubin/Images/Photos_01JUN2018/North_Path/Images/33.6Feet/Sorte_9/DJI_0022.JPG,44,19,[],32,[],[],[],[],"[Latitude=39.646568583333334, Longitude=-82.81617319444445, BrightnessTotal=0.9165543438043826, exposureTime=0.0025, xResolution=4000, yResolution=3000, SaturationTotalRed=0.9484195075163399, SaturationTotalGreen=0.9129044764705883, SaturationTotalBlue=0.8350485516339868, time=0.5145023148148148, GreenIndex=10.988533333333333, LAI=0.0, Utility=89.15942771339327]"
33,85,"[39.64646163888889, -82.81596494444445]",/home/boubin/Images/Photos_01JUN2018/North_Path/Images/33.6Feet/Sorte_9/DJI_0073.JPG,30,7,78,[],[],[],[],[],"[Latitude=39.64646163888889, Longitude=-82.81596494444445, BrightnessTotal=0.9179785259646072, exposureTime=0.002803, xResolution=4000, yResolution=3000, SaturationTotalRed=0.9486989418300653, SaturationTotalGreen=0.9142534862745098, SaturationTotalBlue=0.8419039140522876, time=0.5189467592592593, GreenIndex=9.850693333333334, LAI=0.0, Utility=79.94553190338623]"
33,86,"[39.646459638888885, -82.81429525]",/home/boubin/Images/Photos_01JUN2018/North_Path/Images/33.6Feet/Sorte_9/DJI_0089.JPG,2,37,27,35,[],[],[],[],"[Latitude=39.646459638888885, Longitude=-82.81429525, BrightnessTotal=0.8995005847202824, exposureTime=0.002598, xResolution=4000, yResolution=3000, SaturationTotalRed=0.9279590392156863, SaturationTotalGreen=0.8969617336601308, SaturationTotalBlue=0.8192257473856209, time=0.5203935185185186, GreenIndex=12.111194666666666, LAI=0.0, Utility=98.24801169692887]"
33,87,"[39.64656897222222, -82.81544013888889]",/home/boubin/Images/Photos_01JUN2018/North_Path/Images/33.6Feet/Sorte_9/DJI_0015.JPG,20,43,[],22,[],[],[],[],"[Latitude=39.64656897222222, Longitude=-82.81544013888889, BrightnessTotal=0.9217226949779451, exposureTime=0.002773, xResolution=4000, yResolution=3000, SaturationTotalRed=0.949567829738562, SaturationTotalGreen=0.9188380888888888, SaturationTotalBlue=0.8478523003267974, time=0.513900462962963, GreenIndex=10.455717333333334, LAI=0.0, Utility=84.8455121488094]"
33,88,"[39.64656683333333, -82.81783713888889]",/home/boubin/Images/Photos_01JUN2018/North_Path/Images/33.6Feet/Sorte_9/DJI_0038.JPG,64,36,[],42,[],[],[],[],"[Latitude=39.64656683333333, Longitude=-82.81783713888889, BrightnessTotal=0.9372314797730983, exposureTime=0.006048, xResolution=4000, yResolution=3000, SaturationTotalRed=0.9541420539215686, SaturationTotalGreen=0.9364287101307189, SaturationTotalBlue=0.8833637549019607, time=0.5158796296296296, GreenIndex=9.162757333333333, LAI=0.0, Utility=74.37672364128757]"
33,89,"[39.646459944444445, -82.81658958333333]",/home/boubin/Images/Photos_01JUN2018/North_Path/Images/33.6Feet/Sorte_9/DJI_0067.JPG,49,11,90,[],[],[],[],[],"[Latitude=39.646459944444445, Longitude=-82.81658958333333, BrightnessTotal=0.9075151955571763, exposureTime=0.002728, xResolution=4000, yResolution=3000, SaturationTotalRed=0.9391833330065359, SaturationTotalGreen=0.9041262656862745, SaturationTotalBlue=0.8238367078431372, time=0.5184143518518518, GreenIndex=11.720266666666667, LAI=0.0, Utility=95.08330422285698]"
33,90,"[39.646567166666664, -82.8165876111111]",/home/boubin/Images/Photos_01JUN2018/North_Path/Images/33.6Feet/Sorte_9/DJI_0026.JPG,25,62,[],89,[],[],[],[],"[Latitude=39.646567166666664, Longitude=-82.8165876111111, BrightnessTotal=0.93741032863867, exposureTime=0.006181, xResolution=4000, yResolution=3000, SaturationTotalRed=0.9579157447712419, SaturationTotalGreen=0.9360680189542484, SaturationTotalBlue=0.8755299120915033, time=0.5148379629629629, GreenIndex=10.03688, LAI=0.0, Utility=81.45477720973662]"
