33,1,"[39.647423583333335, -82.81492055555556]",/home/boubin/Images/Photos_01JUN2018/North_Path/Images/33.6Feet/Sorte_5/DJI_0010.JPG,68,46,[],4,[],[],[],[],"[Latitude=39.647423583333335, Longitude=-82.81492055555556, BrightnessTotal=0.9349346738397349, exposureTime=0.01, xResolution=4000, yResolution=3000, SaturationTotalRed=0.9586431424836601, SaturationTotalGreen=0.9328219352941177, SaturationTotalBlue=0.8689608614379084, time=0.5762847222222223, GreenIndex=9.714597333333334, LAI=0.0, Utility=78.83511634696052]"
33,2,"[39.64731555555556, -82.81440111111111]",/home/boubin/Images/Photos_01JUN2018/North_Path/Images/33.6Feet/Sorte_5/DJI_0088.JPG,47,86,41,35,[],[],[],[],"[Latitude=39.64731555555556, Longitude=-82.81440111111111, BrightnessTotal=0.9392392543000976, exposureTime=0.01, xResolution=4000, yResolution=3000, SaturationTotalRed=0.9607207366013072, SaturationTotalGreen=0.9380817081699346, SaturationTotalBlue=0.8715522339869282, time=0.583125, GreenIndex=11.221258666666667, LAI=1.6e-05, Utility=91.03388047860993]"
33,3,"[39.647316277777776, -82.81866775]",/home/boubin/Images/Photos_01JUN2018/North_Path/Images/33.6Feet/Sorte_5/DJI_0047.JPG,[],63,69,[],[],[],[],[],"[Latitude=39.647316277777776, Longitude=-82.81866775, BrightnessTotal=0.9456671438074585, exposureTime=0.01, xResolution=4000, yResolution=3000, SaturationTotalRed=0.9401196163398693, SaturationTotalGreen=0.9538428107843138, SaturationTotalBlue=0.8795187290849673, time=0.5795023148148148, GreenIndex=22.520026666666666, LAI=5.333333333333334e-06, Utility=182.52264860694737]"
33,4,"[39.64731533333333, -82.81492175]",/home/boubin/Images/Photos_01JUN2018/North_Path/Images/33.6Feet/Sorte_5/DJI_0083.JPG,82,38,1,35,[],[],[],[],"[Latitude=39.64731533333333, Longitude=-82.81492175, BrightnessTotal=0.9372257627113701, exposureTime=0.01, xResolution=4000, yResolution=3000, SaturationTotalRed=0.9572670490196078, SaturationTotalGreen=0.9366893437908497, SaturationTotalBlue=0.8683567555555556, time=0.5826736111111112, GreenIndex=12.206778666666667, LAI=3.733333333333333e-05, Utility=99.01375858203193]"
33,5,"[39.64731772222222, -82.81845894444444]",/home/boubin/Images/Photos_01JUN2018/North_Path/Images/33.6Feet/Sorte_5/DJI_0049.JPG,63,39,53,[],[],[],[],[],"[Latitude=39.64731772222222, Longitude=-82.81845894444444, BrightnessTotal=0.9226010543141892, exposureTime=0.01, xResolution=4000, yResolution=3000, SaturationTotalRed=0.9493004820261437, SaturationTotalGreen=0.9195520728758171, SaturationTotalBlue=0.8550659640522876, time=0.5796759259259259, GreenIndex=8.877989333333334, LAI=0.0, Utility=72.0598181092851]"
33,6,"[39.64742294444444, -82.81564694444444]",/home/boubin/Images/Photos_01JUN2018/North_Path/Images/33.6Feet/Sorte_5/DJI_0017.JPG,80,20,[],15,[],[],[],[],"[Latitude=39.64742294444444, Longitude=-82.81564694444444, BrightnessTotal=0.9350935279252126, exposureTime=0.01, xResolution=4000, yResolution=3000, SaturationTotalRed=0.9584589039215686, SaturationTotalGreen=0.9331499545751634, SaturationTotalBlue=0.8686158928104575, time=0.5768865740740741, GreenIndex=10.036976, LAI=0.0, Utility=81.44537468707368]"
33,7,"[39.647316833333335, -82.81585933333334]",/home/boubin/Images/Photos_01JUN2018/North_Path/Images/33.6Feet/Sorte_5/DJI_0074.JPG,85,70,23,59,[],[],[],[],"[Latitude=39.647316833333335, Longitude=-82.81585933333334, BrightnessTotal=0.9193788367652276, exposureTime=0.01, xResolution=4000, yResolution=3000, SaturationTotalRed=0.9435849633986929, SaturationTotalGreen=0.9175365045751634, SaturationTotalBlue=0.848424716993464, time=0.5818865740740741, GreenIndex=11.031584, LAI=3.2e-05, Utility=89.49727895719661]"
33,8,"[39.647316305555556, -82.81689913888889]",/home/boubin/Images/Photos_01JUN2018/North_Path/Images/33.6Feet/Sorte_5/DJI_0064.JPG,74,54,28,[],[],[],[],[],"[Latitude=39.647316305555556, Longitude=-82.81689913888889, BrightnessTotal=0.9244054919134493, exposureTime=0.01, xResolution=4000, yResolution=3000, SaturationTotalRed=0.9491839820261437, SaturationTotalGreen=0.9224546408496732, SaturationTotalBlue=0.8524102127450981, time=0.5809953703703704, GreenIndex=11.087664, LAI=1.6e-05, Utility=89.95175188586198]"
33,9,"[39.64742305555556, -82.81512902777777]",/home/boubin/Images/Photos_01JUN2018/North_Path/Images/33.6Feet/Sorte_5/DJI_0012.JPG,13,68,[],71,[],[],[],[],"[Latitude=39.64742305555556, Longitude=-82.81512902777777, BrightnessTotal=0.9429693144964633, exposureTime=0.01, xResolution=4000, yResolution=3000, SaturationTotalRed=0.9649768931372549, SaturationTotalGreen=0.9412954062091503, SaturationTotalBlue=0.8788784196078432, time=0.5764583333333333, GreenIndex=9.918874666666667, LAI=0.0, Utility=80.489551082287]"
33,10,"[39.64731622222222, -82.81815069444444]",/home/boubin/Images/Photos_01JUN2018/North_Path/Images/33.6Feet/Sorte_5/DJI_0052.JPG,65,51,56,[],[],[],[],[],"[Latitude=39.64731622222222, Longitude=-82.81815069444444, BrightnessTotal=0.9408478457948618, exposureTime=0.01, xResolution=4000, yResolution=3000, SaturationTotalRed=0.962136125490196, SaturationTotalGreen=0.9391794784313726, SaturationTotalBlue=0.8794834647058823, time=0.5799421296296297, GreenIndex=9.429498666666667, LAI=0.0, Utility=76.52634143060799]"
33,11,"[39.64731613888889, -82.81648438888888]",/home/boubin/Images/Photos_01JUN2018/North_Path/Images/33.6Feet/Sorte_5/DJI_0068.JPG,89,81,62,[],[],[],[],[],"[Latitude=39.64731613888889, Longitude=-82.81648438888888, BrightnessTotal=0.9146670092603474, exposureTime=0.01, xResolution=4000, yResolution=3000, SaturationTotalRed=0.9397416630718954, SaturationTotalGreen=0.9127204153594771, SaturationTotalBlue=0.8414073156862745, time=0.5813541666666666, GreenIndex=11.320917333333334, LAI=0.000128, Utility=91.83990380908419]"
33,12,"[39.64731666666667, -82.81710916666667]",/home/boubin/Images/Photos_01JUN2018/North_Path/Images/33.6Feet/Sorte_5/DJI_0062.JPG,60,74,29,[],[],[],[],[],"[Latitude=39.64731666666667, Longitude=-82.81710916666667, BrightnessTotal=0.9323697654973475, exposureTime=0.01, xResolution=4000, yResolution=3000, SaturationTotalRed=0.9545820212418301, SaturationTotalGreen=0.9307703418300654, SaturationTotalBlue=0.8666306689542485, time=0.5808217592592593, GreenIndex=10.297146666666666, LAI=0.0, Utility=83.55124958550606]"
33,13,"[39.64742322222222, -82.81523313888889]",/home/boubin/Images/Photos_01JUN2018/North_Path/Images/33.6Feet/Sorte_5/DJI_0013.JPG,43,9,[],83,[],[],[],[],"[Latitude=39.64742322222222, Longitude=-82.81523313888889, BrightnessTotal=0.9462550900475588, exposureTime=0.01, xResolution=4000, yResolution=3000, SaturationTotalRed=0.9664571398692811, SaturationTotalGreen=0.9450631578431373, SaturationTotalBlue=0.8839453503267974, time=0.5765393518518519, GreenIndex=10.164613333333334, LAI=5.333333333333334e-06, Utility=82.47948807461115]"
33,14,"[39.6473165, -82.81627436111111]",/home/boubin/Images/Photos_01JUN2018/North_Path/Images/33.6Feet/Sorte_5/DJI_0070.JPG,81,32,44,59,[],[],[],[],"[Latitude=39.6473165, Longitude=-82.81627436111111, BrightnessTotal=0.9211801522280049, exposureTime=0.01, xResolution=4000, yResolution=3000, SaturationTotalRed=0.9442853493464053, SaturationTotalGreen=0.9197768058823529, SaturationTotalBlue=0.8497455026143791, time=0.5815277777777778, GreenIndex=11.637856, LAI=9.6e-05, Utility=94.40650034460704]"
33,15,"[39.64731613888889, -82.815651]",/home/boubin/Images/Photos_01JUN2018/North_Path/Images/33.6Feet/Sorte_5/DJI_0076.JPG,70,18,6,59,[],[],[],[],"[Latitude=39.64731613888889, Longitude=-82.815651, BrightnessTotal=0.9217828383509892, exposureTime=0.01, xResolution=4000, yResolution=3000, SaturationTotalRed=0.9465498362745097, SaturationTotalGreen=0.9194795238562091, SaturationTotalBlue=0.8536877552287582, time=0.5820601851851852, GreenIndex=9.885904, LAI=2.1333333333333335e-05, Utility=80.220630460945]"
33,16,"[39.64742372222222, -82.81460799999999]",/home/boubin/Images/Photos_01JUN2018/North_Path/Images/33.6Feet/Sorte_5/DJI_0007.JPG,40,50,[],79,[],[],[],[],"[Latitude=39.64742372222222, Longitude=-82.81460799999999, BrightnessTotal=0.9188142734680553, exposureTime=0.01, xResolution=4000, yResolution=3000, SaturationTotalRed=0.9474577977124183, SaturationTotalGreen=0.9153678545751633, SaturationTotalBlue=0.847938281372549, time=0.5760300925925926, GreenIndex=9.045749333333333, LAI=3.733333333333333e-05, Utility=73.41859059300036]"
33,17,"[39.647421888888886, -82.81741772222222]",/home/boubin/Images/Photos_01JUN2018/North_Path/Images/33.6Feet/Sorte_5/DJI_0034.JPG,57,75,[],61,[],[],[],[],"[Latitude=39.647421888888886, Longitude=-82.81741772222222, BrightnessTotal=0.9253509972577101, exposureTime=0.01, xResolution=4000, yResolution=3000, SaturationTotalRed=0.948804631372549, SaturationTotalGreen=0.9237262990196079, SaturationTotalBlue=0.8549958950980392, time=0.5783680555555556, GreenIndex=11.161690666666667, LAI=0.0, Utility=90.55163469937504]"
33,18,"[39.64731594444444, -82.81554658333333]",/home/boubin/Images/Photos_01JUN2018/North_Path/Images/33.6Feet/Sorte_5/DJI_0077.JPG,15,22,20,59,[],[],[],[],"[Latitude=39.64731594444444, Longitude=-82.81554658333333, BrightnessTotal=0.9458971129961457, exposureTime=0.01, xResolution=4000, yResolution=3000, SaturationTotalRed=0.9647622486928105, SaturationTotalGreen=0.9451650071895424, SaturationTotalBlue=0.8837662009803922, time=0.5821527777777777, GreenIndex=10.692213333333333, LAI=1.0666666666666667e-05, Utility=86.75062074958403]"
33,19,"[39.647423527777775, -82.81606375]",/home/boubin/Images/Photos_01JUN2018/North_Path/Images/33.6Feet/Sorte_5/DJI_0021.JPG,84,78,[],30,[],[],[],[],"[Latitude=39.647423527777775, Longitude=-82.81606375, BrightnessTotal=0.9212053910814728, exposureTime=0.01, xResolution=4000, yResolution=3000, SaturationTotalRed=0.9475159774509805, SaturationTotalGreen=0.9187017954248365, SaturationTotalBlue=0.8492197464052288, time=0.5772453703703704, GreenIndex=10.393082666666666, LAI=0.0, Utility=84.32807135993347]"
33,20,"[39.64742305555556, -82.81554488888888]",/home/boubin/Images/Photos_01JUN2018/North_Path/Images/33.6Feet/Sorte_5/DJI_0016.JPG,6,87,[],18,[],[],[],[],"[Latitude=39.64742305555556, Longitude=-82.81554488888888, BrightnessTotal=0.9536500781175856, exposureTime=0.01, xResolution=4000, yResolution=3000, SaturationTotalRed=0.9726034189542483, SaturationTotalGreen=0.9526074594771242, SaturationTotalBlue=0.8945686111111111, time=0.5768055555555556, GreenIndex=9.733050666666667, LAI=0.0, Utility=78.98538692533968]"
33,21,"[39.647422666666664, -82.81856427777777]",/home/boubin/Images/Photos_01JUN2018/North_Path/Images/33.6Feet/Sorte_5/DJI_0045.JPG,69,53,[],63,[],[],[],[],"[Latitude=39.647422666666664, Longitude=-82.81856427777777, BrightnessTotal=0.933404317659949, exposureTime=0.01, xResolution=4000, yResolution=3000, SaturationTotalRed=0.9260006343137256, SaturationTotalGreen=0.9398042705882353, SaturationTotalBlue=0.8934258486928104, time=0.5793287037037037, GreenIndex=15.364944, LAI=4.8e-05, Utility=124.58637141402833]"
33,22,"[39.64731636111111, -82.81544199999999]",/home/boubin/Images/Photos_01JUN2018/North_Path/Images/33.6Feet/Sorte_5/DJI_0078.JPG,18,67,87,59,[],[],[],[],"[Latitude=39.64731636111111, Longitude=-82.81544199999999, BrightnessTotal=0.9353882309351238, exposureTime=0.01, xResolution=4000, yResolution=3000, SaturationTotalRed=0.9568952284313725, SaturationTotalGreen=0.9340122104575164, SaturationTotalBlue=0.8699738173202615, time=0.5822337962962963, GreenIndex=10.522864, LAI=2.1333333333333335e-05, Utility=85.37883700423554]"
33,23,"[39.64742322222222, -82.81585530555556]",/home/boubin/Images/Photos_01JUN2018/North_Path/Images/33.6Feet/Sorte_5/DJI_0019.JPG,78,80,[],7,[],[],[],[],"[Latitude=39.64742322222222, Longitude=-82.81585530555556, BrightnessTotal=0.9393089184777877, exposureTime=0.01, xResolution=4000, yResolution=3000, SaturationTotalRed=0.9615935058823529, SaturationTotalGreen=0.9377468189542484, SaturationTotalBlue=0.8729062316993464, time=0.5770717592592592, GreenIndex=10.489344, LAI=0.0, Utility=85.10844322369864]"
33,24,"[39.64742291666666, -82.81700133333332]",/home/boubin/Images/Photos_01JUN2018/North_Path/Images/33.6Feet/Sorte_5/DJI_0030.JPG,29,28,[],74,[],[],[],[],"[Latitude=39.64742291666666, Longitude=-82.81700133333332, BrightnessTotal=0.9342265206072333, exposureTime=0.01, xResolution=4000, yResolution=3000, SaturationTotalRed=0.9595392450980392, SaturationTotalGreen=0.9316290588235294, SaturationTotalBlue=0.8672577065359477, time=0.5780208333333333, GreenIndex=9.32168, LAI=1.0666666666666667e-05, Utility=75.65328493040982]"
33,25,"[39.64742313888889, -82.81668977777777]",/home/boubin/Images/Photos_01JUN2018/North_Path/Images/33.6Feet/Sorte_5/DJI_0027.JPG,77,90,[],49,[],[],[],[],"[Latitude=39.64742313888889, Longitude=-82.81668977777777, BrightnessTotal=0.9328540677047191, exposureTime=0.01, xResolution=4000, yResolution=3000, SaturationTotalRed=0.9567946454248366, SaturationTotalGreen=0.9307893326797386, SaturationTotalBlue=0.8654392709150327, time=0.5777662037037037, GreenIndex=10.053530666666667, LAI=1.6e-05, Utility=81.57916540926904]"
33,26,"[39.6473165, -82.81793977777778]",/home/boubin/Images/Photos_01JUN2018/North_Path/Images/33.6Feet/Sorte_5/DJI_0054.JPG,51,42,64,[],[],[],[],[],"[Latitude=39.6473165, Longitude=-82.81793977777778, BrightnessTotal=0.9394921825888162, exposureTime=0.01, xResolution=4000, yResolution=3000, SaturationTotalRed=0.9605980846405229, SaturationTotalGreen=0.9379306248366014, SaturationTotalBlue=0.8776711666666667, time=0.5801157407407408, GreenIndex=9.610976, LAI=5.333333333333334e-06, Utility=77.99569523570118]"
33,27,"[39.64742480555555, -82.81429652777777]",/home/boubin/Images/Photos_01JUN2018/North_Path/Images/33.6Feet/Sorte_5/DJI_0004.JPG,41,34,[],86,[],[],[],[],"[Latitude=39.64742480555555, Longitude=-82.81429652777777, BrightnessTotal=0.9247057753821702, exposureTime=0.01, xResolution=4000, yResolution=3000, SaturationTotalRed=0.9506318212418301, SaturationTotalGreen=0.921858972875817, SaturationTotalBlue=0.8580115816993464, time=0.575775462962963, GreenIndex=8.981728, LAI=0.0, Utility=72.90054340439437]"
33,28,"[39.64742275, -82.8168971111111]",/home/boubin/Images/Photos_01JUN2018/North_Path/Images/33.6Feet/Sorte_5/DJI_0029.JPG,24,77,[],8,[],[],[],[],"[Latitude=39.64742275, Longitude=-82.8168971111111, BrightnessTotal=0.9454221128970048, exposureTime=0.01, xResolution=4000, yResolution=3000, SaturationTotalRed=0.9676861274509804, SaturationTotalGreen=0.9435977712418301, SaturationTotalBlue=0.881978660130719, time=0.5779398148148148, GreenIndex=9.589445333333334, LAI=0.0, Utility=77.82199243671701]"
33,29,"[39.647423555555555, -82.81710641666666]",/home/boubin/Images/Photos_01JUN2018/North_Path/Images/33.6Feet/Sorte_5/DJI_0031.JPG,48,24,[],12,[],[],[],[],"[Latitude=39.647423555555555, Longitude=-82.81710641666666, BrightnessTotal=0.9302622076856961, exposureTime=0.01, xResolution=4000, yResolution=3000, SaturationTotalRed=0.956843739869281, SaturationTotalGreen=0.9273152493464052, SaturationTotalBlue=0.862110618627451, time=0.578113425925926, GreenIndex=9.14072, LAI=0.0, Utility=74.1878120462541]"
33,30,"[39.647316, -82.81606677777778]",/home/boubin/Images/Photos_01JUN2018/North_Path/Images/33.6Feet/Sorte_5/DJI_0072.JPG,32,85,19,59,[],[],[],[],"[Latitude=39.647316, Longitude=-82.81606677777778, BrightnessTotal=0.9175202900081593, exposureTime=0.01, xResolution=4000, yResolution=3000, SaturationTotalRed=0.9426452996732027, SaturationTotalGreen=0.9151400470588236, SaturationTotalBlue=0.8488407450980392, time=0.5817013888888889, GreenIndex=9.898746666666666, LAI=2.6666666666666667e-05, Utility=80.32446822551209]"
33,31,"[39.64731608333333, -82.81471327777777]",/home/boubin/Images/Photos_01JUN2018/North_Path/Images/33.6Feet/Sorte_5/DJI_0085.JPG,38,79,40,35,[],[],[],[],"[Latitude=39.64731608333333, Longitude=-82.81471327777777, BrightnessTotal=0.9234875979401965, exposureTime=0.01, xResolution=4000, yResolution=3000, SaturationTotalRed=0.9474245866013071, SaturationTotalGreen=0.9217872352941177, SaturationTotalBlue=0.8520525150326798, time=0.5828587962962963, GreenIndex=11.283552, LAI=5.8666666666666665e-05, Utility=91.53754292473539]"
33,32,"[39.64731580555556, -82.81617205555555]",/home/boubin/Images/Photos_01JUN2018/North_Path/Images/33.6Feet/Sorte_5/DJI_0071.JPG,14,30,84,59,[],[],[],[],"[Latitude=39.64731580555556, Longitude=-82.81617205555555, BrightnessTotal=0.9203917512483838, exposureTime=0.01, xResolution=4000, yResolution=3000, SaturationTotalRed=0.9440242339869281, SaturationTotalGreen=0.9186544434640522, SaturationTotalBlue=0.8505475424836602, time=0.5816203703703704, GreenIndex=10.914341333333333, LAI=8.533333333333334e-05, Utility=88.5480431368389]"
33,33,"[39.647422722222224, -82.816377]",/home/boubin/Images/Photos_01JUN2018/North_Path/Images/33.6Feet/Sorte_5/DJI_0024.JPG,62,44,[],81,[],[],[],[],"[Latitude=39.647422722222224, Longitude=-82.816377, BrightnessTotal=0.9342774455520632, exposureTime=0.01, xResolution=4000, yResolution=3000, SaturationTotalRed=0.9581679588235295, SaturationTotalGreen=0.932347191503268, SaturationTotalBlue=0.8655939833333333, time=0.5775, GreenIndex=10.465941333333333, LAI=1.6e-05, Utility=84.91862570691214]"
33,34,"[39.64742294444444, -82.81419252777778]",/home/boubin/Images/Photos_01JUN2018/North_Path/Images/33.6Feet/Sorte_5/DJI_0003.JPG,27,[],[],37,[],[],[],[],"[Latitude=39.64742294444444, Longitude=-82.81419252777778, BrightnessTotal=0.8979374546610182, exposureTime=0.01, xResolution=4000, yResolution=3000, SaturationTotalRed=0.9273726993464052, SaturationTotalGreen=0.8947084810457516, SaturationTotalBlue=0.8213964604575164, time=0.5756828703703704, GreenIndex=10.40048, LAI=8e-05, Utility=84.38707394815728]"
33,35,"[39.64532480555555, -82.81453686111111]",/home/boubin/Images/Photos_01JUN2018/North_Path/Images/33.6Feet/Sorte_5/DJI_0001.JPG,59,[],47,[],[],[],[],[],"[Latitude=39.64532480555555, Longitude=-82.81453686111111, BrightnessTotal=0.8613709388919115, exposureTime=0.007154, xResolution=4000, yResolution=3000, SaturationTotalRed=0.8590529555555556, SaturationTotalGreen=0.8649505581699346, SaturationTotalBlue=0.8326452764705883, time=0.5743402777777777, GreenIndex=9.850197333333334, LAI=0.0, Utility=79.92996995453157]"
33,36,"[39.64742277777778, -82.81773130555555]",/home/boubin/Images/Photos_01JUN2018/North_Path/Images/33.6Feet/Sorte_5/DJI_0037.JPG,88,45,[],73,[],[],[],[],"[Latitude=39.64742277777778, Longitude=-82.81773130555555, BrightnessTotal=0.9218385985556405, exposureTime=0.01, xResolution=4000, yResolution=3000, SaturationTotalRed=0.9462947735294118, SaturationTotalGreen=0.9197266480392157, SaturationTotalBlue=0.8528698555555555, time=0.5786342592592593, GreenIndex=10.314112, LAI=0.0, Utility=83.68845118937332]"
33,37,"[39.647315722222224, -82.81419208333332]",/home/boubin/Images/Photos_01JUN2018/North_Path/Images/33.6Feet/Sorte_5/DJI_0090.JPG,86,[],34,35,[],[],[],[],"[Latitude=39.647315722222224, Longitude=-82.81419208333332, BrightnessTotal=0.9422198903506812, exposureTime=0.01, xResolution=4000, yResolution=3000, SaturationTotalRed=0.9639473947712419, SaturationTotalGreen=0.9408122303921569, SaturationTotalBlue=0.8763159843137255, time=0.5832986111111111, GreenIndex=10.583274666666666, LAI=0.0, Utility=85.8681492285423]"
33,38,"[39.647316805555555, -82.81481786111111]",/home/boubin/Images/Photos_01JUN2018/North_Path/Images/33.6Feet/Sorte_5/DJI_0084.JPG,4,31,46,35,[],[],[],[],"[Latitude=39.647316805555555, Longitude=-82.81481786111111, BrightnessTotal=0.9340512380287136, exposureTime=0.01, xResolution=4000, yResolution=3000, SaturationTotalRed=0.9553658604575163, SaturationTotalGreen=0.9330539676470588, SaturationTotalBlue=0.8652419039215686, time=0.5827662037037037, GreenIndex=11.635248, LAI=3.2e-05, Utility=94.38581774390315]"
33,39,"[39.647316305555556, -82.81835755555555]",/home/boubin/Images/Photos_01JUN2018/North_Path/Images/33.6Feet/Sorte_5/DJI_0050.JPG,5,65,72,[],[],[],[],[],"[Latitude=39.647316305555556, Longitude=-82.81835755555555, BrightnessTotal=0.9345659168505278, exposureTime=0.01, xResolution=4000, yResolution=3000, SaturationTotalRed=0.959663941503268, SaturationTotalGreen=0.9313478620915033, SaturationTotalBlue=0.8751791254901962, time=0.5797685185185185, GreenIndex=7.147930666666666, LAI=0.0, Utility=58.051863845958955]"
33,40,"[39.647424027777774, -82.81471205555555]",/home/boubin/Images/Photos_01JUN2018/North_Path/Images/33.6Feet/Sorte_5/DJI_0008.JPG,46,16,[],31,[],[],[],[],"[Latitude=39.647424027777774, Longitude=-82.81471205555555, BrightnessTotal=0.935720884442449, exposureTime=0.01, xResolution=4000, yResolution=3000, SaturationTotalRed=0.9593049359477124, SaturationTotalGreen=0.9334688189542484, SaturationTotalBlue=0.8717538807189542, time=0.5761111111111111, GreenIndex=9.177178666666666, LAI=1.0666666666666667e-05, Utility=74.483628621323]"
33,41,"[39.647424083333334, -82.81439927777778]",/home/boubin/Images/Photos_01JUN2018/North_Path/Images/33.6Feet/Sorte_5/DJI_0005.JPG,50,27,[],2,[],[],[],[],"[Latitude=39.647424083333334, Longitude=-82.81439927777778, BrightnessTotal=0.919758725899156, exposureTime=0.01, xResolution=4000, yResolution=3000, SaturationTotalRed=0.9473460584967319, SaturationTotalGreen=0.9165640450980391, SaturationTotalBlue=0.8503045209150327, time=0.5758564814814815, GreenIndex=9.069189333333334, LAI=2.1333333333333335e-05, Utility=73.60846716199119]"
33,42,"[39.64731675, -82.81783791666666]",/home/boubin/Images/Photos_01JUN2018/North_Path/Images/33.6Feet/Sorte_5/DJI_0055.JPG,26,73,88,[],[],[],[],[],"[Latitude=39.64731675, Longitude=-82.81783791666666, BrightnessTotal=0.9311834293374697, exposureTime=0.01, xResolution=4000, yResolution=3000, SaturationTotalRed=0.955252862745098, SaturationTotalGreen=0.9287305732026144, SaturationTotalBlue=0.8674902388888889, time=0.5802083333333333, GreenIndex=8.885093333333334, LAI=0.0, Utility=72.11768575408514]"
33,43,"[39.647422694444444, -82.81533708333333]",/home/boubin/Images/Photos_01JUN2018/North_Path/Images/33.6Feet/Sorte_5/DJI_0014.JPG,87,13,[],67,[],[],[],[],"[Latitude=39.647422694444444, Longitude=-82.81533708333333, BrightnessTotal=0.9423834395319196, exposureTime=0.01, xResolution=4000, yResolution=3000, SaturationTotalRed=0.9633204901960785, SaturationTotalGreen=0.9410747633986928, SaturationTotalBlue=0.8784782202614378, time=0.5766319444444444, GreenIndex=10.322837333333334, LAI=0.0, Utility=83.76044306264693]"
33,44,"[39.64742275, -82.81627252777777]",/home/boubin/Images/Photos_01JUN2018/North_Path/Images/33.6Feet/Sorte_5/DJI_0023.JPG,33,84,[],14,[],[],[],[],"[Latitude=39.64742275, Longitude=-82.81627252777777, BrightnessTotal=0.9328014552945386, exposureTime=0.01, xResolution=4000, yResolution=3000, SaturationTotalRed=0.9568320794117646, SaturationTotalGreen=0.9308897872549019, SaturationTotalBlue=0.8633581967320262, time=0.5774189814814815, GreenIndex=10.627856, LAI=0.0, Utility=86.22961218461256]"
33,45,"[39.64742361111111, -82.81762630555555]",/home/boubin/Images/Photos_01JUN2018/North_Path/Images/33.6Feet/Sorte_5/DJI_0036.JPG,36,57,[],58,[],[],[],[],"[Latitude=39.64742361111111, Longitude=-82.81762630555555, BrightnessTotal=0.9201035257720449, exposureTime=0.01, xResolution=4000, yResolution=3000, SaturationTotalRed=0.9440762169934641, SaturationTotalGreen=0.9182277029411765, SaturationTotalBlue=0.850439681372549, time=0.5785416666666666, GreenIndex=10.747792, LAI=0.0, Utility=87.19995320522503]"
33,46,"[39.64742363888889, -82.81481663888889]",/home/boubin/Images/Photos_01JUN2018/North_Path/Images/33.6Feet/Sorte_5/DJI_0009.JPG,1,40,[],38,[],[],[],[],"[Latitude=39.64742363888889, Longitude=-82.81481663888889, BrightnessTotal=0.9170034887789474, exposureTime=0.01, xResolution=4000, yResolution=3000, SaturationTotalRed=0.9438442130718954, SaturationTotalGreen=0.9140490777777778, SaturationTotalBlue=0.8478508359477125, time=0.5762037037037037, GreenIndex=9.308266666666666, LAI=5.333333333333333e-05, Utility=75.54412426871033]"
33,47,"[39.64731619444444, -82.8145046111111]",/home/boubin/Images/Photos_01JUN2018/North_Path/Images/33.6Feet/Sorte_5/DJI_0087.JPG,79,2,50,35,[],[],[],[],"[Latitude=39.64731619444444, Longitude=-82.8145046111111, BrightnessTotal=0.9237270501977697, exposureTime=0.01, xResolution=4000, yResolution=3000, SaturationTotalRed=0.9492423415032679, SaturationTotalGreen=0.9216556094771241, SaturationTotalBlue=0.850144058496732, time=0.5830324074074074, GreenIndex=11.214165333333334, LAI=4.266666666666667e-05, Utility=90.97568346838263]"
33,48,"[39.64742258333333, -82.81721116666667]",/home/boubin/Images/Photos_01JUN2018/North_Path/Images/33.6Feet/Sorte_5/DJI_0032.JPG,75,29,[],60,[],[],[],[],"[Latitude=39.64742258333333, Longitude=-82.81721116666667, BrightnessTotal=0.9284308072013715, exposureTime=0.01, xResolution=4000, yResolution=3000, SaturationTotalRed=0.9546756496732026, SaturationTotalGreen=0.9255658274509804, SaturationTotalBlue=0.8606990434640522, time=0.5781944444444445, GreenIndex=9.130576, LAI=1.0666666666666667e-05, Utility=74.10557363605912]"
33,49,"[39.64731591666666, -82.81669225]",/home/boubin/Images/Photos_01JUN2018/North_Path/Images/33.6Feet/Sorte_5/DJI_0066.JPG,54,89,25,[],[],[],[],[],"[Latitude=39.64731591666666, Longitude=-82.81669225, BrightnessTotal=0.9300896174781619, exposureTime=0.01, xResolution=4000, yResolution=3000, SaturationTotalRed=0.9541681872549019, SaturationTotalGreen=0.9283218666666666, SaturationTotalBlue=0.8588671421568628, time=0.5811805555555556, GreenIndex=11.165994666666666, LAI=2.6666666666666667e-05, Utility=90.58625653120701]"
33,50,"[39.647424111111114, -82.81450413888889]",/home/boubin/Images/Photos_01JUN2018/North_Path/Images/33.6Feet/Sorte_5/DJI_0006.JPG,16,41,[],47,[],[],[],[],"[Latitude=39.647424111111114, Longitude=-82.81450413888889, BrightnessTotal=0.9266571627179745, exposureTime=0.01, xResolution=4000, yResolution=3000, SaturationTotalRed=0.9537394823529411, SaturationTotalGreen=0.923687165359477, SaturationTotalBlue=0.8567681611111111, time=0.5759375, GreenIndex=9.414618666666666, LAI=5.333333333333334e-06, Utility=76.40578204828861]"
33,51,"[39.647316805555555, -82.81804469444444]",/home/boubin/Images/Photos_01JUN2018/North_Path/Images/33.6Feet/Sorte_5/DJI_0053.JPG,10,26,76,[],[],[],[],[],"[Latitude=39.647316805555555, Longitude=-82.81804469444444, BrightnessTotal=0.9318221121706152, exposureTime=0.01, xResolution=4000, yResolution=3000, SaturationTotalRed=0.9553508830065359, SaturationTotalGreen=0.9295889483660131, SaturationTotalBlue=0.8678503748366013, time=0.5800347222222222, GreenIndex=9.206101333333333, LAI=0.0, Utility=74.71699510470938]"
33,52,"[39.647316777777775, -82.81752547222221]",/home/boubin/Images/Photos_01JUN2018/North_Path/Images/33.6Feet/Sorte_5/DJI_0058.JPG,58,61,57,[],[],[],[],[],"[Latitude=39.647316777777775, Longitude=-82.81752547222221, BrightnessTotal=0.9388942759083808, exposureTime=0.01, xResolution=4000, yResolution=3000, SaturationTotalRed=0.9594049816993464, SaturationTotalGreen=0.9378354300653594, SaturationTotalBlue=0.8739128944444444, time=0.580462962962963, GreenIndex=10.839610666666667, LAI=1.0666666666666667e-05, Utility=87.94404245782462]"
33,53,"[39.64742347222222, -82.81845941666667]",/home/boubin/Images/Photos_01JUN2018/North_Path/Images/33.6Feet/Sorte_5/DJI_0044.JPG,21,72,[],5,[],[],[],[],"[Latitude=39.64742347222222, Longitude=-82.81845941666667, BrightnessTotal=0.9211087814874358, exposureTime=0.01, xResolution=4000, yResolution=3000, SaturationTotalRed=0.9485133385620915, SaturationTotalGreen=0.9170438901960785, SaturationTotalBlue=0.8618480045751634, time=0.5792361111111111, GreenIndex=6.0791786666666665, LAI=0.0, Utility=49.39744676941085]"
33,54,"[39.64731638888889, -82.81679588888889]",/home/boubin/Images/Photos_01JUN2018/North_Path/Images/33.6Feet/Sorte_5/DJI_0065.JPG,8,49,77,[],[],[],[],[],"[Latitude=39.64731638888889, Longitude=-82.81679588888889, BrightnessTotal=0.9335303792132098, exposureTime=0.01, xResolution=4000, yResolution=3000, SaturationTotalRed=0.955078801633987, SaturationTotalGreen=0.9322906637254902, SaturationTotalBlue=0.8664586901960785, time=0.581087962962963, GreenIndex=11.000725333333333, LAI=1.6e-05, Utility=89.24824286127344]"
33,55,"[39.64528283333333, -82.81491930555555]",/home/boubin/Images/Photos_01JUN2018/North_Path/Images/33.6Feet/Sorte_5/DJI_0091.JPG,59,[],4,[],[],[],[],[],"[Latitude=39.64528283333333, Longitude=-82.81491930555555, BrightnessTotal=0.9531042663521817, exposureTime=0.01, xResolution=4000, yResolution=3000, SaturationTotalRed=0.9708079189542483, SaturationTotalGreen=0.9524525777777778, SaturationTotalBlue=0.894602318627451, time=0.5837037037037037, GreenIndex=10.169866666666667, LAI=0.0, Utility=82.52121269803246]"
33,56,"[39.64742288888889, -82.81814874999999]",/home/boubin/Images/Photos_01JUN2018/North_Path/Images/33.6Feet/Sorte_5/DJI_0041.JPG,72,76,[],10,[],[],[],[],"[Latitude=39.64742288888889, Longitude=-82.81814874999999, BrightnessTotal=0.936909853742714, exposureTime=0.01, xResolution=4000, yResolution=3000, SaturationTotalRed=0.9574281797385621, SaturationTotalGreen=0.9357471013071895, SaturationTotalBlue=0.8730244091503269, time=0.5789814814814814, GreenIndex=10.477290666666667, LAI=5.333333333333334e-06, Utility=85.01042887682965]"
33,57,"[39.64742336111111, -82.81752213888889]",/home/boubin/Images/Photos_01JUN2018/North_Path/Images/33.6Feet/Sorte_5/DJI_0035.JPG,45,17,[],52,[],[],[],[],"[Latitude=39.64742336111111, Longitude=-82.81752213888889, BrightnessTotal=0.9352084567021163, exposureTime=0.01, xResolution=4000, yResolution=3000, SaturationTotalRed=0.956451102614379, SaturationTotalGreen=0.9339348153594771, SaturationTotalBlue=0.8697067506535947, time=0.5784606481481481, GreenIndex=10.674069333333334, LAI=0.0, Utility=86.60377197092392]"
33,58,"[39.64731622222222, -82.81762994444443]",/home/boubin/Images/Photos_01JUN2018/North_Path/Images/33.6Feet/Sorte_5/DJI_0057.JPG,73,52,45,[],[],[],[],[],"[Latitude=39.64731622222222, Longitude=-82.81762994444443, BrightnessTotal=0.9274543900632352, exposureTime=0.01, xResolution=4000, yResolution=3000, SaturationTotalRed=0.9510549751633987, SaturationTotalGreen=0.925282270261438, SaturationTotalBlue=0.862520537254902, time=0.5803819444444445, GreenIndex=9.479413333333333, LAI=5.333333333333334e-06, Utility=76.92977259431024]"
33,59,"[39.64528658333333, -82.81497816666666]",/home/boubin/Images/Photos_01JUN2018/North_Path/Images/33.6Feet/Sorte_5/DJI_0002.JPG,[],55,4,[],[],[],[],[],"[Latitude=39.64528658333333, Longitude=-82.81497816666666, BrightnessTotal=0.971211208889262, exposureTime=0.02, xResolution=4000, yResolution=3000, SaturationTotalRed=0.984177960130719, SaturationTotalGreen=0.9716242689542484, SaturationTotalBlue=0.9193666598039216, time=0.575300925925926, GreenIndex=10.25072, LAI=0.0, Utility=83.17816019430799]"
33,60,"[39.64731588888889, -82.8172123611111]",/home/boubin/Images/Photos_01JUN2018/North_Path/Images/33.6Feet/Sorte_5/DJI_0061.JPG,66,12,48,[],[],[],[],[],"[Latitude=39.64731588888889, Longitude=-82.8172123611111, BrightnessTotal=0.9248711896580633, exposureTime=0.01, xResolution=4000, yResolution=3000, SaturationTotalRed=0.9486029248366012, SaturationTotalGreen=0.9228596970588235, SaturationTotalBlue=0.8576599803921569, time=0.5807291666666666, GreenIndex=10.087232, LAI=5.8666666666666665e-05, Utility=81.85118342378888]"
33,61,"[39.64731675, -82.81742052777777]",/home/boubin/Images/Photos_01JUN2018/North_Path/Images/33.6Feet/Sorte_5/DJI_0059.JPG,52,66,17,[],[],[],[],[],"[Latitude=39.64731675, Longitude=-82.81742052777777, BrightnessTotal=0.9272061979589044, exposureTime=0.01, xResolution=4000, yResolution=3000, SaturationTotalRed=0.9501158866013072, SaturationTotalGreen=0.9255464205882353, SaturationTotalBlue=0.8593787748366014, time=0.5805555555555556, GreenIndex=10.652245333333333, LAI=2.1333333333333335e-05, Utility=86.42632293034919]"
33,62,"[39.647422694444444, -82.81648072222222]",/home/boubin/Images/Photos_01JUN2018/North_Path/Images/33.6Feet/Sorte_5/DJI_0025.JPG,90,33,[],11,[],[],[],[],"[Latitude=39.647422694444444, Longitude=-82.81648072222222, BrightnessTotal=0.92666064276342, exposureTime=0.01, xResolution=4000, yResolution=3000, SaturationTotalRed=0.9517411918300653, SaturationTotalGreen=0.9245283980392157, SaturationTotalBlue=0.8554777486928105, time=0.5775925925925925, GreenIndex=10.709957333333334, LAI=1.6e-05, Utility=86.89406648379217]"
33,63,"[39.64731875, -82.81856088888888]",/home/boubin/Images/Photos_01JUN2018/North_Path/Images/33.6Feet/Sorte_5/DJI_0048.JPG,3,5,21,[],[],[],[],[],"[Latitude=39.64731875, Longitude=-82.81856088888888, BrightnessTotal=0.9356930412206559, exposureTime=0.01, xResolution=4000, yResolution=3000, SaturationTotalRed=0.9276818408496732, SaturationTotalGreen=0.9421170346405229, SaturationTotalBlue=0.8976891575163398, time=0.5795949074074074, GreenIndex=15.048229333333333, LAI=9.6e-05, Utility=122.0219595331324]"
33,64,"[39.64742322222222, -82.81793944444443]",/home/boubin/Images/Photos_01JUN2018/North_Path/Images/33.6Feet/Sorte_5/DJI_0039.JPG,76,88,[],26,[],[],[],[],"[Latitude=39.64742322222222, Longitude=-82.81793944444443, BrightnessTotal=0.9242599124558294, exposureTime=0.01, xResolution=4000, yResolution=3000, SaturationTotalRed=0.9476128748366013, SaturationTotalGreen=0.9222735437908497, SaturationTotalBlue=0.8582551620915032, time=0.5788078703703704, GreenIndex=9.870581333333334, LAI=0.0, Utility=80.09721536229969]"
33,65,"[39.64731744444445, -82.81825538888889]",/home/boubin/Images/Photos_01JUN2018/North_Path/Images/33.6Feet/Sorte_5/DJI_0051.JPG,39,10,[],[],[],[],[],[],"[Latitude=39.64731744444445, Longitude=-82.81825538888889, BrightnessTotal=0.9390862954089031, exposureTime=0.01, xResolution=4000, yResolution=3000, SaturationTotalRed=0.96085645, SaturationTotalGreen=0.9370003565359477, SaturationTotalBlue=0.8803738862745097, time=0.5798611111111112, GreenIndex=8.383664, LAI=0.0, Utility=68.0579940676665]"
33,66,"[39.64731611111111, -82.81731783333333]",/home/boubin/Images/Photos_01JUN2018/North_Path/Images/33.6Feet/Sorte_5/DJI_0060.JPG,61,60,75,[],[],[],[],[],"[Latitude=39.64731611111111, Longitude=-82.81731783333333, BrightnessTotal=0.949179214038804, exposureTime=0.01, xResolution=4000, yResolution=3000, SaturationTotalRed=0.9671255392156862, SaturationTotalGreen=0.9485328823529412, SaturationTotalBlue=0.889674477124183, time=0.5806481481481481, GreenIndex=10.342624, LAI=0.0, Utility=83.92035552694612]"
33,67,"[39.64731675, -82.8153386111111]",/home/boubin/Images/Photos_01JUN2018/North_Path/Images/33.6Feet/Sorte_5/DJI_0079.JPG,22,83,43,59,[],[],[],[],"[Latitude=39.64731675, Longitude=-82.8153386111111, BrightnessTotal=0.9437544898624592, exposureTime=0.01, xResolution=4000, yResolution=3000, SaturationTotalRed=0.9622769454248365, SaturationTotalGreen=0.9434331725490196, SaturationTotalBlue=0.8784711745098039, time=0.5823263888888889, GreenIndex=11.800949333333334, LAI=5.333333333333334e-06, Utility=95.72808299852329]"
33,68,"[39.647422722222224, -82.81502474999999]",/home/boubin/Images/Photos_01JUN2018/North_Path/Images/33.6Feet/Sorte_5/DJI_0011.JPG,9,1,[],82,[],[],[],[],"[Latitude=39.647422722222224, Longitude=-82.81502474999999, BrightnessTotal=0.9306025101793849, exposureTime=0.01, xResolution=4000, yResolution=3000, SaturationTotalRed=0.9555726921568628, SaturationTotalGreen=0.9283184918300653, SaturationTotalBlue=0.8615361911764706, time=0.5763773148148148, GreenIndex=10.112864, LAI=1.0666666666666667e-05, Utility=82.05970598064296]"
33,69,"[39.64742294444444, -82.8186685]",/home/boubin/Images/Photos_01JUN2018/North_Path/Images/33.6Feet/Sorte_5/DJI_0046.JPG,[],21,[],3,[],[],[],[],"[Latitude=39.64742294444444, Longitude=-82.8186685, BrightnessTotal=0.9407961370079512, exposureTime=0.01, xResolution=4000, yResolution=3000, SaturationTotalRed=0.9386425640522876, SaturationTotalGreen=0.9477190683006536, SaturationTotalBlue=0.8755493620915032, time=0.5794212962962964, GreenIndex=20.772821333333333, LAI=1.0666666666666667e-05, Utility=168.37503811184513]"
33,70,"[39.64731647222222, -82.81575552777778]",/home/boubin/Images/Photos_01JUN2018/North_Path/Images/33.6Feet/Sorte_5/DJI_0075.JPG,7,15,80,59,[],[],[],[],"[Latitude=39.64731647222222, Longitude=-82.81575552777778, BrightnessTotal=0.9344141387355717, exposureTime=0.01, xResolution=4000, yResolution=3000, SaturationTotalRed=0.9564177892156863, SaturationTotalGreen=0.9327527415032679, SaturationTotalBlue=0.8701717715686275, time=0.5819675925925926, GreenIndex=9.959664, LAI=0.0, Utility=80.81852010418334]"
33,71,"[39.64731619444444, -82.81513041666666]",/home/boubin/Images/Photos_01JUN2018/North_Path/Images/33.6Feet/Sorte_5/DJI_0081.JPG,83,82,9,59,[],[],[],[],"[Latitude=39.64731619444444, Longitude=-82.81513041666666, BrightnessTotal=0.9322237869337611, exposureTime=0.01, xResolution=4000, yResolution=3000, SaturationTotalRed=0.9567728147058824, SaturationTotalGreen=0.9301064339869282, SaturationTotalBlue=0.8629946065359477, time=0.5825, GreenIndex=10.360736, LAI=5.333333333333333e-05, Utility=84.06585056855084]"
33,72,"[39.64742322222222, -82.81835686111111]",/home/boubin/Images/Photos_01JUN2018/North_Path/Images/33.6Feet/Sorte_5/DJI_0043.JPG,53,56,[],39,[],[],[],[],"[Latitude=39.64742322222222, Longitude=-82.81835686111111, BrightnessTotal=0.9349234046815229, exposureTime=0.01, xResolution=4000, yResolution=3000, SaturationTotalRed=0.957660443137255, SaturationTotalGreen=0.9328906333333333, SaturationTotalBlue=0.8718685480392157, time=0.5791550925925926, GreenIndex=9.305136, LAI=1.0666666666666667e-05, Utility=75.51919099584373]"
33,73,"[39.64731622222222, -82.81773361111111]",/home/boubin/Images/Photos_01JUN2018/North_Path/Images/33.6Feet/Sorte_5/DJI_0056.JPG,42,58,36,[],[],[],[],[],"[Latitude=39.64731622222222, Longitude=-82.81773361111111, BrightnessTotal=0.9310990386652914, exposureTime=0.01, xResolution=4000, yResolution=3000, SaturationTotalRed=0.9548011111111112, SaturationTotalGreen=0.9286053614379085, SaturationTotalBlue=0.869281016013072, time=0.5802893518518518, GreenIndex=8.468485333333334, LAI=0.0, Utility=68.74433628259801]"
33,74,"[39.64731647222222, -82.81700363888889]",/home/boubin/Images/Photos_01JUN2018/North_Path/Images/33.6Feet/Sorte_5/DJI_0063.JPG,12,8,24,[],[],[],[],[],"[Latitude=39.64731647222222, Longitude=-82.81700363888889, BrightnessTotal=0.9398009765333918, exposureTime=0.01, xResolution=4000, yResolution=3000, SaturationTotalRed=0.9602338029411766, SaturationTotalGreen=0.9388279660130718, SaturationTotalBlue=0.8741894879084967, time=0.5809143518518518, GreenIndex=11.041322666666666, LAI=1.6e-05, Utility=89.5773039175392]"
33,75,"[39.64742211111111, -82.81731297222221]",/home/boubin/Images/Photos_01JUN2018/North_Path/Images/33.6Feet/Sorte_5/DJI_0033.JPG,17,48,[],66,[],[],[],[],"[Latitude=39.64742211111111, Longitude=-82.81731297222221, BrightnessTotal=0.9242531025877908, exposureTime=0.01, xResolution=4000, yResolution=3000, SaturationTotalRed=0.9495013068627451, SaturationTotalGreen=0.921957325490196, SaturationTotalBlue=0.8541931183006536, time=0.578287037037037, GreenIndex=10.273733333333332, LAI=2.1333333333333335e-05, Utility=83.36166804575716]"
33,76,"[39.6474225, -82.81804444444444]",/home/boubin/Images/Photos_01JUN2018/North_Path/Images/33.6Feet/Sorte_5/DJI_0040.JPG,56,64,[],51,[],[],[],[],"[Latitude=39.6474225, Longitude=-82.81804444444444, BrightnessTotal=0.9202644029994193, exposureTime=0.01, xResolution=4000, yResolution=3000, SaturationTotalRed=0.9433487493464052, SaturationTotalGreen=0.9186401081699347, SaturationTotalBlue=0.8513342509803922, time=0.5788888888888889, GreenIndex=10.879914666666666, LAI=5.333333333333334e-06, Utility=88.26972473851322]"
33,77,"[39.64742255555556, -82.81679497222221]",/home/boubin/Images/Photos_01JUN2018/North_Path/Images/33.6Feet/Sorte_5/DJI_0028.JPG,28,25,[],54,[],[],[],[],"[Latitude=39.64742255555556, Longitude=-82.81679497222221, BrightnessTotal=0.9258999275466147, exposureTime=0.01, xResolution=4000, yResolution=3000, SaturationTotalRed=0.9532132049019608, SaturationTotalGreen=0.9229192117647059, SaturationTotalBlue=0.8552129928104576, time=0.5778472222222222, GreenIndex=9.58072, LAI=5.333333333333334e-06, Utility=77.75038138257223]"
33,78,"[39.64742311111111, -82.81595883333333]",/home/boubin/Images/Photos_01JUN2018/North_Path/Images/33.6Feet/Sorte_5/DJI_0020.JPG,19,23,[],85,[],[],[],[],"[Latitude=39.64742311111111, Longitude=-82.81595883333333, BrightnessTotal=0.9181560192346905, exposureTime=0.01, xResolution=4000, yResolution=3000, SaturationTotalRed=0.9451390225490196, SaturationTotalGreen=0.9155864055555556, SaturationTotalBlue=0.8442180735294118, time=0.5771527777777777, GreenIndex=10.67768, LAI=2.6666666666666667e-05, Utility=86.63235915792536]"
33,79,"[39.647315666666664, -82.81460911111111]",/home/boubin/Images/Photos_01JUN2018/North_Path/Images/33.6Feet/Sorte_5/DJI_0086.JPG,31,47,16,35,[],[],[],[],"[Latitude=39.647315666666664, Longitude=-82.81460911111111, BrightnessTotal=0.9278060833309271, exposureTime=0.01, xResolution=4000, yResolution=3000, SaturationTotalRed=0.9517915137254902, SaturationTotalGreen=0.9258985833333333, SaturationTotalBlue=0.8584731973856209, time=0.5829398148148148, GreenIndex=10.619141333333333, LAI=2.1333333333333335e-05, Utility=86.15791189134795]"
33,80,"[39.64742255555556, -82.81575041666666]",/home/boubin/Images/Photos_01JUN2018/North_Path/Images/33.6Feet/Sorte_5/DJI_0018.JPG,23,6,[],70,[],[],[],[],"[Latitude=39.64742255555556, Longitude=-82.81575041666666, BrightnessTotal=0.9201811303438038, exposureTime=0.01, xResolution=4000, yResolution=3000, SaturationTotalRed=0.9467246124183006, SaturationTotalGreen=0.9175993715686275, SaturationTotalBlue=0.8481285617647059, time=0.5769791666666667, GreenIndex=10.312730666666667, LAI=0.0, Utility=83.67744193740985]"
33,81,"[39.64731594444444, -82.81637947222222]",/home/boubin/Images/Photos_01JUN2018/North_Path/Images/33.6Feet/Sorte_5/DJI_0069.JPG,11,14,33,59,[],[],[],[],"[Latitude=39.64731594444444, Longitude=-82.81637947222222, BrightnessTotal=0.9306982906621944, exposureTime=0.01, xResolution=4000, yResolution=3000, SaturationTotalRed=0.9517229617647059, SaturationTotalGreen=0.929771958496732, SaturationTotalBlue=0.8622329535947713, time=0.5814467592592593, GreenIndex=11.642778666666667, LAI=3.2e-05, Utility=94.44684659293378]"
33,82,"[39.64731561111111, -82.81502680555555]",/home/boubin/Images/Photos_01JUN2018/North_Path/Images/33.6Feet/Sorte_5/DJI_0082.JPG,71,4,68,35,[],[],[],[],"[Latitude=39.64731561111111, Longitude=-82.81502680555555, BrightnessTotal=0.9389800161673669, exposureTime=0.01, xResolution=4000, yResolution=3000, SaturationTotalRed=0.960439516013072, SaturationTotalGreen=0.9377854434640523, SaturationTotalBlue=0.8717827290849673, time=0.5825925925925926, GreenIndex=11.082544, LAI=1.0666666666666667e-05, Utility=89.91076191000171]"
33,83,"[39.647317, -82.81523588888889]",/home/boubin/Images/Photos_01JUN2018/North_Path/Images/33.6Feet/Sorte_5/DJI_0080.JPG,67,71,13,59,[],[],[],[],"[Latitude=39.647317, Longitude=-82.81523588888889, BrightnessTotal=0.9380810860167347, exposureTime=0.01, xResolution=4000, yResolution=3000, SaturationTotalRed=0.9590898653594772, SaturationTotalGreen=0.9369796290849672, SaturationTotalBlue=0.8716217264705882, time=0.5824189814814815, GreenIndex=11.098122666666667, LAI=1.0666666666666667e-05, Utility=90.03689248191094]"
33,84,"[39.64742322222222, -82.81616844444444]",/home/boubin/Images/Photos_01JUN2018/North_Path/Images/33.6Feet/Sorte_5/DJI_0022.JPG,44,19,[],32,[],[],[],[],"[Latitude=39.64742322222222, Longitude=-82.81616844444444, BrightnessTotal=0.9267519002147802, exposureTime=0.01, xResolution=4000, yResolution=3000, SaturationTotalRed=0.9523518509803922, SaturationTotalGreen=0.9244307029411765, SaturationTotalBlue=0.855595775490196, time=0.5773263888888889, GreenIndex=10.470714666666666, LAI=1.0666666666666667e-05, Utility=84.95692933537606]"
33,85,"[39.647316527777775, -82.81596355555556]",/home/boubin/Images/Photos_01JUN2018/North_Path/Images/33.6Feet/Sorte_5/DJI_0073.JPG,30,7,78,59,[],[],[],[],"[Latitude=39.647316527777775, Longitude=-82.81596355555556, BrightnessTotal=0.9328272437417608, exposureTime=0.01, xResolution=4000, yResolution=3000, SaturationTotalRed=0.9546703683006535, SaturationTotalGreen=0.9313825513071896, SaturationTotalBlue=0.8668417111111111, time=0.5817939814814815, GreenIndex=10.562090666666666, LAI=5.333333333333334e-06, Utility=85.69640618136825]"
33,86,"[39.64731608333333, -82.81429669444444]",/home/boubin/Images/Photos_01JUN2018/North_Path/Images/33.6Feet/Sorte_5/DJI_0089.JPG,2,37,27,35,[],[],[],[],"[Latitude=39.64731608333333, Longitude=-82.81429669444444, BrightnessTotal=0.9301393015987826, exposureTime=0.01, xResolution=4000, yResolution=3000, SaturationTotalRed=0.9562484062091503, SaturationTotalGreen=0.927500691503268, SaturationTotalBlue=0.8604727735294118, time=0.5832060185185185, GreenIndex=9.782010666666666, LAI=4.8e-05, Utility=79.37960474552496]"
33,87,"[39.64742347222222, -82.81544147222222]",/home/boubin/Images/Photos_01JUN2018/North_Path/Images/33.6Feet/Sorte_5/DJI_0015.JPG,20,43,[],22,[],[],[],[],"[Latitude=39.64742347222222, Longitude=-82.81544147222222, BrightnessTotal=0.941974179894202, exposureTime=0.01, xResolution=4000, yResolution=3000, SaturationTotalRed=0.9639418826797386, SaturationTotalGreen=0.9403825421568628, SaturationTotalBlue=0.8771391405228758, time=0.5767129629629629, GreenIndex=10.16792, LAI=0.0, Utility=82.50601722142335]"
33,88,"[39.64742347222222, -82.81783227777777]",/home/boubin/Images/Photos_01JUN2018/North_Path/Images/33.6Feet/Sorte_5/DJI_0038.JPG,64,36,[],42,[],[],[],[],"[Latitude=39.64742347222222, Longitude=-82.81783227777777, BrightnessTotal=0.9260551306167938, exposureTime=0.01, xResolution=4000, yResolution=3000, SaturationTotalRed=0.9503270617647059, SaturationTotalGreen=0.9237950833333334, SaturationTotalBlue=0.8594478784313726, time=0.5787152777777778, GreenIndex=9.671456, LAI=5.333333333333334e-06, Utility=78.48496704339938]"
33,89,"[39.64731641666667, -82.81658794444444]",/home/boubin/Images/Photos_01JUN2018/North_Path/Images/33.6Feet/Sorte_5/DJI_0067.JPG,49,11,90,[],[],[],[],[],"[Latitude=39.64731641666667, Longitude=-82.81658794444444, BrightnessTotal=0.9349096639513713, exposureTime=0.01, xResolution=4000, yResolution=3000, SaturationTotalRed=0.9563619274509804, SaturationTotalGreen=0.9338623892156862, SaturationTotalBlue=0.8661129882352941, time=0.5812615740740741, GreenIndex=11.585653333333333, LAI=3.733333333333333e-05, Utility=93.98452767731665]"
33,90,"[39.64742341666667, -82.81658608333333]",/home/boubin/Images/Photos_01JUN2018/North_Path/Images/33.6Feet/Sorte_5/DJI_0026.JPG,25,62,[],89,[],[],[],[],"[Latitude=39.64742341666667, Longitude=-82.81658608333333, BrightnessTotal=0.9389533168665721, exposureTime=0.01, xResolution=4000, yResolution=3000, SaturationTotalRed=0.9609614627450981, SaturationTotalGreen=0.9374688366013072, SaturationTotalBlue=0.8727810274509803, time=0.5776736111111112, GreenIndex=10.542714666666667, LAI=5.333333333333334e-06, Utility=85.54047988438738]"
